ticker,date,open,high,low,close,adj_close,volume
AAPL,2026-05-12 04:00:00,292.55999755859375,295.2699890136719,292.55999755859375,294.79998779296875,294.54595947265625,45748100
AAPL,2026-05-13 04:00:00,293.5,300.9200134277344,293.5,298.8699951171875,298.6124572753906,52684300
AAPL,2026-05-14 04:00:00,299.82000732421875,300.45001220703125,295.3800048828125,298.2099914550781,297.9530334472656,35324900
AAPL,2026-05-15 04:00:00,297.8999938964844,303.20001220703125,296.5199890136719,300.2300109863281,299.9713134765625,54862800
AAPL,2026-05-18 04:00:00,300.239990234375,300.6600036621094,294.9100036621094,297.8399963378906,297.5833435058594,34483000
AAPL,2026-05-19 04:00:00,296.9700012207031,300.510009765625,296.3500061035156,298.9700012207031,298.7123718261719,42243600
AAPL,2026-05-20 04:00:00,298.17999267578125,302.79998779296875,298.0799865722656,302.25,301.98956298828125,38229800
AAPL,2026-05-21 04:00:00,301.05999755859375,305.5400085449219,300.3999938964844,304.989990234375,304.7271728515625,42965100
AAPL,2026-05-22 04:00:00,306.1199951171875,311.3999938964844,305.8399963378906,308.82000732421875,308.55389404296875,43670200
AAPL,2026-05-26 04:00:00,309.55999755859375,311.82000732421875,307.6700134277344,308.3299865722656,308.0643005371094,48000500
AAPL,2026-05-27 04:00:00,308.3299865722656,313.260009765625,308.29998779296875,310.8500061035156,310.5821533203125,50430900
AAPL,2026-05-28 04:00:00,310.67999267578125,312.79998779296875,309.57000732421875,312.510009765625,312.24072265625,48220400
AAPL,2026-05-29 04:00:00,311.7799987792969,315.0,309.5299987792969,312.05999755859375,311.7911071777344,70026800
AAPL,2026-06-01 04:00:00,309.6300048828125,310.94000244140625,305.0199890136719,306.30999755859375,306.0460510253906,48849900
AAPL,2026-06-02 04:00:00,307.4599914550781,315.45001220703125,306.69000244140625,315.20001220703125,314.92840576171875,44534700
AAPL,2026-06-03 04:00:00,314.17999267578125,316.94000244140625,308.8500061035156,310.260009765625,309.9926452636719,50836700
AAPL,2026-06-04 04:00:00,313.2300109863281,313.5400085449219,309.6499938964844,311.2300109863281,310.9618225097656,44869100
AAPL,2026-06-05 04:00:00,312.8599853515625,315.1700134277344,307.1499938964844,307.3399963378906,307.0751647949219,65310500
AAPL,2026-06-08 04:00:00,308.739990234375,317.3999938964844,301.1700134277344,301.5400085449219,301.2801818847656,77949100
AAPL,2026-06-09 04:00:00,300.2799987792969,300.75,287.7799987792969,290.54998779296875,290.29962158203125,70108800
AAPL,2026-06-10 04:00:00,290.739990234375,294.75,287.3800048828125,291.5799865722656,291.3287353515625,52793300
AAPL,2026-06-11 04:00:00,293.7200012207031,297.0,289.5899963378906,295.6300048828125,295.375244140625,42572500
AAPL,2026-06-12 04:00:00,296.0299987792969,297.1400146484375,289.6199951171875,291.1300048828125,290.879150390625,38742100
AAPL,2026-06-15 04:00:00,294.1199951171875,297.7799987792969,291.70001220703125,296.4200134277344,296.1645812988281,45732600
AAPL,2026-06-16 04:00:00,295.25,300.4800109863281,293.9700012207031,299.239990234375,298.9821472167969,39874400
AAPL,2026-06-17 04:00:00,300.8500061035156,302.07000732421875,294.3599853515625,295.95001220703125,295.6949768066406,42745100
AAPL,2026-06-18 04:00:00,298.1099853515625,300.57000732421875,295.6199951171875,298.010009765625,297.7532043457031,85962200
AAPL,2026-06-22 04:00:00,297.30999755859375,302.4200134277344,296.760009765625,297.010009765625,296.75408935546875,44879900
AAPL,2026-06-23 04:00:00,297.5400085449219,301.6400146484375,294.17999267578125,294.29998779296875,294.04638671875,52010900
AAPL,2026-06-24 04:00:00,295.3599853515625,299.70001220703125,292.94000244140625,293.0799865722656,292.8274230957031,53081900
AAPL,2026-06-25 04:00:00,287.3999938964844,288.79998779296875,273.75,275.1499938964844,274.91290283203125,107013700
AAPL,2026-06-26 04:00:00,275.0,285.95001220703125,274.2099914550781,283.7799987792969,283.53546142578125,261775500
AAPL,2026-06-29 04:00:00,286.7300109863281,288.3699951171875,279.8500061035156,281.739990234375,281.4972229003906,66427000
AAPL,2026-06-30 04:00:00,281.1700134277344,289.94000244140625,280.70001220703125,289.3599853515625,289.11065673828125,65100200
AAPL,2026-07-01 04:00:00,293.44000244140625,296.5899963378906,289.20001220703125,294.3800048828125,294.1263427734375,50164200
AAPL,2026-07-02 04:00:00,294.1199951171875,309.4200134277344,293.67999267578125,308.6300048828125,308.3640441894531,75352800
AAPL,2026-07-06 04:00:00,307.3599853515625,314.20001220703125,307.0,312.6600036621094,312.3905944824219,53590000
AAPL,2026-07-07 04:00:00,315.2900085449219,315.4800109863281,310.1499938964844,310.6600036621094,310.3923034667969,42490000
AAPL,2026-07-08 04:00:00,311.9100036621094,314.82000732421875,307.04998779296875,313.3900146484375,313.1199645996094,41323500
AAPL,2026-07-09 04:00:00,310.510009765625,316.5299987792969,308.1600036621094,316.2200012207031,315.947509765625,48124500
AAPL,2026-07-10 04:00:00,314.7200012207031,316.9100036621094,312.1700134277344,315.32000732421875,315.0483093261719,34132300
AAPL,2026-07-13 04:00:00,317.0199890136719,323.45001220703125,315.7799987792969,317.30999755859375,317.03656005859375,43257800
AAPL,2026-07-14 04:00:00,313.760009765625,316.19000244140625,311.9100036621094,314.8599853515625,314.58868408203125,36336800
AAPL,2026-07-15 04:00:00,317.6199951171875,328.7300109863281,317.32000732421875,327.5,327.2178039550781,60957600
AAPL,2026-07-16 04:00:00,328.010009765625,334.67999267578125,326.7900085449219,333.260009765625,332.97283935546875,62970600
AAPL,2026-07-17 04:00:00,331.9800109863281,334.989990234375,329.0,333.739990234375,333.452392578125,63407100
AAPL,2026-07-20 04:00:00,333.510009765625,333.7099914550781,323.67999267578125,326.5899963378906,326.3085632324219,53468000
AAPL,2026-07-21 04:00:00,323.1300048828125,329.6000061035156,322.2200012207031,327.739990234375,327.45758056640625,41338900
AAPL,2026-07-22 04:00:00,327.8699951171875,329.0,323.3399963378906,325.8900146484375,325.60919189453125,38755900
AAPL,2026-07-23 04:00:00,321.7300109863281,323.29998779296875,319.3500061035156,321.6600036621094,321.3828430175781,40840800
AAPL,2026-07-24 04:00:00,321.7900085449219,334.3699951171875,321.6199951171875,333.0199890136719,332.7330322265625,47489400
AAPL,2026-07-27 04:00:00,334.5400085449219,339.57000732421875,334.0199890136719,336.9100036621094,336.61968994140625,49604300
AAPL,2026-07-28 04:00:00,340.0299987792969,342.8900146484375,335.6000061035156,340.0799865722656,339.78692626953125,51859000
AAPL,2026-07-29 04:00:00,339.7300109863281,344.57000732421875,337.3500061035156,338.19000244140625,337.8985900878906,56090800
AAPL,2026-07-30 04:00:00,333.1000061035156,334.75,329.5899963378906,333.42999267578125,333.1426696777344,74817800
AAPL,2026-07-31 04:00:00,304.80999755859375,310.69000244140625,300.0,308.9100036621094,308.6438293457031,132489100
AAPL,2026-08-03 04:00:00,309.5799865722656,311.79998779296875,302.55999755859375,303.4200134277344,303.1585693359375,75052000
AAPL,2026-08-04 04:00:00,302.7300109863281,310.4200134277344,301.32000732421875,309.3800048828125,309.1134033203125,68001000
AAPL,2026-08-05 04:00:00,309.3599853515625,311.7099914550781,305.6700134277344,311.0,310.7320251464844,49438800
AAPL,2026-08-06 04:00:00,314.3399963378906,316.2900085449219,309.2300109863281,312.4100036621094,312.14080810546875,46139900
AAPL,2026-08-07 04:00:00,311.45001220703125,314.80999755859375,310.739990234375,313.3299865722656,313.05999755859375,34437200
AAPL,2026-08-10 04:00:00,306.8299865722656,308.260009765625,304.6099853515625,308.260009765625,308.260009765625,44812500
AAPL,2026-08-11 04:00:00,307.75,309.9700012207031,302.7900085449219,304.9100036621094,304.9100036621094,37476700
AAPL,2026-08-12 04:00:00,305.1000061035156,305.6600036621094,300.57000732421875,302.25,302.25,41657800
AAPL,2026-08-13 04:00:00,304.2099914550781,306.0,302.04998779296875,305.260009765625,305.260009765625,40349300
AAPL,2026-08-14 04:00:00,306.0,307.489990234375,304.29998779296875,305.92999267578125,305.92999267578125,28229400
AAPL,2026-08-17 04:00:00,306.2099914550781,307.6600036621094,302.94000244140625,305.5899963378906,305.5899963378906,38169300
AAPL,2026-08-18 04:00:00,307.5799865722656,311.489990234375,305.739990234375,310.0299987792969,310.0299987792969,53424500
AAPL,2026-08-19 04:00:00,310.1400146484375,319.2799987792969,309.6000061035156,316.8299865722656,316.8299865722656,50505600
AAPL,2026-08-20 04:00:00,317.4599914550781,320.2799987792969,310.6499938964844,311.29998779296875,311.29998779296875,40959200
AAPL,2026-08-21 04:00:00,312.04998779296875,312.3800048828125,307.010009765625,309.3500061035156,309.3500061035156,46876800
AAPL,2026-08-24 04:00:00,311.4700012207031,313.3599853515625,309.9700012207031,310.3399963378906,310.3399963378906,34673600
AAPL,2026-08-25 04:00:00,310.7900085449219,313.5899963378906,308.2099914550781,309.8999938964844,309.8999938964844,25869800
AAPL,2026-08-26 04:00:00,310.29998779296875,315.42999267578125,308.79998779296875,313.45001220703125,313.45001220703125,34024500
AAPL,2026-08-27 04:00:00,310.54998779296875,315.3999938964844,309.3999938964844,314.5799865722656,314.5799865722656,32419200
AAPL,2026-08-28 04:00:00,316.8500061035156,322.3699951171875,315.45001220703125,319.70001220703125,319.70001220703125,38649400
AAPL,2026-08-31 04:00:00,319.6000061035156,321.239990234375,312.79998779296875,316.8500061035156,316.8500061035156,41242700
AAPL,2026-09-01 04:00:00,316.9800109863281,327.29998779296875,314.7300109863281,325.1300048828125,325.1300048828125,53167400
AAPL,2026-09-02 04:00:00,326.8699951171875,328.3999938964844,323.5299987792969,324.9599914550781,324.9599914550781,33776400
AAPL,2026-09-03 04:00:00,324.8699951171875,330.80999755859375,324.1099853515625,328.2099914550781,328.2099914550781,37225800
AAPL,2026-09-04 04:00:00,328.30999755859375,328.92999267578125,317.8599853515625,319.9700012207031,319.9700012207031,39606900
AAPL,2026-09-08 04:00:00,317.1000061035156,320.70001220703125,314.8999938964844,316.2200012207031,316.2200012207031,35477100
AAPL,2026-09-09 04:00:00,315.489990234375,319.1499938964844,309.8999938964844,315.3399963378906,315.3399963378906,65640000
AAPL,2026-09-10 04:00:00,316.6700134277344,326.739990234375,316.510009765625,326.57000732421875,326.57000732421875,70011900
AAPL,2026-09-11 04:00:00,327.45001220703125,336.2200012207031,326.29998779296875,332.2699890136719,332.2699890136719,50716900
AAPL,2026-09-14 04:00:00,334.7900085449219,335.5,331.3399963378906,333.0799865722656,333.0799865722656,39269100
AAPL,2026-09-15 04:00:00,330.1400146484375,331.7799987792969,328.3500061035156,331.3399963378906,331.3399963378906,31748200
AAPL,2026-09-16 04:00:00,332.5299987792969,335.4800109863281,330.70001220703125,332.4100036621094,332.4100036621094,35981000
AAPL,2026-09-17 04:00:00,334.7699890136719,338.3399963378906,330.17999267578125,337.0,337.0,36700200
AAPL,2026-09-18 04:00:00,337.9100036621094,338.489990234375,332.5299987792969,336.1300048828125,336.1300048828125,86588200
AAPL,2026-09-21 04:00:00,335.2799987792969,339.6400146484375,333.04998779296875,338.9800109863281,338.9800109863281,34999200
AAPL,2026-09-22 04:00:00,340.1400146484375,345.3399963378906,338.75,339.75,339.75,40711800
AAPL,2026-09-23 04:00:00,341.0799865722656,341.79998779296875,335.5,337.0199890136719,337.0199890136719,31658800
AAPL,2026-09-24 04:00:00,336.7200012207031,338.9100036621094,334.29998779296875,335.9200134277344,335.9200134277344,24733100
AAPL,2026-09-25 04:00:00,336.0400085449219,341.6700134277344,334.5299987792969,341.07000732421875,341.07000732421875,30002500
AAPL,2026-09-28 04:00:00,340.3699951171875,342.989990234375,338.0400085449219,338.3999938964844,338.3999938964844,32820800
AAPL,2026-09-29 04:00:00,336.9700012207031,337.0899963378906,328.70001220703125,329.3999938964844,329.3999938964844,38478000
AAPL,2026-09-30 04:00:00,330.79998779296875,339.5,330.1400146484375,333.0199890136719,333.0199890136719,49988600
AAPL,2026-10-01 04:00:00,330.0,332.4800109863281,325.80999755859375,330.32000732421875,330.32000732421875,36306300
AAPL,2026-10-02 04:00:00,333.260009765625,334.5400085449219,330.6099853515625,333.69000244140625,333.69000244140625,33245500
AMZN,2026-05-12 04:00:00,266.7099914550781,267.6499938964844,262.6300048828125,265.82000732421875,265.82000732421875,36776200
AMZN,2026-05-13 04:00:00,264.42999267578125,270.7200012207031,263.20001220703125,270.1300048828125,270.1300048828125,39670900
AMZN,2026-05-14 04:00:00,269.1499938964844,270.7799987792969,266.6300048828125,267.2200012207031,267.2200012207031,31338400
AMZN,2026-05-15 04:00:00,262.5,264.3599853515625,260.8900146484375,264.1400146484375,264.1400146484375,40770300
AMZN,2026-05-18 04:00:00,263.8699951171875,268.8500061035156,262.5299987792969,264.8599853515625,264.8599853515625,33690800
AMZN,2026-05-19 04:00:00,262.0400085449219,262.25,255.19000244140625,259.3399963378906,259.3399963378906,40340700
AMZN,2026-05-20 04:00:00,260.04998779296875,265.5799865722656,259.5299987792969,265.010009765625,265.010009765625,34933200
AMZN,2026-05-21 04:00:00,263.5,269.489990234375,261.3699951171875,268.4599914550781,268.4599914550781,36591700
AMZN,2026-05-22 04:00:00,268.6600036621094,269.7900085449219,266.239990234375,266.32000732421875,266.32000732421875,27535500
AMZN,2026-05-26 04:00:00,267.94000244140625,269.29998779296875,262.07000732421875,265.2900085449219,265.2900085449219,38028100
AMZN,2026-05-27 04:00:00,266.1499938964844,272.4100036621094,265.70001220703125,271.8500061035156,271.8500061035156,40061900
AMZN,2026-05-28 04:00:00,272.2699890136719,274.5,267.44000244140625,274.0,274.0,40630400
AMZN,2026-05-29 04:00:00,271.2900085449219,274.75,269.6400146484375,270.6400146484375,270.6400146484375,54749600
AMZN,2026-06-01 04:00:00,266.2900085449219,266.6300048828125,260.70001220703125,261.260009765625,261.260009765625,53604400
AMZN,2026-06-02 04:00:00,257.1600036621094,261.20001220703125,254.3699951171875,256.5199890136719,256.5199890136719,41811000
AMZN,2026-06-03 04:00:00,254.6999969482422,257.0899963378906,247.7100067138672,250.02000427246097,250.02000427246097,51394200
AMZN,2026-06-04 04:00:00,253.1199951171875,255.8300018310547,251.75,253.7899932861328,253.7899932861328,35609800
AMZN,2026-06-05 04:00:00,254.2599945068359,256.3800048828125,245.77999877929688,246.02999877929688,246.02999877929688,55607800
AMZN,2026-06-08 04:00:00,246.67999267578125,249.4199981689453,243.36000061035156,245.22000122070312,245.22000122070312,33899500
AMZN,2026-06-09 04:00:00,247.72999572753903,250.42999267578125,240.3999938964844,244.19000244140625,244.19000244140625,44425400
AMZN,2026-06-10 04:00:00,243.61000061035156,244.07000732421875,237.4499969482422,238.0,238.0,38590200
AMZN,2026-06-11 04:00:00,237.92999267578125,242.13999938964844,235.17999267578125,241.5099945068359,241.5099945068359,41335400
AMZN,2026-06-12 04:00:00,243.2100067138672,243.36000061035156,233.58999633789065,238.5500030517578,238.5500030517578,51186600
AMZN,2026-06-15 04:00:00,245.02000427246097,247.80999755859375,244.72999572753903,246.02000427246097,246.02000427246097,41711600
AMZN,2026-06-16 04:00:00,248.0,249.5099945068359,245.4499969482422,246.0,246.0,35187400
AMZN,2026-06-17 04:00:00,244.8999938964844,245.91000366210935,236.0,237.5,237.5,44780800
AMZN,2026-06-18 04:00:00,240.1199951171875,245.72999572753903,236.02000427246097,244.38999938964844,244.38999938964844,75624400
AMZN,2026-06-22 04:00:00,240.0800018310547,242.0,232.2400054931641,232.7899932861328,232.7899932861328,68388500
AMZN,2026-06-23 04:00:00,232.5500030517578,236.8699951171875,232.0,234.11000061035156,234.11000061035156,60492600
AMZN,2026-06-24 04:00:00,233.8500061035156,242.4199981689453,232.9499969482422,234.27000427246097,234.27000427246097,70282600
AMZN,2026-06-25 04:00:00,232.02000427246097,232.32000732421875,225.5500030517578,227.0099945068359,227.0099945068359,77674100
AMZN,2026-06-26 04:00:00,227.2100067138672,233.8999938964844,226.1300048828125,232.69000244140625,232.69000244140625,248372100
AMZN,2026-06-29 04:00:00,234.22000122070312,249.7100067138672,233.8000030517578,240.13999938964844,240.13999938964844,77619200
AMZN,2026-06-30 04:00:00,237.3500061035156,241.5399932861328,237.1699981689453,238.33999633789065,238.33999633789065,66228300
AMZN,2026-07-01 04:00:00,239.75,244.8999938964844,234.8999938964844,241.6999969482422,241.6999969482422,53829900
AMZN,2026-07-02 04:00:00,241.61000061035156,246.72000122070312,241.0800018310547,242.6699981689453,242.6699981689453,48246400
AMZN,2026-07-06 04:00:00,243.8000030517578,246.0399932861328,240.8800048828125,244.16000366210935,244.16000366210935,40044000
AMZN,2026-07-07 04:00:00,246.97999572753903,248.92999267578125,242.6999969482422,245.97999572753903,245.97999572753903,40579600
AMZN,2026-07-08 04:00:00,244.27000427246097,244.8000030517578,240.52000427246097,243.6199951171875,243.6199951171875,29653000
AMZN,2026-07-09 04:00:00,239.82000732421875,247.5,238.25,247.0399932861328,247.0399932861328,38091700
AMZN,2026-07-10 04:00:00,249.5500030517578,251.02999877929688,244.41000366210935,245.33999633789065,245.33999633789065,31654000
AMZN,2026-07-13 04:00:00,244.67999267578125,249.6499938964844,244.17999267578125,247.30999755859375,247.30999755859375,34636100
AMZN,2026-07-14 04:00:00,245.5500030517578,248.55999755859375,243.8000030517578,247.4900054931641,247.4900054931641,30108100
AMZN,2026-07-15 04:00:00,249.75,256.4800109863281,249.75,254.9600067138672,254.9600067138672,45240600
AMZN,2026-07-16 04:00:00,255.1199951171875,258.0799865722656,248.0,249.88999938964844,249.88999938964844,45343700
AMZN,2026-07-17 04:00:00,244.4600067138672,250.2400054931641,243.58999633789065,247.22999572753903,247.22999572753903,43572400
AMZN,2026-07-20 04:00:00,248.7599945068359,252.88999938964844,248.0,249.9900054931641,249.9900054931641,32406500
AMZN,2026-07-21 04:00:00,249.11000061035156,249.33999633789065,246.4199981689453,247.5500030517578,247.5500030517578,27732100
AMZN,2026-07-22 04:00:00,248.27000427246097,248.4499969482422,242.4499969482422,244.8500061035156,244.8500061035156,34112700
AMZN,2026-07-23 04:00:00,236.2599945068359,238.3500061035156,232.0500030517578,233.66000366210935,233.66000366210935,47465300
AMZN,2026-07-24 04:00:00,234.3800048828125,234.9499969482422,231.33999633789065,232.11000061035156,232.11000061035156,35017400
AMZN,2026-07-27 04:00:00,235.6699981689453,235.88999938964844,230.9900054931641,231.38999938964844,231.38999938964844,34999500
AMZN,2026-07-28 04:00:00,232.8500061035156,233.11000061035156,228.1000061035156,230.86000061035156,230.86000061035156,44521600
AMZN,2026-07-29 04:00:00,229.32000732421875,232.82000732421875,226.16000366210935,226.6499938964844,226.6499938964844,44957500
AMZN,2026-07-30 04:00:00,233.3500061035156,239.82000732421875,231.05999755859375,235.5,235.5,101839800
AMZN,2026-07-31 04:00:00,265.0,273.2300109863281,262.010009765625,271.5799865722656,271.5799865722656,129054800
AMZN,2026-08-03 04:00:00,278.2900085449219,287.20001220703125,278.0,284.0199890136719,284.0199890136719,90830200
AMZN,2026-08-04 04:00:00,276.05999755859375,281.07000732421875,275.82000732421875,277.4200134277344,277.4200134277344,69748100
AMZN,2026-08-05 04:00:00,281.5899963378906,282.7900085449219,270.7300109863281,272.6499938964844,272.6499938964844,45119800
AMZN,2026-08-06 04:00:00,272.7699890136719,275.4800109863281,271.05999755859375,272.260009765625,272.260009765625,30672900
AMZN,2026-08-07 04:00:00,272.8699951171875,278.30999755859375,272.75,274.4800109863281,274.4800109863281,33861400
AMZN,2026-08-10 04:00:00,274.010009765625,280.1400146484375,273.6000061035156,278.0899963378906,278.0899963378906,35731900
AMZN,2026-08-11 04:00:00,278.69000244140625,278.8399963378906,271.3599853515625,272.2699890136719,272.2699890136719,31895700
AMZN,2026-08-12 04:00:00,273.17999267578125,273.4599914550781,267.1000061035156,267.2799987792969,267.2799987792969,29941100
AMZN,2026-08-13 04:00:00,267.239990234375,269.5799865722656,264.7099914550781,265.1300048828125,265.1300048828125,32170200
AMZN,2026-08-14 04:00:00,264.8800048828125,265.80999755859375,262.4200134277344,262.6499938964844,262.6499938964844,27251700
AMZN,2026-08-17 04:00:00,265.44000244140625,265.75,258.3399963378906,261.30999755859375,261.30999755859375,43896500
AMZN,2026-08-18 04:00:00,260.6300048828125,262.17999267578125,257.7300109863281,259.45001220703125,259.45001220703125,33171300
AMZN,2026-08-19 04:00:00,260.8500061035156,266.3999938964844,258.5799865722656,265.8399963378906,265.8399963378906,35762400
AMZN,2026-08-20 04:00:00,263.1600036621094,263.8399963378906,259.5199890136719,260.1099853515625,260.1099853515625,28374100
AMZN,2026-08-21 04:00:00,260.739990234375,261.0899963378906,257.0400085449219,258.6300048828125,258.6300048828125,35723000
AMZN,2026-08-24 04:00:00,259.6000061035156,263.32000732421875,259.04998779296875,262.07000732421875,262.07000732421875,28070500
AMZN,2026-08-25 04:00:00,262.510009765625,263.8900146484375,259.8299865722656,261.05999755859375,261.05999755859375,25550200
AMZN,2026-08-26 04:00:00,261.2799987792969,262.04998779296875,258.239990234375,260.2799987792969,260.2799987792969,21528400
AMZN,2026-08-27 04:00:00,259.2300109863281,259.6600036621094,255.02000427246097,256.260009765625,256.260009765625,35927800
AMZN,2026-08-28 04:00:00,258.32000732421875,267.55999755859375,257.7799987792969,266.42999267578125,266.42999267578125,49547400
AMZN,2026-08-31 04:00:00,263.8299865722656,264.3599853515625,257.1199951171875,259.7699890136719,259.7699890136719,46089400
AMZN,2026-09-01 04:00:00,254.8300018310547,255.82000732421875,251.92999267578125,254.9199981689453,254.9199981689453,31700100
AMZN,2026-09-02 04:00:00,254.2599945068359,256.239990234375,253.3999938964844,254.97999572753903,254.97999572753903,24013300
AMZN,2026-09-03 04:00:00,256.20001220703125,259.5,256.0,258.8999938964844,258.8999938964844,26891500
AMZN,2026-09-04 04:00:00,259.07000732421875,261.1199951171875,255.2899932861328,258.510009765625,258.510009765625,30749900
AMZN,2026-09-08 04:00:00,256.67999267578125,257.989990234375,254.75,256.9700012207031,256.9700012207031,29398000
AMZN,2026-09-09 04:00:00,253.1199951171875,254.69000244140625,250.6499938964844,252.3999938964844,252.3999938964844,33055500
AMZN,2026-09-10 04:00:00,250.11000061035156,253.1499938964844,249.5800018310547,251.88999938964844,251.88999938964844,25484800
AMZN,2026-09-11 04:00:00,254.08999633789065,257.5899963378906,253.13999938964844,256.7799987792969,256.7799987792969,26724100
AMZN,2026-09-14 04:00:00,253.1499938964844,255.9499969482422,250.7400054931641,253.5399932861328,253.5399932861328,34352800
AMZN,2026-09-15 04:00:00,252.2400054931641,253.27000427246097,247.22000122070312,248.4199981689453,248.4199981689453,36275400
AMZN,2026-09-16 04:00:00,248.1000061035156,249.2599945068359,244.3000030517578,245.9600067138672,245.9600067138672,33488500
AMZN,2026-09-17 04:00:00,251.07000732421875,252.72999572753903,249.2400054931641,251.19000244140625,251.19000244140625,30438800
AMZN,2026-09-18 04:00:00,252.9199981689453,255.42999267578125,251.8800048828125,253.7100067138672,253.7100067138672,52274700
AMZN,2026-09-21 04:00:00,256.3999938964844,259.489990234375,253.6000061035156,258.45001220703125,258.45001220703125,42979400
AMZN,2026-09-22 04:00:00,255.11000061035156,259.0,253.77999877929688,254.97999572753903,254.97999572753903,41982600
AMZN,2026-09-23 04:00:00,253.0,253.9900054931641,247.7599945068359,249.27000427246097,249.27000427246097,44209200
AMZN,2026-09-24 04:00:00,246.02000427246097,250.42999267578125,245.6000061035156,249.3800048828125,249.3800048828125,33040100
AMZN,2026-09-25 04:00:00,248.55999755859375,250.8800048828125,247.17999267578125,249.6699981689453,249.6699981689453,34263900
AMZN,2026-09-28 04:00:00,246.6300048828125,247.77000427246097,244.72999572753903,246.1499938964844,246.1499938964844,32596700
AMZN,2026-09-29 04:00:00,246.7100067138672,248.83999633789065,245.13999938964844,246.6699981689453,246.6699981689453,33730400
AMZN,2026-09-30 04:00:00,246.7899932861328,252.44000244140625,246.0800018310547,249.1499938964844,249.1499938964844,41913100
AMZN,2026-10-01 04:00:00,251.61000061035156,251.8300018310547,246.1199951171875,248.22999572753903,248.22999572753903,33243900
AMZN,2026-10-02 04:00:00,251.5099945068359,253.55999755859375,250.02000427246097,251.52000427246097,251.52000427246097,33393100
BRK-B,2026-05-12 04:00:00,481.6799926757813,489.4200134277344,478.8999938964844,484.9599914550781,484.9599914550781,5622300
BRK-B,2026-05-13 04:00:00,482.4700012207031,487.1400146484375,480.80999755859375,485.5199890136719,485.5199890136719,4432500
BRK-B,2026-05-14 04:00:00,487.1000061035156,487.1000061035156,481.5,484.05999755859375,484.05999755859375,3375100
BRK-B,2026-05-15 04:00:00,486.7000122070313,488.2999877929687,481.760009765625,482.7000122070313,482.7000122070313,4680300
BRK-B,2026-05-18 04:00:00,481.1300048828125,489.3599853515625,481.0,488.3800048828125,488.3800048828125,5030700
BRK-B,2026-05-19 04:00:00,487.0,488.1300048828125,480.1099853515625,480.4599914550781,480.4599914550781,5599900
BRK-B,2026-05-20 04:00:00,482.0,482.7200012207031,477.6199951171875,480.8999938964844,480.8999938964844,4647500
BRK-B,2026-05-21 04:00:00,479.989990234375,480.5,475.5,479.9800109863281,479.9800109863281,3294000
BRK-B,2026-05-22 04:00:00,479.6499938964844,487.19000244140625,479.489990234375,486.3800048828125,486.3800048828125,4338200
BRK-B,2026-05-26 04:00:00,485.5,487.7799987792969,483.2099914550781,483.6199951171875,483.6199951171875,4348600
BRK-B,2026-05-27 04:00:00,482.6700134277344,486.25,479.0199890136719,479.9200134277344,479.9200134277344,4152500
BRK-B,2026-05-28 04:00:00,479.3599853515625,481.80999755859375,477.0,477.4200134277344,477.4200134277344,4120000
BRK-B,2026-05-29 04:00:00,476.9100036621094,477.2900085449219,472.2699890136719,474.4800109863281,474.4800109863281,7902300
BRK-B,2026-06-01 04:00:00,473.0499877929687,473.3900146484375,467.9599914550781,470.2900085449219,470.2900085449219,6203600
BRK-B,2026-06-02 04:00:00,470.0,473.8800048828125,468.2099914550781,471.510009765625,471.510009765625,4704700
BRK-B,2026-06-03 04:00:00,470.8900146484375,480.5899963378906,470.4100036621094,475.3699951171875,475.3699951171875,6586300
BRK-B,2026-06-04 04:00:00,481.6000061035156,482.94000244140625,474.6499938964844,478.6300048828125,478.6300048828125,5276000
BRK-B,2026-06-05 04:00:00,480.989990234375,491.0,479.3500061035156,488.1300048828125,488.1300048828125,8475800
BRK-B,2026-06-08 04:00:00,486.1300048828125,490.760009765625,484.9200134277344,487.0,487.0,5188400
BRK-B,2026-06-09 04:00:00,486.44000244140625,490.7900085449219,484.6000061035156,487.7699890136719,487.7699890136719,4912200
BRK-B,2026-06-10 04:00:00,488.1300048828125,490.2999877929687,483.1099853515625,483.6799926757813,483.6799926757813,5062700
BRK-B,2026-06-11 04:00:00,482.8800048828125,486.4700012207031,481.05999755859375,485.7900085449219,485.7900085449219,5664300
BRK-B,2026-06-12 04:00:00,486.6700134277344,489.989990234375,484.510009765625,489.25,489.25,4591300
BRK-B,2026-06-15 04:00:00,487.55999755859375,497.1099853515625,487.55999755859375,495.5199890136719,495.5199890136719,6253600
BRK-B,2026-06-16 04:00:00,497.0,499.7900085449219,492.4299926757813,494.9500122070313,494.9500122070313,4345900
BRK-B,2026-06-17 04:00:00,493.239990234375,494.7699890136719,487.8999938964844,491.2799987792969,491.2799987792969,5412000
BRK-B,2026-06-18 04:00:00,492.75,493.5700073242187,485.7699890136719,489.4599914550781,489.4599914550781,8882300
BRK-B,2026-06-22 04:00:00,488.75,492.4800109863281,487.3599853515625,488.69000244140625,488.69000244140625,6076300
BRK-B,2026-06-23 04:00:00,490.9200134277344,494.3399963378906,490.0,492.80999755859375,492.80999755859375,4428100
BRK-B,2026-06-24 04:00:00,492.989990234375,498.5,491.5,494.80999755859375,494.80999755859375,4707800
BRK-B,2026-06-25 04:00:00,493.0799865722656,496.0,486.5,487.80999755859375,487.80999755859375,7054100
BRK-B,2026-06-26 04:00:00,490.239990234375,498.6600036621094,489.2799987792969,498.6600036621094,498.6600036621094,7250800
BRK-B,2026-06-29 04:00:00,497.7900085449219,500.0199890136719,495.0,496.0,496.0,5200700
BRK-B,2026-06-30 04:00:00,496.5,500.5799865722656,494.7900085449219,500.3900146484375,500.3900146484375,5910500
BRK-B,2026-07-01 04:00:00,501.8299865722656,503.8299865722656,499.0799865722656,499.739990234375,499.739990234375,4101300
BRK-B,2026-07-02 04:00:00,502.2000122070313,507.9299926757813,500.3299865722656,507.7799987792969,507.7799987792969,4386500
BRK-B,2026-07-06 04:00:00,506.5,508.0,504.1000061035156,506.5799865722656,506.5799865722656,4126100
BRK-B,2026-07-07 04:00:00,508.9700012207031,512.5800170898438,503.75,504.0,504.0,3761400
BRK-B,2026-07-08 04:00:00,504.55999755859375,504.9100036621094,494.3399963378906,494.7900085449219,494.7900085449219,4429600
BRK-B,2026-07-09 04:00:00,494.6099853515625,497.8500061035156,493.2000122070313,495.4500122070313,495.4500122070313,3393300
BRK-B,2026-07-10 04:00:00,496.1499938964844,497.2999877929687,490.7000122070313,493.7099914550781,493.7099914550781,2736900
BRK-B,2026-07-13 04:00:00,495.8500061035156,501.5,493.80999755859375,496.8500061035156,496.8500061035156,3228900
BRK-B,2026-07-14 04:00:00,493.9599914550781,497.0799865722656,491.0,491.0899963378906,491.0899963378906,4110200
BRK-B,2026-07-15 04:00:00,490.1000061035156,492.75,487.5700073242187,488.3500061035156,488.3500061035156,5134500
BRK-B,2026-07-16 04:00:00,489.9299926757813,493.1499938964844,486.1700134277344,493.1199951171875,493.1199951171875,4195000
BRK-B,2026-07-17 04:00:00,495.510009765625,502.989990234375,490.4800109863281,490.9100036621094,490.9100036621094,5591300
BRK-B,2026-07-20 04:00:00,490.489990234375,492.25,488.9100036621094,491.25,491.25,3426600
BRK-B,2026-07-21 04:00:00,489.0,491.2000122070313,487.3800048828125,489.6499938964844,489.6499938964844,4473100
BRK-B,2026-07-22 04:00:00,490.5,492.3200073242187,487.80999755859375,489.3900146484375,489.3900146484375,3179300
BRK-B,2026-07-23 04:00:00,488.3999938964844,491.0,486.05999755859375,490.8500061035156,490.8500061035156,2883000
BRK-B,2026-07-24 04:00:00,491.4299926757813,497.2900085449219,490.25,494.9299926757813,494.9299926757813,3933000
BRK-B,2026-07-27 04:00:00,497.25,498.7699890136719,493.9700012207031,497.1799926757813,497.1799926757813,3482400
BRK-B,2026-07-28 04:00:00,500.3299865722656,513.4400024414062,499.5,512.3699951171875,512.3699951171875,6362100
BRK-B,2026-07-29 04:00:00,511.44000244140625,513.3599853515625,507.2000122070313,509.1600036621094,509.1600036621094,5057500
BRK-B,2026-07-30 04:00:00,505.9800109863281,509.9100036621094,501.2699890136719,509.6799926757813,509.6799926757813,4055100
BRK-B,2026-07-31 04:00:00,508.989990234375,513.030029296875,506.7000122070313,511.5400085449219,511.5400085449219,3939800
BRK-B,2026-08-03 04:00:00,514.9299926757812,520.6699829101562,510.8299865722656,513.1400146484375,513.1400146484375,4249000
BRK-B,2026-08-04 04:00:00,512.0700073242188,517.77001953125,508.80999755859375,517.219970703125,517.219970703125,4771300
BRK-B,2026-08-05 04:00:00,519.0,519.77001953125,512.2000122070312,518.8499755859375,518.8499755859375,3749400
BRK-B,2026-08-06 04:00:00,524.1099853515625,525.4400024414062,517.2100219726562,524.6099853515625,524.6099853515625,4352800
BRK-B,2026-08-07 04:00:00,520.260009765625,521.989990234375,517.4299926757812,521.7999877929688,521.7999877929688,3645100
BRK-B,2026-08-10 04:00:00,524.5999755859375,537.739990234375,523.0,529.4199829101562,529.4199829101562,6094800
BRK-B,2026-08-11 04:00:00,528.760009765625,530.2999877929688,515.6500244140625,516.3800048828125,516.3800048828125,4718600
BRK-B,2026-08-12 04:00:00,513.97998046875,514.3800048828125,507.9599914550781,510.0,510.0,4599100
BRK-B,2026-08-13 04:00:00,511.2900085449219,512.010009765625,505.55999755859375,506.9299926757813,506.9299926757813,4713400
BRK-B,2026-08-14 04:00:00,507.239990234375,509.1700134277344,503.7699890136719,504.0299987792969,504.0299987792969,3969500
BRK-B,2026-08-17 04:00:00,504.4500122070313,505.30999755859375,498.0700073242187,498.2300109863281,498.2300109863281,4789800
BRK-B,2026-08-18 04:00:00,501.0400085449219,504.5,499.6000061035156,502.9599914550781,502.9599914550781,3380700
BRK-B,2026-08-19 04:00:00,503.4100036621094,507.0700073242187,499.4100036621094,499.6199951171875,499.6199951171875,3562300
BRK-B,2026-08-20 04:00:00,499.6499938964844,500.44000244140625,496.4800109863281,496.8599853515625,496.8599853515625,3288700
BRK-B,2026-08-21 04:00:00,498.5,501.0,495.6799926757813,495.8200073242187,495.8200073242187,4645800
BRK-B,2026-08-24 04:00:00,498.1300048828125,504.4599914550781,498.1099853515625,504.3200073242187,504.3200073242187,3194900
BRK-B,2026-08-25 04:00:00,503.9500122070313,504.75,501.1600036621094,504.3200073242187,504.3200073242187,3032800
BRK-B,2026-08-26 04:00:00,505.9299926757813,506.7000122070313,503.6499938964844,504.9100036621094,504.9100036621094,3002200
BRK-B,2026-08-27 04:00:00,500.5,505.3999938964844,499.2200012207031,503.7000122070313,503.7000122070313,6302000
BRK-B,2026-08-28 04:00:00,504.8999938964844,506.5799865722656,502.94000244140625,505.0,505.0,4851200
BRK-B,2026-08-31 04:00:00,504.05999755859375,505.2999877929687,502.2000122070313,504.0299987792969,504.0299987792969,5127900
BRK-B,2026-09-01 04:00:00,506.0,506.75,501.2699890136719,502.3299865722656,502.3299865722656,4839100
BRK-B,2026-09-02 04:00:00,503.4599914550781,508.9299926757813,502.6000061035156,505.239990234375,505.239990234375,3298400
BRK-B,2026-09-03 04:00:00,506.6000061035156,508.9500122070313,505.2099914550781,508.1300048828125,508.1300048828125,3847300
BRK-B,2026-09-04 04:00:00,505.30999755859375,507.5,504.2999877929687,506.0299987792969,506.0299987792969,3277400
BRK-B,2026-09-08 04:00:00,503.0,507.2999877929687,500.7000122070313,505.8299865722656,505.8299865722656,4398000
BRK-B,2026-09-09 04:00:00,504.1000061035156,509.510009765625,501.2099914550781,506.7200012207031,506.7200012207031,3359600
BRK-B,2026-09-10 04:00:00,508.739990234375,510.5799865722656,504.739990234375,507.0,507.0,3805200
BRK-B,2026-09-11 04:00:00,508.8500061035156,510.6300048828125,506.0,510.3699951171875,510.3699951171875,3587200
BRK-B,2026-09-14 04:00:00,512.7999877929688,516.4500122070312,510.5,514.9500122070312,514.9500122070312,3964400
BRK-B,2026-09-15 04:00:00,515.0,516.8699951171875,512.4099731445312,516.760009765625,516.760009765625,3761300
BRK-B,2026-09-16 04:00:00,516.3599853515625,523.739990234375,515.2999877929688,519.7999877929688,519.7999877929688,5254600
BRK-B,2026-09-17 04:00:00,518.9500122070312,520.0,508.7799987792969,509.2000122070313,509.2000122070313,5993400
BRK-B,2026-09-18 04:00:00,507.1600036621094,512.0700073242188,506.1300048828125,509.7699890136719,509.7699890136719,12497100
BRK-B,2026-09-21 04:00:00,507.9299926757813,510.5,501.9800109863281,502.010009765625,502.010009765625,4807400
BRK-B,2026-09-22 04:00:00,503.3299865722656,505.5799865722656,501.4100036621094,503.489990234375,503.489990234375,4704000
BRK-B,2026-09-23 04:00:00,503.8599853515625,511.2799987792969,502.80999755859375,507.1700134277344,507.1700134277344,5400400
BRK-B,2026-09-24 04:00:00,509.5799865722656,510.0,504.9800109863281,505.1799926757813,505.1799926757813,2701200
BRK-B,2026-09-25 04:00:00,505.25,505.8699951171875,502.239990234375,505.4800109863281,505.4800109863281,2992300
BRK-B,2026-09-28 04:00:00,505.0,507.239990234375,502.5700073242187,503.0899963378906,503.0899963378906,3867200
BRK-B,2026-09-29 04:00:00,501.5299987792969,503.8599853515625,500.2300109863281,502.3500061035156,502.3500061035156,3242600
BRK-B,2026-09-30 04:00:00,501.4299926757813,502.1199951171875,497.9500122070313,497.9500122070313,497.9500122070313,7043200
BRK-B,2026-10-01 04:00:00,497.25,501.5299987792969,495.9599914550781,500.5,500.5,4594800
BRK-B,2026-10-02 04:00:00,500.1000061035156,503.6199951171875,499.010009765625,502.6499938964844,502.6499938964844,4189700
GOOG,2026-05-12 04:00:00,385.0,386.44000244140625,379.7200012207031,383.8200073242187,383.34027099609375,17103900
GOOG,2026-05-13 04:00:00,381.9049987792969,399.9299926757813,381.5799865722656,399.0400085449219,398.541259765625,18160100
GOOG,2026-05-14 04:00:00,393.7900085449219,399.10400390625,392.7279968261719,397.1700134277344,396.673583984375,13805400
GOOG,2026-05-15 04:00:00,393.2149963378906,395.8800048828125,389.760009765625,393.3200073242187,392.8283996582031,15801900
GOOG,2026-05-18 04:00:00,392.125,404.4700012207031,390.8999938964844,393.1099853515625,392.61865234375,18592800
GOOG,2026-05-19 04:00:00,393.2999877929687,393.3630065917969,383.0,384.8999938964844,384.4189147949219,25559400
GOOG,2026-05-20 04:00:00,385.0400085449219,390.7000122070313,380.0,384.8999938964844,384.4189147949219,16488100
GOOG,2026-05-21 04:00:00,382.010009765625,388.6799926757813,379.4800109863281,383.4700012207031,382.99072265625,16837600
GOOG,2026-05-22 04:00:00,383.260009765625,384.8699951171875,378.260009765625,379.3800048828125,378.90582275390625,13382800
GOOG,2026-05-26 04:00:00,380.9949951171875,385.3900146484375,379.1400146484375,384.8399963378906,384.3589782714844,16150900
GOOG,2026-05-27 04:00:00,382.7650146484375,389.7250061035156,382.0,384.8299865722656,384.3489990234375,16893100
GOOG,2026-05-28 04:00:00,383.8599853515625,390.0,381.25,386.1199951171875,385.6373901367187,20795400
GOOG,2026-05-29 04:00:00,381.2250061035156,381.6499938964844,374.2999877929687,376.4299926757813,375.9595031738281,48018600
GOOG,2026-06-01 04:00:00,372.5750122070313,374.6000061035156,369.7099914550781,372.5799865722656,372.11431884765625,19091900
GOOG,2026-06-02 04:00:00,363.1600036621094,369.7900085449219,355.0,358.3900146484375,357.94207763671875,34648600
GOOG,2026-06-03 04:00:00,358.3349914550781,362.5,354.3800048828125,355.67999267578125,355.23541259765625,43031000
GOOG,2026-06-04 04:00:00,355.44000244140625,369.8599853515625,354.79998779296875,369.2699890136719,368.8084411621094,37746200
GOOG,2026-06-05 04:00:00,363.3800048828125,369.2000122070313,361.6300048828125,365.760009765625,365.3028564453125,23411500
GOOG,2026-06-08 04:00:00,362.4849853515625,363.3800048828125,357.8900146484375,361.1700134277344,360.9356994628906,18739000
GOOG,2026-06-09 04:00:00,364.885009765625,369.6919860839844,354.7200012207031,362.2900085449219,362.0549621582031,19873600
GOOG,2026-06-10 04:00:00,361.0499877929687,366.30999755859375,352.80999755859375,353.32000732421875,353.09075927734375,19878600
GOOG,2026-06-11 04:00:00,353.04998779296875,358.010009765625,343.6300048828125,356.55999755859375,356.32867431640625,28771800
GOOG,2026-06-12 04:00:00,361.1000061035156,364.77301025390625,353.3399963378906,358.1600036621094,357.9276428222656,17637100
GOOG,2026-06-15 04:00:00,365.989990234375,370.6499938964844,364.6499938964844,367.1099853515625,366.8717956542969,17268600
GOOG,2026-06-16 04:00:00,367.4649963378906,373.6000061035156,365.3200073242187,371.1000061035156,370.8592529296875,16492800
GOOG,2026-06-17 04:00:00,367.0499877929687,370.1499938964844,360.2300109863281,362.1000061035156,361.8650817871094,16003500
GOOG,2026-06-18 04:00:00,363.8900146484375,369.0,356.6080017089844,367.4599914550781,367.2215881347656,29339100
GOOG,2026-06-22 04:00:00,357.135009765625,358.20001220703125,340.94000244140625,348.7799987792969,348.5537109375,32211200
GOOG,2026-06-23 04:00:00,340.1050109863281,348.7200012207031,339.7149963378906,346.0799865722656,345.8554382324219,21820900
GOOG,2026-06-24 04:00:00,348.7200012207031,352.8299865722656,341.5,345.0400085449219,344.816162109375,23898400
GOOG,2026-06-25 04:00:00,336.9200134277344,343.19000244140625,335.8999938964844,342.19000244140625,341.9679870605469,27687600
GOOG,2026-06-26 04:00:00,340.9800109863281,344.1199951171875,333.69000244140625,334.69000244140625,334.4728698730469,82484600
GOOG,2026-06-29 04:00:00,339.95001220703125,351.9700012207031,338.80999755859375,351.2799987792969,351.0520935058594,25565700
GOOG,2026-06-30 04:00:00,350.9599914550781,355.3900146484375,348.1099853515625,353.3299865722656,353.1007385253906,21278400
GOOG,2026-07-01 04:00:00,354.614990234375,359.55999755859375,353.2300109863281,357.8900146484375,357.6578063964844,19546800
GOOG,2026-07-02 04:00:00,356.1499938964844,360.989990234375,350.32000732421875,356.17999267578125,355.94891357421875,15532900
GOOG,2026-07-06 04:00:00,358.19500732421875,365.6799926757813,354.19000244140625,364.8999938964844,364.6632385253906,22652700
GOOG,2026-07-07 04:00:00,367.2349853515625,370.8900146484375,362.4200134277344,363.6199951171875,363.3840942382813,16443900
GOOG,2026-07-08 04:00:00,362.2099914550781,364.9800109863281,354.70001220703125,358.7099914550781,358.4772644042969,14710400
GOOG,2026-07-09 04:00:00,351.0849914550781,356.7300109863281,348.6600036621094,356.239990234375,356.00885009765625,17217400
GOOG,2026-07-10 04:00:00,354.9540100097656,355.67999267578125,350.70001220703125,355.0299987792969,354.7996520996094,11618500
GOOG,2026-07-13 04:00:00,353.989990234375,355.75,349.82000732421875,350.6700134277344,350.4425048828125,10583500
GOOG,2026-07-14 04:00:00,348.8399963378906,357.8800048828125,348.8399963378906,357.3299865722656,357.09814453125,11252600
GOOG,2026-07-15 04:00:00,356.010009765625,372.1400146484375,355.6700134277344,370.2099914550781,369.96978759765625,20258200
GOOG,2026-07-16 04:00:00,372.1700134277344,374.3500061035156,351.6700134277344,353.80999755859375,353.5804443359375,23603700
GOOG,2026-07-17 04:00:00,345.7699890136719,348.1700134277344,341.125,346.1199951171875,345.89544677734375,22023900
GOOG,2026-07-20 04:00:00,350.1700134277344,359.489990234375,350.0050048828125,351.3699951171875,351.14202880859375,13203300
GOOG,2026-07-21 04:00:00,350.55999755859375,350.739990234375,346.010009765625,346.19000244140625,345.96539306640625,17419500
GOOG,2026-07-22 04:00:00,347.17999267578125,349.45001220703125,341.6400146484375,341.9100036621094,341.68817138671875,23273800
GOOG,2026-07-23 04:00:00,321.6300048828125,324.45001220703125,314.8900146484375,318.3399963378906,318.1334533691406,46751900
GOOG,2026-07-24 04:00:00,318.29998779296875,323.9800109863281,317.5,319.0899963378906,318.8829650878906,21630800
GOOG,2026-07-27 04:00:00,324.739990234375,330.10101318359375,324.4100036621094,326.57000732421875,326.3581237792969,21419600
GOOG,2026-07-28 04:00:00,327.79998779296875,335.2099914550781,324.5400085449219,332.6000061035156,332.38421630859375,20986900
GOOG,2026-07-29 04:00:00,333.5,341.9800109863281,330.4079895019531,335.760009765625,335.54217529296875,20242900
GOOG,2026-07-30 04:00:00,333.0799865722656,335.45001220703125,329.82000732421875,333.67999267578125,333.4635009765625,17309500
GOOG,2026-07-31 04:00:00,340.07000732421875,358.8800048828125,339.1600036621094,356.6499938964844,356.4186096191406,30514500
GOOG,2026-08-03 04:00:00,365.2999877929687,376.1000061035156,363.260009765625,372.4700012207031,372.2283325195313,27165400
GOOG,2026-08-04 04:00:00,366.5199890136719,377.66900634765625,366.1600036621094,375.3500061035156,375.1064758300781,19983300
GOOG,2026-08-05 04:00:00,380.0,381.80999755859375,355.1600036621094,360.1300048828125,359.8963623046875,29436300
GOOG,2026-08-06 04:00:00,358.7919921875,361.9599914550781,355.8299865722656,356.6199951171875,356.38861083984375,16513400
GOOG,2026-08-07 04:00:00,355.2799987792969,357.54998779296875,352.82000732421875,353.4700012207031,353.24066162109375,14516700
GOOG,2026-08-10 04:00:00,354.239990234375,355.92999267578125,351.4700012207031,355.8399963378906,355.609130859375,12789500
GOOG,2026-08-11 04:00:00,354.0,355.0,342.57000732421875,343.0,342.7774658203125,18390200
GOOG,2026-08-12 04:00:00,345.3299865722656,345.5,339.82000732421875,342.3699951171875,342.1478576660156,15608800
GOOG,2026-08-13 04:00:00,344.57000732421875,345.8299865722656,342.3999938964844,343.94000244140625,343.71685791015625,14997800
GOOG,2026-08-14 04:00:00,344.260009765625,348.05999755859375,342.07000732421875,343.5400085449219,343.3171081542969,10946800
GOOG,2026-08-17 04:00:00,344.05999755859375,345.04998779296875,339.57000732421875,341.45001220703125,341.2284851074219,12606100
GOOG,2026-08-18 04:00:00,339.8949890136719,342.3900146484375,337.5199890136719,341.2799987792969,341.0585632324219,14254300
GOOG,2026-08-19 04:00:00,339.80999755859375,343.55999755859375,338.04998779296875,341.70001220703125,341.47833251953125,13360500
GOOG,2026-08-20 04:00:00,339.69000244140625,340.79998779296875,336.1700134277344,338.20001220703125,337.9805908203125,14187700
GOOG,2026-08-21 04:00:00,340.2799987792969,343.2900085449219,337.80999755859375,341.75,341.52825927734375,15363900
GOOG,2026-08-24 04:00:00,340.739990234375,348.0799865722656,339.6199951171875,344.5899963378906,344.3664245605469,16450600
GOOG,2026-08-25 04:00:00,345.9700012207031,346.70001220703125,342.1449890136719,343.3399963378906,343.11724853515625,14031000
GOOG,2026-08-26 04:00:00,343.17999267578125,343.1910095214844,337.010009765625,339.1000061035156,338.8800048828125,16176400
GOOG,2026-08-27 04:00:00,336.29998779296875,338.80999755859375,335.3999938964844,337.7099914550781,337.4908752441406,17936100
GOOG,2026-08-28 04:00:00,337.6099853515625,345.42999267578125,337.2799987792969,342.8800048828125,342.65753173828125,17841900
GOOG,2026-08-31 04:00:00,340.0199890136719,340.6300048828125,333.42999267578125,335.4100036621094,335.1923828125,23202000
GOOG,2026-09-01 04:00:00,332.25,333.95001220703125,329.2900085449219,332.0299987792969,331.8145751953125,16313400
GOOG,2026-09-02 04:00:00,330.7699890136719,336.510009765625,329.5199890136719,333.7799987792969,333.5634460449219,12995900
GOOG,2026-09-03 04:00:00,336.510009765625,340.8500061035156,336.30999755859375,339.0799865722656,338.8599853515625,12858300
GOOG,2026-09-04 04:00:00,339.17999267578125,340.17999267578125,333.75,335.30999755859375,335.30999755859375,12700500
GOOG,2026-09-08 04:00:00,331.989990234375,336.4800109863281,330.3900146484375,335.3800048828125,335.3800048828125,14150300
GOOG,2026-09-09 04:00:00,329.1199951171875,329.3399963378906,325.6300048828125,328.3800048828125,328.3800048828125,19326900
GOOG,2026-09-10 04:00:00,326.0799865722656,330.8900146484375,325.6510009765625,330.3900146484375,330.3900146484375,16418900
GOOG,2026-09-11 04:00:00,332.7300109863281,339.95001220703125,332.54998779296875,335.45001220703125,335.45001220703125,15820700
GOOG,2026-09-14 04:00:00,339.1099853515625,346.45001220703125,338.739990234375,345.7099914550781,345.7099914550781,22484400
GOOG,2026-09-15 04:00:00,343.3399963378906,344.3599853515625,339.17999267578125,341.42999267578125,341.42999267578125,13361000
GOOG,2026-09-16 04:00:00,343.3599853515625,344.70001220703125,337.45001220703125,339.3599853515625,339.3599853515625,12869700
GOOG,2026-09-17 04:00:00,345.0,345.9649963378906,340.5,343.67999267578125,343.67999267578125,15315700
GOOG,2026-09-18 04:00:00,351.2200012207031,355.1300048828125,343.8699951171875,344.4100036621094,344.4100036621094,34108900
GOOG,2026-09-21 04:00:00,346.19000244140625,353.29998779296875,344.79998779296875,350.8699951171875,350.8699951171875,18252200
GOOG,2026-09-22 04:00:00,353.239990234375,359.9800109863281,345.739990234375,347.4100036621094,347.4100036621094,20165100
GOOG,2026-09-23 04:00:00,346.29998779296875,346.3299865722656,334.20001220703125,334.9800109863281,334.9800109863281,23283400
GOOG,2026-09-24 04:00:00,333.0,339.30999755859375,332.80999755859375,339.010009765625,339.010009765625,15965000
GOOG,2026-09-25 04:00:00,338.92498779296875,343.6000061035156,337.9100036621094,341.0799865722656,341.0799865722656,13858700
GOOG,2026-09-28 04:00:00,337.6000061035156,340.1099853515625,336.6000061035156,339.1600036621094,339.1600036621094,13870800
GOOG,2026-09-29 04:00:00,338.5400085449219,339.6400146484375,335.0199890136719,337.32000732421875,337.32000732421875,14002300
GOOG,2026-09-30 04:00:00,340.6499938964844,349.05499267578125,337.7200012207031,340.739990234375,340.739990234375,24240100
GOOG,2026-10-01 04:00:00,347.7550048828125,350.093994140625,332.6499938964844,334.92999267578125,334.92999267578125,20045000
GOOG,2026-10-02 04:00:00,338.1000061035156,342.7799987792969,337.9599914550781,340.3500061035156,340.3500061035156,17469400
JNJ,2026-05-12 04:00:00,223.0,227.6499938964844,221.6499938964844,224.2599945068359,221.88333129882812,8632500
JNJ,2026-05-13 04:00:00,225.82000732421875,230.8000030517578,225.44000244140625,230.4199981689453,227.97804260253903,7464500
JNJ,2026-05-14 04:00:00,231.0,231.7599945068359,229.16000366210935,230.8000030517578,228.35401916503903,6974400
JNJ,2026-05-15 04:00:00,230.77000427246097,232.13999938964844,226.44000244140625,226.7100067138672,224.307373046875,12167000
JNJ,2026-05-18 04:00:00,226.7100067138672,229.6999969482422,225.86000061035156,228.9199981689453,226.4939422607422,10141600
JNJ,2026-05-19 04:00:00,228.94000244140625,230.8500061035156,228.0399932861328,230.0,227.56248474121097,9677900
JNJ,2026-05-20 04:00:00,231.69000244140625,232.0,229.1699981689453,229.32000732421875,226.88970947265625,7353800
JNJ,2026-05-21 04:00:00,229.32000732421875,231.88999938964844,227.3500061035156,231.72999572753903,229.2741546630859,5239000
JNJ,2026-05-22 04:00:00,233.0,235.5,232.72000122070312,234.33999633789065,231.85650634765625,5462300
JNJ,2026-05-26 04:00:00,233.0,233.2400054931641,229.0800018310547,230.17999267578125,229.0503387451172,6619600
JNJ,2026-05-27 04:00:00,229.97999572753903,232.88999938964844,229.02000427246097,231.2899932861328,230.15489196777344,5835500
JNJ,2026-05-28 04:00:00,230.02999877929688,231.8699951171875,229.72999572753903,230.8000030517578,229.66729736328125,7193400
JNJ,2026-05-29 04:00:00,231.22999572753903,231.5,224.58999633789065,225.3300018310547,224.22413635253903,13897700
JNJ,2026-06-01 04:00:00,223.1999969482422,224.44000244140625,220.83999633789065,223.5099945068359,222.41307067871097,8041000
JNJ,2026-06-02 04:00:00,222.5800018310547,225.5,221.1699981689453,222.88999938964844,221.79611206054688,5669000
JNJ,2026-06-03 04:00:00,222.4499969482422,224.92999267578125,222.0,223.2400054931641,222.1444091796875,6507200
JNJ,2026-06-04 04:00:00,227.08999633789065,228.6699981689453,225.8999938964844,228.1699981689453,227.0502014160156,7274800
JNJ,2026-06-05 04:00:00,230.0,235.22000122070312,229.0,232.77000427246097,231.6276397705078,8034900
JNJ,2026-06-08 04:00:00,232.77000427246097,234.9499969482422,230.55999755859375,232.16000366210935,231.0206298828125,7559800
JNJ,2026-06-09 04:00:00,232.3800048828125,237.7100067138672,230.41000366210935,237.0,235.8368682861328,8354500
JNJ,2026-06-10 04:00:00,238.8500061035156,240.92999267578125,237.0500030517578,238.4900054931641,237.3195648193359,8350800
JNJ,2026-06-11 04:00:00,240.0,241.6000061035156,238.13999938964844,238.3300018310547,237.16033935546875,7399000
JNJ,2026-06-12 04:00:00,240.0,240.91000366210935,237.52000427246097,240.8699951171875,239.6878662109375,6459400
JNJ,2026-06-15 04:00:00,239.0,239.5,233.5800018310547,235.66000366210935,234.50344848632812,7732000
JNJ,2026-06-16 04:00:00,236.3699951171875,236.3699951171875,231.02000427246097,235.17999267578125,234.0257873535156,7718100
JNJ,2026-06-17 04:00:00,234.02999877929688,235.42999267578125,230.6999969482422,234.1999969482422,233.0506134033203,8548000
JNJ,2026-06-18 04:00:00,231.77999877929688,232.75,227.6000061035156,228.38999938964844,227.2691192626953,18989800
JNJ,2026-06-22 04:00:00,228.9499969482422,231.4499969482422,227.5,231.2899932861328,230.15489196777344,8518300
JNJ,2026-06-23 04:00:00,235.63999938964844,239.8000030517578,234.3500061035156,239.0800018310547,237.9066619873047,11802000
JNJ,2026-06-24 04:00:00,239.88999938964844,243.0399932861328,238.75,241.0,239.81723022460935,8139200
JNJ,2026-06-25 04:00:00,241.27000427246097,248.19000244140625,240.88999938964844,244.8800048828125,243.67820739746097,10130400
JNJ,2026-06-26 04:00:00,248.27000427246097,255.11000061035156,247.8699951171875,254.66000366210935,253.4102020263672,16316800
JNJ,2026-06-29 04:00:00,253.19000244140625,258.5799865722656,252.02999877929688,258.510009765625,257.2413024902344,8608400
JNJ,2026-06-30 04:00:00,259.0,259.8999938964844,253.1699981689453,253.97000122070312,252.7235870361328,8469500
JNJ,2026-07-01 04:00:00,253.25,254.1999969482422,251.0800018310547,253.97999572753903,252.73353576660156,6516500
JNJ,2026-07-02 04:00:00,255.77999877929688,263.1000061035156,254.0,263.0400085449219,261.74908447265625,7998700
JNJ,2026-07-06 04:00:00,260.2300109863281,261.3800048828125,255.92999267578125,259.3299865722656,258.0572509765625,6803700
JNJ,2026-07-07 04:00:00,264.8900146484375,269.42999267578125,264.04998779296875,267.239990234375,265.9284362792969,9089700
JNJ,2026-07-08 04:00:00,268.6000061035156,268.6000061035156,263.1300048828125,263.3999938964844,262.1072998046875,6769400
JNJ,2026-07-09 04:00:00,260.6300048828125,263.45001220703125,258.1300048828125,259.1000061035156,257.8283996582031,6426100
JNJ,2026-07-10 04:00:00,260.19000244140625,261.29998779296875,255.52000427246097,256.9800109863281,255.7188262939453,6534700
JNJ,2026-07-13 04:00:00,257.95001220703125,259.5299987792969,256.1499938964844,257.7699890136719,256.5049133300781,5272200
JNJ,2026-07-14 04:00:00,255.52999877929688,256.3900146484375,252.13999938964844,253.8500061035156,252.60418701171875,8770600
JNJ,2026-07-15 04:00:00,250.08999633789065,256.8299865722656,246.0500030517578,247.02000427246097,245.8076934814453,10547300
JNJ,2026-07-16 04:00:00,248.8999938964844,253.5500030517578,246.3000030517578,249.97000122070312,248.7432098388672,11097600
JNJ,2026-07-17 04:00:00,252.58999633789065,255.66000366210935,251.9499969482422,253.0399932861328,251.7981414794922,10167700
JNJ,2026-07-20 04:00:00,252.0099945068359,254.17999267578125,248.6300048828125,248.82000732421875,247.5988616943359,8114700
JNJ,2026-07-21 04:00:00,247.4499969482422,251.33999633789065,245.4900054931641,250.61000061035156,249.3800811767578,7793100
JNJ,2026-07-22 04:00:00,252.7599945068359,256.2900085449219,251.2100067138672,255.6300048828125,254.3754425048828,9100200
JNJ,2026-07-23 04:00:00,255.2400054931641,260.20001220703125,254.4199981689453,259.2699890136719,257.99755859375,8063300
JNJ,2026-07-24 04:00:00,261.42999267578125,263.7099914550781,259.6099853515625,263.3999938964844,262.1072998046875,6351800
JNJ,2026-07-27 04:00:00,262.54998779296875,268.79998779296875,261.3500061035156,265.95001220703125,264.6448059082031,9647900
JNJ,2026-07-28 04:00:00,270.0,274.8999938964844,266.17999267578125,266.7300109863281,265.42095947265625,10491000
JNJ,2026-07-29 04:00:00,268.5,269.3399963378906,264.7900085449219,265.5299987792969,264.2268371582031,6105600
JNJ,2026-07-30 04:00:00,259.0299987792969,260.5199890136719,254.55999755859375,255.82000732421875,254.56451416015625,8216500
JNJ,2026-07-31 04:00:00,256.010009765625,258.4800109863281,253.2899932861328,256.3500061035156,255.09190368652344,6782100
JNJ,2026-08-03 04:00:00,254.97000122070312,257.75,250.91000366210935,254.41000366210935,253.1614227294922,8136300
JNJ,2026-08-04 04:00:00,254.41000366210935,255.52000427246097,250.44000244140625,254.92999267578125,253.67886352539065,7362400
JNJ,2026-08-05 04:00:00,255.25,259.32000732421875,254.47000122070312,257.5899963378906,256.3258056640625,6472600
JNJ,2026-08-06 04:00:00,261.7099914550781,262.1099853515625,255.27999877929688,256.9800109863281,255.7188262939453,6931800
JNJ,2026-08-07 04:00:00,255.88999938964844,259.6000061035156,255.1199951171875,259.239990234375,257.96771240234375,6532100
JNJ,2026-08-10 04:00:00,259.05999755859375,262.0,258.54998779296875,261.80999755859375,260.5251159667969,8985100
JNJ,2026-08-11 04:00:00,261.2300109863281,264.1499938964844,258.3599853515625,259.79998779296875,258.52496337890625,5945900
JNJ,2026-08-12 04:00:00,256.0,261.4100036621094,255.2599945068359,260.8599853515625,259.5797424316406,4629300
JNJ,2026-08-13 04:00:00,261.7300109863281,262.6199951171875,259.6499938964844,262.0799865722656,260.79376220703125,4852700
JNJ,2026-08-14 04:00:00,260.6499938964844,261.7099914550781,259.1600036621094,260.3500061035156,259.072265625,4998100
JNJ,2026-08-17 04:00:00,258.8699951171875,264.2799987792969,258.010009765625,262.3699951171875,261.0823669433594,5515500
JNJ,2026-08-18 04:00:00,267.6700134277344,271.7300109863281,266.3299865722656,271.1099853515625,269.7794494628906,7838200
JNJ,2026-08-19 04:00:00,273.0,276.4700012207031,270.55999755859375,273.4100036621094,272.06817626953125,7728500
JNJ,2026-08-20 04:00:00,273.3999938964844,273.3999938964844,267.3699951171875,267.3699951171875,266.0578308105469,6475900
JNJ,2026-08-21 04:00:00,267.8299865722656,272.6600036621094,267.0,270.239990234375,268.9137268066406,6186800
JNJ,2026-08-24 04:00:00,269.739990234375,273.9800109863281,268.57000732421875,273.0400085449219,271.70001220703125,5436100
JNJ,2026-08-25 04:00:00,271.0,273.79998779296875,270.17999267578125,273.1400146484375,273.1400146484375,4687000
JNJ,2026-08-26 04:00:00,271.9700012207031,272.9100036621094,269.54998779296875,270.0,270.0,7214100
JNJ,2026-08-27 04:00:00,268.45001220703125,268.45001220703125,263.8299865722656,265.7699890136719,265.7699890136719,7306200
JNJ,2026-08-28 04:00:00,265.7799987792969,268.3800048828125,264.2699890136719,268.0400085449219,268.0400085449219,5765600
JNJ,2026-08-31 04:00:00,267.1300048828125,267.7699890136719,265.1700134277344,265.8500061035156,265.8500061035156,7900100
JNJ,2026-09-01 04:00:00,270.8299865722656,271.9100036621094,267.0199890136719,271.19000244140625,271.19000244140625,6033600
JNJ,2026-09-02 04:00:00,274.739990234375,281.07000732421875,273.5299987792969,275.2099914550781,275.2099914550781,7910600
JNJ,2026-09-03 04:00:00,277.32000732421875,278.8900146484375,273.1600036621094,278.42999267578125,278.42999267578125,5940300
JNJ,2026-09-04 04:00:00,275.1300048828125,277.79998779296875,274.75,275.2300109863281,275.2300109863281,4320100
JNJ,2026-09-08 04:00:00,271.2799987792969,271.989990234375,266.8800048828125,269.1199951171875,269.1199951171875,8084700
JNJ,2026-09-09 04:00:00,268.510009765625,270.1000061035156,266.7300109863281,267.0799865722656,267.0799865722656,6124600
JNJ,2026-09-10 04:00:00,270.2099914550781,271.2699890136719,265.7200012207031,266.3500061035156,266.3500061035156,4929500
JNJ,2026-09-11 04:00:00,268.0299987792969,270.3999938964844,265.25,265.5799865722656,265.5799865722656,4701200
JNJ,2026-09-14 04:00:00,271.0,271.54998779296875,266.19000244140625,266.32000732421875,266.32000732421875,4740800
JNJ,2026-09-15 04:00:00,265.80999755859375,267.20001220703125,260.67999267578125,267.20001220703125,267.20001220703125,5283500
JNJ,2026-09-16 04:00:00,266.80999755859375,268.6499938964844,266.29998779296875,267.2799987792969,267.2799987792969,4887300
JNJ,2026-09-17 04:00:00,268.0,270.8699951171875,267.1099853515625,270.2200012207031,270.2200012207031,6568800
JNJ,2026-09-18 04:00:00,269.45001220703125,272.1099853515625,267.20001220703125,269.989990234375,269.989990234375,16428400
JNJ,2026-09-21 04:00:00,271.739990234375,273.7300109863281,268.5,269.4700012207031,269.4700012207031,4485300
JNJ,2026-09-22 04:00:00,267.510009765625,270.1000061035156,265.0400085449219,269.19000244140625,269.19000244140625,5680700
JNJ,2026-09-23 04:00:00,269.4700012207031,272.1400146484375,266.5,269.1700134277344,269.1700134277344,6632700
JNJ,2026-09-24 04:00:00,269.5199890136719,275.2300109863281,269.010009765625,270.67999267578125,270.67999267578125,6320600
JNJ,2026-09-25 04:00:00,271.70001220703125,272.25,269.260009765625,271.2200012207031,271.2200012207031,4085700
JNJ,2026-09-28 04:00:00,270.1700134277344,273.7799987792969,269.2699890136719,271.95001220703125,271.95001220703125,7185600
JNJ,2026-09-29 04:00:00,269.1099853515625,271.8900146484375,265.5899963378906,267.57000732421875,267.57000732421875,5620500
JNJ,2026-09-30 04:00:00,267.9100036621094,268.4800109863281,264.510009765625,264.739990234375,264.739990234375,6341000
JNJ,2026-10-01 04:00:00,263.67999267578125,263.9800109863281,258.3299865722656,258.6600036621094,258.6600036621094,8289000
JNJ,2026-10-02 04:00:00,259.3800048828125,259.3800048828125,255.1199951171875,256.0299987792969,256.0299987792969,10940400
JPM,2026-05-12 04:00:00,300.0199890136719,306.05999755859375,295.54998779296875,304.8800048828125,303.5126953125,9498200
JPM,2026-05-13 04:00:00,302.2699890136719,303.0,300.07000732421875,300.25,298.9034729003906,7709500
JPM,2026-05-14 04:00:00,302.25,303.75,298.80999755859375,299.9100036621094,298.56500244140625,7364300
JPM,2026-05-15 04:00:00,300.2099914550781,300.7900085449219,296.45001220703125,297.80999755859375,296.4743957519531,8699300
JPM,2026-05-18 04:00:00,298.0,301.260009765625,297.2200012207031,300.7300109863281,299.3813171386719,7546300
JPM,2026-05-19 04:00:00,301.0899963378906,301.7900085449219,295.260009765625,295.70001220703125,294.3738708496094,8066900
JPM,2026-05-20 04:00:00,296.70001220703125,302.92999267578125,293.6700134277344,301.9800109863281,300.625732421875,9327000
JPM,2026-05-21 04:00:00,301.2300109863281,303.9800109863281,300.2099914550781,303.0,301.6411437988281,7874400
JPM,2026-05-22 04:00:00,304.67999267578125,307.45001220703125,303.8399963378906,306.3800048828125,305.0059814453125,5973900
JPM,2026-05-26 04:00:00,308.489990234375,309.92999267578125,305.44000244140625,306.739990234375,305.3643493652344,7725400
JPM,2026-05-27 04:00:00,305.0,305.8999938964844,295.75,299.2799987792969,297.93780517578125,11779200
JPM,2026-05-28 04:00:00,297.57000732421875,301.07000732421875,295.75,296.7300109863281,295.3992614746094,9757700
JPM,2026-05-29 04:00:00,296.3999938964844,299.8800048828125,295.20001220703125,299.30999755859375,297.9676818847656,13969000
JPM,2026-06-01 04:00:00,297.69000244140625,299.54998779296875,295.2699890136719,296.5799865722656,295.2499084472656,7930000
JPM,2026-06-02 04:00:00,296.5,302.07000732421875,295.2699890136719,300.9599914550781,299.6102600097656,8296200
JPM,2026-06-03 04:00:00,299.9200134277344,301.9599914550781,296.55999755859375,300.8500061035156,299.50079345703125,7003900
JPM,2026-06-04 04:00:00,305.739990234375,312.9100036621094,304.44000244140625,310.8900146484375,309.4957580566406,10345200
JPM,2026-06-05 04:00:00,314.2900085449219,315.0,309.6000061035156,312.3699951171875,310.9691162109375,9118800
JPM,2026-06-08 04:00:00,313.25,316.29998779296875,310.7799987792969,311.1099853515625,309.7147521972656,6827000
JPM,2026-06-09 04:00:00,313.510009765625,316.4200134277344,309.010009765625,312.70001220703125,311.2976379394531,11594600
JPM,2026-06-10 04:00:00,312.55999755859375,314.75,309.0299987792969,309.1400146484375,307.75360107421875,7446200
JPM,2026-06-11 04:00:00,309.55999755859375,314.7200012207031,308.8800048828125,313.489990234375,312.0840759277344,9116600
JPM,2026-06-12 04:00:00,315.9700012207031,321.29998779296875,315.54998779296875,320.7200012207031,319.28167724609375,7426200
JPM,2026-06-15 04:00:00,323.9200134277344,325.9200134277344,318.8399963378906,319.3999938964844,317.96759033203125,7988900
JPM,2026-06-16 04:00:00,324.29998779296875,331.75,324.0199890136719,331.1400146484375,329.6549377441406,11094900
JPM,2026-06-17 04:00:00,332.17999267578125,337.7699890136719,331.5,333.4599914550781,331.9645080566406,12246400
JPM,2026-06-18 04:00:00,336.95001220703125,338.0899963378906,324.1600036621094,325.2200012207031,323.761474609375,20111000
JPM,2026-06-22 04:00:00,329.70001220703125,332.7699890136719,326.75,331.4800109863281,329.993408203125,10182500
JPM,2026-06-23 04:00:00,329.4700012207031,335.3699951171875,327.2099914550781,334.1400146484375,332.6414794921875,7582200
JPM,2026-06-24 04:00:00,333.07000732421875,334.5299987792969,329.7699890136719,333.45001220703125,331.95458984375,7907400
JPM,2026-06-25 04:00:00,334.9599914550781,343.45001220703125,334.760009765625,335.1199951171875,333.6170654296875,10043100
JPM,2026-06-26 04:00:00,336.0,336.3999938964844,327.5,329.04998779296875,327.57427978515625,17640900
JPM,2026-06-29 04:00:00,328.2799987792969,332.3900146484375,327.20001220703125,329.3900146484375,327.91278076171875,7981800
JPM,2026-06-30 04:00:00,328.8900146484375,330.44000244140625,326.67999267578125,327.3299865722656,325.86199951171875,8080100
JPM,2026-07-01 04:00:00,328.3699951171875,335.6400146484375,325.010009765625,334.07000732421875,332.5718078613281,15210200
JPM,2026-07-02 04:00:00,338.0199890136719,340.0,331.7699890136719,334.4700012207031,332.9700012207031,8413900
JPM,2026-07-06 04:00:00,335.0,339.7200012207031,334.1099853515625,337.7200012207031,337.7200012207031,8673500
JPM,2026-07-07 04:00:00,340.9800109863281,341.3999938964844,337.0899963378906,339.2200012207031,339.2200012207031,7115800
JPM,2026-07-08 04:00:00,336.5299987792969,336.5299987792969,330.1300048828125,330.6199951171875,330.6199951171875,18505200
JPM,2026-07-09 04:00:00,331.4599914550781,337.0,330.80999755859375,335.4700012207031,335.4700012207031,15570600
JPM,2026-07-10 04:00:00,337.4700012207031,338.5899963378906,335.7699890136719,336.4700012207031,336.4700012207031,6299000
JPM,2026-07-13 04:00:00,338.3399963378906,338.3500061035156,332.5,334.5299987792969,334.5299987792969,7120300
JPM,2026-07-14 04:00:00,327.0,344.7300109863281,325.75,342.8900146484375,342.8900146484375,14537900
JPM,2026-07-15 04:00:00,345.8500061035156,351.239990234375,344.04998779296875,346.9100036621094,346.9100036621094,10750000
JPM,2026-07-16 04:00:00,349.2799987792969,349.3399963378906,341.1099853515625,343.1499938964844,343.1499938964844,12432400
JPM,2026-07-17 04:00:00,339.0299987792969,346.1300048828125,335.04998779296875,341.1000061035156,341.1000061035156,9250900
JPM,2026-07-20 04:00:00,341.79998779296875,344.260009765625,337.3699951171875,338.8699951171875,338.8699951171875,7723300
JPM,2026-07-21 04:00:00,340.1199951171875,345.739990234375,337.29998779296875,345.2300109863281,345.2300109863281,6015300
JPM,2026-07-22 04:00:00,345.07000732421875,349.07000732421875,344.25,348.2099914550781,348.2099914550781,8040200
JPM,2026-07-23 04:00:00,346.5799865722656,349.9200134277344,345.4200134277344,349.8999938964844,349.8999938964844,10913000
JPM,2026-07-24 04:00:00,350.6400146484375,353.3699951171875,347.5,353.2099914550781,353.2099914550781,7520800
JPM,2026-07-27 04:00:00,357.8900146484375,359.04998779296875,352.5799865722656,356.20001220703125,356.20001220703125,7884900
JPM,2026-07-28 04:00:00,357.29998779296875,359.29998779296875,354.1499938964844,357.30999755859375,357.30999755859375,6533800
JPM,2026-07-29 04:00:00,356.5,357.3699951171875,343.7799987792969,344.7099914550781,344.7099914550781,8265300
JPM,2026-07-30 04:00:00,347.5400085449219,352.2799987792969,345.3699951171875,350.8500061035156,350.8500061035156,7606500
JPM,2026-07-31 04:00:00,353.29998779296875,354.4700012207031,349.70001220703125,351.7900085449219,351.7900085449219,6603400
JPM,2026-08-03 04:00:00,353.75,355.6199951171875,350.8399963378906,352.6400146484375,352.6400146484375,6436600
JPM,2026-08-04 04:00:00,355.0,363.0,353.8699951171875,357.5199890136719,357.5199890136719,8477200
JPM,2026-08-05 04:00:00,358.9700012207031,362.1700134277344,358.20001220703125,359.239990234375,359.239990234375,5269500
JPM,2026-08-06 04:00:00,362.80999755859375,362.80999755859375,354.95001220703125,356.29998779296875,356.29998779296875,5820100
JPM,2026-08-07 04:00:00,355.760009765625,358.8500061035156,353.3299865722656,357.5199890136719,357.5199890136719,4566200
JPM,2026-08-10 04:00:00,357.9599914550781,359.989990234375,356.5,359.7900085449219,359.7900085449219,5327500
JPM,2026-08-11 04:00:00,360.04998779296875,363.1199951171875,358.6000061035156,362.0400085449219,362.0400085449219,4576500
JPM,2026-08-12 04:00:00,362.9700012207031,366.0899963378906,361.2999877929687,365.1799926757813,365.1799926757813,4366800
JPM,2026-08-13 04:00:00,366.5,366.5,361.5199890136719,363.1099853515625,363.1099853515625,5102700
JPM,2026-08-14 04:00:00,363.0,365.8999938964844,361.4500122070313,362.8399963378906,362.8399963378906,5058600
JPM,2026-08-17 04:00:00,361.94000244140625,365.75,360.9599914550781,360.9599914550781,360.9599914550781,5282600
JPM,2026-08-18 04:00:00,362.3399963378906,363.5700073242187,359.2699890136719,363.25,363.25,5525100
JPM,2026-08-19 04:00:00,363.010009765625,363.0499877929687,355.6499938964844,357.260009765625,357.260009765625,6696200
JPM,2026-08-20 04:00:00,357.6000061035156,357.95001220703125,351.54998779296875,351.54998779296875,351.54998779296875,6799700
JPM,2026-08-21 04:00:00,354.07000732421875,356.8599853515625,350.3699951171875,351.5799865722656,351.5799865722656,8112100
JPM,2026-08-24 04:00:00,353.29998779296875,358.2799987792969,352.82000732421875,356.3900146484375,356.3900146484375,4394400
JPM,2026-08-25 04:00:00,357.0,357.3699951171875,353.07000732421875,356.69000244140625,356.69000244140625,4298000
JPM,2026-08-26 04:00:00,356.5,358.3500061035156,354.6000061035156,356.5,356.5,5796500
JPM,2026-08-27 04:00:00,354.67999267578125,357.57000732421875,352.2300109863281,354.2200012207031,354.2200012207031,5209900
JPM,2026-08-28 04:00:00,355.6700134277344,358.7300109863281,354.2200012207031,357.6199951171875,357.6199951171875,3914500
JPM,2026-08-31 04:00:00,355.8999938964844,357.7699890136719,354.7699890136719,356.0199890136719,356.0199890136719,7962900
JPM,2026-09-01 04:00:00,355.7300109863281,359.92999267578125,354.1199951171875,354.95001220703125,354.95001220703125,5079000
JPM,2026-09-02 04:00:00,357.54998779296875,361.4700012207031,353.7900085449219,356.2200012207031,356.2200012207031,5341400
JPM,2026-09-03 04:00:00,358.67999267578125,362.8500061035156,356.3900146484375,362.05999755859375,362.05999755859375,5414200
JPM,2026-09-04 04:00:00,361.0,362.8599853515625,355.20001220703125,358.6400146484375,358.6400146484375,4873500
JPM,2026-09-08 04:00:00,357.1000061035156,358.54998779296875,353.2300109863281,353.510009765625,353.510009765625,5631400
JPM,2026-09-09 04:00:00,352.0,356.3299865722656,348.69000244140625,354.7099914550781,354.7099914550781,6318200
JPM,2026-09-10 04:00:00,353.510009765625,354.2200012207031,351.1199951171875,353.55999755859375,353.55999755859375,4184200
JPM,2026-09-11 04:00:00,358.32000732421875,360.04998779296875,354.7900085449219,356.2300109863281,356.2300109863281,5354600
JPM,2026-09-14 04:00:00,354.2300109863281,355.2799987792969,347.54998779296875,350.1300048828125,350.1300048828125,9609900
JPM,2026-09-15 04:00:00,351.0,354.70001220703125,343.07000732421875,352.489990234375,352.489990234375,14026500
JPM,2026-09-16 04:00:00,353.3800048828125,355.6000061035156,344.69000244140625,348.9200134277344,348.9200134277344,8303400
JPM,2026-09-17 04:00:00,352.25,353.489990234375,345.2699890136719,349.30999755859375,349.30999755859375,6480100
JPM,2026-09-18 04:00:00,347.8900146484375,349.6700134277344,345.010009765625,349.6700134277344,349.6700134277344,18312400
JPM,2026-09-21 04:00:00,353.6700134277344,354.5,350.0799865722656,352.0400085449219,352.0400085449219,6414700
JPM,2026-09-22 04:00:00,352.0,352.1000061035156,337.29998779296875,340.0,340.0,11485600
JPM,2026-09-23 04:00:00,337.6099853515625,341.44000244140625,336.9800109863281,337.5299987792969,337.5299987792969,7068500
JPM,2026-09-24 04:00:00,338.1199951171875,339.3699951171875,335.2799987792969,338.55999755859375,338.55999755859375,6934300
JPM,2026-09-25 04:00:00,340.7699890136719,343.30999755859375,338.6400146484375,343.05999755859375,343.05999755859375,11460300
JPM,2026-09-28 04:00:00,341.8299865722656,342.0,336.29998779296875,336.5899963378906,336.5899963378906,10483700
JPM,2026-09-29 04:00:00,337.0,338.75,333.3299865722656,334.9800109863281,334.9800109863281,7254900
JPM,2026-09-30 04:00:00,334.8900146484375,336.3399963378906,330.8299865722656,330.8299865722656,330.8299865722656,9113300
JPM,2026-10-01 04:00:00,328.75,333.5799865722656,325.8699951171875,333.17999267578125,333.17999267578125,8160000
JPM,2026-10-02 04:00:00,334.0,334.8500061035156,330.0,332.3800048828125,332.3800048828125,6658200
META,2026-05-12 04:00:00,594.8200073242188,603.75,592.5999755859375,603.0,601.9666137695312,11351600
META,2026-05-13 04:00:00,598.8300170898438,619.9000244140625,596.6599731445312,616.6300048828125,615.5732421875,14634400
META,2026-05-14 04:00:00,616.0,623.72998046875,615.0,618.4299926757812,617.3701171875,10651200
META,2026-05-15 04:00:00,613.989990234375,621.2000122070312,609.3099975585938,614.22998046875,613.1773681640625,13272600
META,2026-05-18 04:00:00,609.1099853515625,615.5900268554688,603.6900024414062,611.2100219726562,610.1625366210938,13772400
META,2026-05-19 04:00:00,608.9199829101562,613.9299926757812,600.5499877929688,602.6099853515625,601.5772705078125,11749900
META,2026-05-20 04:00:00,600.760009765625,608.0,597.8099975585938,605.0599975585938,604.0230712890625,11329700
META,2026-05-21 04:00:00,600.0,609.5999755859375,594.8099975585938,607.3800048828125,606.3390502929688,13476100
META,2026-05-22 04:00:00,607.8800048828125,614.8099975585938,606.9500122070312,610.260009765625,609.2141723632812,11688600
META,2026-05-26 04:00:00,608.8900146484375,614.469970703125,605.2999877929688,612.3400268554688,611.2905883789062,12234200
META,2026-05-27 04:00:00,609.4000244140625,638.5,609.0,635.260009765625,634.1713256835938,23143600
META,2026-05-28 04:00:00,639.5,643.0,629.3099975585938,635.2899780273438,634.2012329101562,16772400
META,2026-05-29 04:00:00,633.5,634.5,623.3499755859375,632.510009765625,631.426025390625,19806500
META,2026-06-01 04:00:00,630.4000244140625,635.75,599.530029296875,600.469970703125,599.4408569335938,29138800
META,2026-06-02 04:00:00,603.239990234375,608.8800048828125,596.6799926757812,597.6300048828125,596.6057739257812,18252000
META,2026-06-03 04:00:00,603.0,624.1500244140625,600.27001953125,622.97998046875,621.912353515625,23020100
META,2026-06-04 04:00:00,623.6699829101562,642.4000244140625,622.4299926757812,627.5700073242188,626.4944458007812,21469200
META,2026-06-05 04:00:00,623.4600219726562,629.1500244140625,582.9099731445312,593.0,591.9837646484375,30091600
META,2026-06-08 04:00:00,592.0,592.0,579.219970703125,585.3900146484375,584.3867797851562,19512400
META,2026-06-09 04:00:00,591.0,597.6300048828125,581.010009765625,584.5900268554688,583.588134765625,16977400
META,2026-06-10 04:00:00,580.72998046875,591.3200073242188,570.5999755859375,570.97998046875,570.00146484375,17064000
META,2026-06-11 04:00:00,565.8300170898438,572.1699829101562,557.010009765625,568.4299926757812,567.455810546875,17628000
META,2026-06-12 04:00:00,572.9500122070312,576.0700073242188,560.9000244140625,566.97998046875,566.0082397460938,14326400
META,2026-06-15 04:00:00,579.9000244140625,601.27001953125,579.2999877929688,593.47998046875,593.011962890625,17653300
META,2026-06-16 04:00:00,593.6500244140625,605.8099975585938,592.0,600.2100219726562,599.7366943359375,11344400
META,2026-06-17 04:00:00,592.0,593.8099975585938,566.1900024414062,567.5800170898438,567.1324462890625,20478300
META,2026-06-18 04:00:00,572.8200073242188,580.219970703125,563.0999755859375,577.219970703125,576.7647705078125,28824600
META,2026-06-22 04:00:00,572.02001953125,575.8099975585938,559.8099975585938,563.8499755859375,563.4053344726562,15405500
META,2026-06-23 04:00:00,562.25,572.2000122070312,561.02001953125,562.2000122070312,561.7566528320312,13103300
META,2026-06-24 04:00:00,561.8900146484375,569.0399780273438,555.5499877929688,557.6699829101562,557.230224609375,13963600
META,2026-06-25 04:00:00,555.5499877929688,556.3400268554688,540.1799926757812,542.8699951171875,542.44189453125,16968600
META,2026-06-26 04:00:00,543.3400268554688,556.8499755859375,540.4000244140625,550.25,549.8161010742188,18867700
META,2026-06-29 04:00:00,560.0,570.9000244140625,558.0,562.5999755859375,562.1563110351562,15011400
META,2026-06-30 04:00:00,560.9400024414062,565.5399780273438,551.4299926757812,563.2899780273438,562.8457641601562,18111100
META,2026-07-01 04:00:00,607.9099731445312,628.280029296875,595.0999755859375,612.9099731445312,612.4266357421875,45536300
META,2026-07-02 04:00:00,607.9000244140625,610.0,580.4199829101562,582.9000244140625,582.4403686523438,21705900
META,2026-07-06 04:00:00,594.8400268554688,603.5800170898438,581.760009765625,600.2899780273438,599.8165893554688,17674100
META,2026-07-07 04:00:00,607.5900268554688,625.3699951171875,603.6599731445312,615.5800170898438,615.0946044921875,18560800
META,2026-07-08 04:00:00,614.3900146484375,616.0,598.010009765625,603.1199951171875,602.6444091796875,13606500
META,2026-07-09 04:00:00,583.989990234375,633.27001953125,577.0700073242188,631.47998046875,630.9819946289062,26579700
META,2026-07-10 04:00:00,660.3400268554688,677.8599853515625,658.010009765625,669.2100219726562,668.6823120117188,40608900
META,2026-07-13 04:00:00,661.3800048828125,676.6199951171875,654.2000122070312,656.72998046875,656.2120971679688,19840700
META,2026-07-14 04:00:00,652.0,666.5,649.0499877929688,661.0399780273438,660.5186767578125,16748200
META,2026-07-15 04:00:00,663.5999755859375,686.0800170898438,656.6599731445312,681.3099975585938,680.7727661132812,19003400
META,2026-07-16 04:00:00,677.280029296875,681.9000244140625,660.1599731445312,664.5399780273438,664.0159301757812,15816000
META,2026-07-17 04:00:00,647.7000122070312,652.2000122070312,626.0,646.010009765625,645.5006103515625,22267900
META,2026-07-20 04:00:00,646.7000122070312,653.2999877929688,636.010009765625,645.8499755859375,645.3406982421875,10225200
META,2026-07-21 04:00:00,654.1799926757812,655.8800048828125,643.2000122070312,643.8099975585938,643.3023071289062,9140500
META,2026-07-22 04:00:00,647.7000122070312,649.0,624.0,627.1699829101562,626.6754150390625,11019600
META,2026-07-23 04:00:00,608.4099731445312,614.6500244140625,597.219970703125,606.0999755859375,605.6220092773438,15494800
META,2026-07-24 04:00:00,605.2999877929688,609.97998046875,594.4500122070312,595.1900024414062,594.7206420898438,11503500
META,2026-07-27 04:00:00,607.219970703125,611.260009765625,593.1300048828125,593.8699951171875,593.4016723632812,11195300
META,2026-07-28 04:00:00,596.8200073242188,601.0,587.0,593.4099731445312,592.9420166015625,12009300
META,2026-07-29 04:00:00,593.25,599.969970703125,582.219970703125,585.6099853515625,585.148193359375,22371100
META,2026-07-30 04:00:00,526.0,539.8800048828125,524.489990234375,539.030029296875,538.60498046875,42271500
META,2026-07-31 04:00:00,543.5999755859375,558.3300170898438,540.219970703125,556.7100219726562,556.27099609375,24261500
META,2026-08-03 04:00:00,562.239990234375,597.52001953125,559.3599853515625,590.239990234375,589.7745361328125,25938100
META,2026-08-04 04:00:00,581.5,592.7899780273438,578.25,587.9400024414062,587.4763793945312,17959200
META,2026-08-05 04:00:00,600.4600219726562,601.0,580.1199951171875,588.77001953125,588.3057250976562,14897200
META,2026-08-06 04:00:00,586.9500122070312,595.3099975585938,586.0,589.9000244140625,589.4348754882812,11811500
META,2026-08-07 04:00:00,585.6400146484375,598.739990234375,585.6199951171875,592.0999755859375,591.633056640625,11250300
META,2026-08-10 04:00:00,599.1300048828125,608.2100219726562,592.030029296875,594.9199829101562,594.4508666992188,14967300
META,2026-08-11 04:00:00,598.0,612.4299926757812,593.4000244140625,599.1199951171875,598.6475219726562,13146900
META,2026-08-12 04:00:00,601.0700073242188,604.5,578.2100219726562,578.8499755859375,578.3934936523438,16186900
META,2026-08-13 04:00:00,580.7100219726562,595.8499755859375,579.3900146484375,594.969970703125,594.5007934570312,11164200
META,2026-08-14 04:00:00,596.97998046875,601.8599853515625,589.2899780273438,589.8499755859375,589.3848266601562,8758000
META,2026-08-17 04:00:00,589.75,590.239990234375,564.75,568.969970703125,568.5213012695312,17225600
META,2026-08-18 04:00:00,557.47998046875,560.6599731445312,543.2100219726562,543.6699829101562,543.2412719726562,27094900
META,2026-08-19 04:00:00,541.3400268554688,554.0700073242188,537.27001953125,546.030029296875,545.5994262695312,16971700
META,2026-08-20 04:00:00,546.9500122070312,549.989990234375,539.3099975585938,545.8300170898438,545.3995971679688,13872200
META,2026-08-21 04:00:00,546.8900146484375,553.8699951171875,543.22998046875,549.9000244140625,549.4663696289062,13848000
META,2026-08-24 04:00:00,550.2000122070312,561.4199829101562,546.2999877929688,559.02001953125,558.5792236328125,12990600
META,2026-08-25 04:00:00,563.8800048828125,570.7999877929688,561.4000244140625,570.0499877929688,569.6004638671875,9769100
META,2026-08-26 04:00:00,590.3099975585938,593.3400268554688,561.8800048828125,576.1400146484375,575.6856689453125,31416300
META,2026-08-27 04:00:00,576.47998046875,588.3900146484375,567.6199951171875,571.0999755859375,570.6495971679688,15221400
META,2026-08-28 04:00:00,571.5499877929688,589.1900024414062,571.0,578.02001953125,577.564208984375,16042400
META,2026-08-31 04:00:00,577.6300048828125,578.6799926757812,569.1400146484375,572.3400268554688,571.888671875,13383800
META,2026-09-01 04:00:00,558.3499755859375,584.9500122070312,556.0999755859375,578.5399780273438,578.083740234375,15796900
META,2026-09-02 04:00:00,578.7899780273438,600.3800048828125,577.0,592.8499755859375,592.3824462890625,16552700
META,2026-09-03 04:00:00,604.489990234375,619.4600219726562,604.3499755859375,610.6799926757812,610.1984252929688,19737100
META,2026-09-04 04:00:00,612.3499755859375,617.4600219726562,605.27001953125,616.77001953125,616.2836303710938,15966200
META,2026-09-08 04:00:00,616.2100219726562,624.7999877929688,609.739990234375,613.47998046875,612.9962158203125,18909700
META,2026-09-09 04:00:00,648.6400146484375,657.8599853515625,638.5599975585938,653.6900024414062,653.1744995117188,35900700
META,2026-09-10 04:00:00,653.7100219726562,663.5,642.1400146484375,644.3800048828125,643.8718872070312,21531900
META,2026-09-11 04:00:00,653.510009765625,664.239990234375,646.2000122070312,648.030029296875,647.51904296875,16925000
META,2026-09-14 04:00:00,657.8300170898438,668.5999755859375,649.219970703125,665.5999755859375,665.0751342773438,19332300
META,2026-09-15 04:00:00,659.2999877929688,678.8699951171875,656.2000122070312,670.239990234375,669.7114868164062,19502800
META,2026-09-16 04:00:00,679.9099731445312,685.3099975585938,671.9099731445312,673.3099975585938,672.779052734375,17217800
META,2026-09-17 04:00:00,682.4400024414062,683.2000122070312,667.0499877929688,682.3099975585938,681.77197265625,15928000
META,2026-09-18 04:00:00,688.6199951171875,690.1500244140625,660.7999877929688,665.75,665.2250366210938,27596400
META,2026-09-21 04:00:00,680.2999877929688,753.0,679.5999755859375,741.25,741.25,48720500
META,2026-09-22 04:00:00,731.4000244140625,757.27001953125,730.0,736.5999755859375,736.5999755859375,28122100
META,2026-09-23 04:00:00,747.5999755859375,763.9000244140625,739.510009765625,744.0999755859375,744.0999755859375,30829200
META,2026-09-24 04:00:00,744.3599853515625,779.8200073242188,743.010009765625,777.5900268554688,777.5900268554688,34808500
META,2026-09-25 04:00:00,768.8499755859375,769.5700073242188,746.5399780273438,751.6599731445312,751.6599731445312,25826700
META,2026-09-28 04:00:00,750.0399780273438,750.5800170898438,713.1900024414062,715.6199951171875,715.6199951171875,27943100
META,2026-09-29 04:00:00,725.0,740.4500122070312,715.0999755859375,738.7899780273438,738.7899780273438,23591100
META,2026-09-30 04:00:00,730.27001953125,738.25,721.2999877929688,725.1799926757812,725.1799926757812,19293000
META,2026-10-01 04:00:00,728.530029296875,735.8800048828125,721.510009765625,725.9299926757812,725.9299926757812,12408400
META,2026-10-02 04:00:00,733.25,741.5800170898438,726.2000122070312,728.0800170898438,728.0800170898438,12944900
MSFT,2026-05-12 04:00:00,414.4800109863281,415.5,406.6400146484375,407.7699890136719,406.1241760253906,38594200
MSFT,2026-05-13 04:00:00,403.2000122070313,406.30999755859375,401.0299987792969,405.2099914550781,403.5745239257813,29667100
MSFT,2026-05-14 04:00:00,404.4800109863281,411.8399963378906,400.8800048828125,409.4299926757813,407.7774963378906,27077500
MSFT,2026-05-15 04:00:00,414.2699890136719,428.1700134277344,412.9100036621094,421.9200134277344,420.2170715332031,50771200
MSFT,2026-05-18 04:00:00,416.6199951171875,425.1199951171875,415.6099853515625,423.5400085449219,421.83056640625,32564100
MSFT,2026-05-19 04:00:00,429.8999938964844,432.7000122070313,416.489990234375,417.4200134277344,415.7352600097656,33018700
MSFT,2026-05-20 04:00:00,414.1700134277344,422.1000061035156,411.2999877929687,421.05999755859375,419.3605346679687,27864000
MSFT,2026-05-21 04:00:00,424.75,426.3399963378906,415.7099914550781,419.0899963378906,418.3025207519531,31393500
MSFT,2026-05-22 04:00:00,419.5400085449219,424.3999938964844,416.3299865722656,418.5700073242187,417.7835388183594,22390300
MSFT,2026-05-26 04:00:00,416.4299926757813,419.7699890136719,413.0199890136719,416.0299987792969,415.248291015625,30398000
MSFT,2026-05-27 04:00:00,411.010009765625,415.94000244140625,409.5799865722656,412.6700134277344,411.8946228027344,28901500
MSFT,2026-05-28 04:00:00,412.9800109863281,429.489990234375,412.6700134277344,426.989990234375,426.1876831054687,47250500
MSFT,2026-05-29 04:00:00,432.5499877929687,450.3299865722656,432.3599853515625,450.239990234375,449.3940124511719,79654400
MSFT,2026-06-01 04:00:00,464.8399963378906,466.3200073242187,458.2699890136719,460.5199890136719,459.6546936035156,53628900
MSFT,2026-06-02 04:00:00,446.8800048828125,453.5,440.4299926757813,441.30999755859375,440.4807739257813,37036800
MSFT,2026-06-03 04:00:00,438.4500122070313,440.3900146484375,424.25,427.3399963378906,426.53704833984375,39037000
MSFT,2026-06-04 04:00:00,435.80999755859375,436.1499938964844,426.4100036621094,428.0499877929687,427.2456970214844,26899500
MSFT,2026-06-05 04:00:00,428.3399963378906,429.4700012207031,414.3999938964844,416.6700134277344,415.8870849609375,34782200
MSFT,2026-06-08 04:00:00,414.1400146484375,417.1600036621094,408.55999755859375,411.739990234375,410.9663391113281,32086700
MSFT,2026-06-09 04:00:00,409.0299987792969,411.9800109863281,398.4800109863281,403.4100036621094,402.6520080566406,35317300
MSFT,2026-06-10 04:00:00,398.5499877929687,405.0400085449219,397.1600036621094,397.3599853515625,396.61334228515625,32576000
MSFT,2026-06-11 04:00:00,395.2099914550781,396.8500061035156,384.0,390.3399963378906,389.6065673828125,47224100
MSFT,2026-06-12 04:00:00,391.4299926757813,391.739990234375,382.2699890136719,390.739990234375,390.00579833984375,34865800
MSFT,2026-06-15 04:00:00,396.7999877929687,401.75,392.8500061035156,399.760009765625,399.0088806152344,32266400
MSFT,2026-06-16 04:00:00,395.7900085449219,396.8399963378906,390.69000244140625,393.8299865722656,393.0899963378906,31506800
MSFT,2026-06-17 04:00:00,390.25,390.3699951171875,377.3200073242187,378.9100036621094,378.1980285644531,41987800
MSFT,2026-06-18 04:00:00,377.8200073242187,381.3699951171875,373.2799987792969,379.3999938964844,378.6871032714844,59714200
MSFT,2026-06-22 04:00:00,375.739990234375,381.6300048828125,367.0700073242187,367.3399963378906,366.6497802734375,45171100
MSFT,2026-06-23 04:00:00,372.3800048828125,377.2200012207031,370.6700134277344,373.94000244140625,373.23736572265625,40647600
MSFT,2026-06-24 04:00:00,371.5700073242187,378.8800048828125,364.7799987792969,365.4599914550781,364.7733154296875,44509900
MSFT,2026-06-25 04:00:00,362.7699890136719,364.2300109863281,349.20001220703125,352.8299865722656,352.1670227050781,66179000
MSFT,2026-06-26 04:00:00,357.1499938964844,376.6099853515625,355.42999267578125,372.9700012207031,372.2691955566406,186201600
MSFT,2026-06-29 04:00:00,377.5,380.5,359.8999938964844,368.5700073242187,367.8774719238281,51229900
MSFT,2026-06-30 04:00:00,371.0299987792969,374.1499938964844,367.4500122070313,373.0199890136719,372.319091796875,44945700
MSFT,2026-07-01 04:00:00,380.8299865722656,388.8299865722656,374.8900146484375,384.2799987792969,383.5579528808594,48065800
MSFT,2026-07-02 04:00:00,384.4800109863281,392.2000122070313,383.7000122070313,390.489990234375,389.7562561035156,42128900
MSFT,2026-07-06 04:00:00,387.0400085449219,389.1499938964844,381.2200012207031,386.739990234375,386.0133056640625,34224500
MSFT,2026-07-07 04:00:00,392.489990234375,395.5700073242187,388.2200012207031,388.8399963378906,388.109375,29297500
MSFT,2026-07-08 04:00:00,384.0299987792969,385.30999755859375,381.3299865722656,383.3399963378906,382.6197204589844,25908300
MSFT,2026-07-09 04:00:00,374.4500122070313,384.6499938964844,373.3500061035156,384.3599853515625,383.6377868652344,31083200
MSFT,2026-07-10 04:00:00,387.7999877929687,391.9100036621094,381.5,385.1000061035156,384.37640380859375,24644600
MSFT,2026-07-13 04:00:00,387.75,393.6499938964844,384.1499938964844,390.989990234375,390.2553405761719,28914900
MSFT,2026-07-14 04:00:00,382.8200073242187,388.19000244140625,378.6499938964844,384.9299926757813,384.2067260742187,27863900
MSFT,2026-07-15 04:00:00,387.7999877929687,398.9599914550781,386.3999938964844,395.6300048828125,394.8866271972656,36253700
MSFT,2026-07-16 04:00:00,398.30999755859375,405.989990234375,392.0499877929687,401.1000061035156,400.3463439941406,37047400
MSFT,2026-07-17 04:00:00,394.8599853515625,398.3900146484375,389.3900146484375,393.8200073242187,393.08001708984375,33049800
MSFT,2026-07-20 04:00:00,391.4100036621094,403.1799926757813,389.6499938964844,402.2900085449219,401.53411865234375,27915800
MSFT,2026-07-21 04:00:00,398.80999755859375,401.4700012207031,396.3200073242187,397.75,397.0026245117187,24126600
MSFT,2026-07-22 04:00:00,399.5799865722656,401.0,386.9599914550781,390.3399963378906,389.6065673828125,28142500
MSFT,2026-07-23 04:00:00,389.9700012207031,391.7799987792969,377.3900146484375,381.5799865722656,380.8630065917969,30351800
MSFT,2026-07-24 04:00:00,387.0499877929687,389.0299987792969,380.6499938964844,381.7000122070313,380.9828186035156,27659400
MSFT,2026-07-27 04:00:00,390.0799865722656,394.2000122070313,387.989990234375,389.1000061035156,388.368896484375,27856200
MSFT,2026-07-28 04:00:00,393.1600036621094,400.3200073242187,391.2999877929687,393.3500061035156,392.61090087890625,32367500
MSFT,2026-07-29 04:00:00,393.3999938964844,401.25,388.739990234375,390.5400085449219,389.8061828613281,47209000
MSFT,2026-07-30 04:00:00,437.8999938964844,458.69000244140625,432.44000244140625,451.1000061035156,450.2524108886719,110160700
MSFT,2026-07-31 04:00:00,450.0,466.8399963378906,449.3299865722656,464.7200012207031,463.8468017578125,60846000
MSFT,2026-08-03 04:00:00,476.1300048828125,491.6499938964844,475.0,487.6499938964844,486.7337036132813,66762100
MSFT,2026-08-04 04:00:00,480.8999938964844,499.44000244140625,479.1700134277344,492.80999755859375,491.884033203125,50455500
MSFT,2026-08-05 04:00:00,496.3599853515625,498.239990234375,485.6799926757813,487.4599914550781,486.5440673828125,33388900
MSFT,2026-08-06 04:00:00,488.5499877929687,501.55999755859375,488.5199890136719,499.8599853515625,498.9207458496094,36441500
MSFT,2026-08-07 04:00:00,499.2099914550781,505.1799926757813,498.7300109863281,499.989990234375,499.0505065917969,28846200
MSFT,2026-08-10 04:00:00,503.44000244140625,513.72998046875,502.2699890136719,506.05999755859375,505.109130859375,31206100
MSFT,2026-08-11 04:00:00,504.3299865722656,505.3299865722656,499.5499877929687,503.80999755859375,502.86334228515625,23049800
MSFT,2026-08-12 04:00:00,499.989990234375,501.5,491.5199890136719,492.4299926757813,491.5047302246094,29001500
MSFT,2026-08-13 04:00:00,493.2699890136719,501.3399963378906,493.010009765625,496.8800048828125,495.9463806152344,23039000
MSFT,2026-08-14 04:00:00,496.3599853515625,500.010009765625,493.9200134277344,495.3999938964844,494.4691467285156,16217600
MSFT,2026-08-17 04:00:00,490.1400146484375,492.6600036621094,478.4100036621094,480.3500061035156,479.4474487304687,29635800
MSFT,2026-08-18 04:00:00,481.5400085449219,484.2699890136719,477.1499938964844,481.6300048828125,480.72503662109375,24087600
MSFT,2026-08-19 04:00:00,480.0700073242187,489.2999877929687,479.3599853515625,484.30999755859375,483.3999938964844,19961900
MSFT,2026-08-20 04:00:00,483.2999877929687,484.1600036621094,479.5,481.1499938964844,481.1499938964844,20020800
MSFT,2026-08-21 04:00:00,479.8800048828125,486.3599853515625,478.5299987792969,483.239990234375,483.239990234375,22510800
MSFT,2026-08-24 04:00:00,483.2099914550781,490.6099853515625,481.8599853515625,487.30999755859375,487.30999755859375,17230800
MSFT,2026-08-25 04:00:00,485.44000244140625,492.44000244140625,484.2999877929687,491.7099914550781,491.7099914550781,19519000
MSFT,2026-08-26 04:00:00,487.8500061035156,497.3999938964844,487.30999755859375,496.3699951171875,496.3699951171875,20758900
MSFT,2026-08-27 04:00:00,494.8800048828125,506.4800109863281,490.0799865722656,505.05999755859375,505.05999755859375,28688800
MSFT,2026-08-28 04:00:00,505.3299865722656,517.780029296875,504.8699951171875,513.530029296875,513.530029296875,29207300
MSFT,2026-08-31 04:00:00,510.3800048828125,512.1900024414062,506.3900146484375,507.2900085449219,507.2900085449219,27208900
MSFT,2026-09-01 04:00:00,497.5199890136719,505.9700012207031,496.7799987792969,501.0199890136719,501.0199890136719,21046900
MSFT,2026-09-02 04:00:00,499.8500061035156,500.2699890136719,493.80999755859375,496.8200073242187,496.8200073242187,15336100
MSFT,2026-09-03 04:00:00,501.6600036621094,515.6500244140625,500.7999877929687,510.1199951171875,510.1199951171875,24125900
MSFT,2026-09-04 04:00:00,510.0,511.0,499.3599853515625,499.7000122070313,499.7000122070313,18101800
MSFT,2026-09-08 04:00:00,493.010009765625,495.19000244140625,490.1499938964844,493.9500122070313,493.9500122070313,18882300
MSFT,2026-09-09 04:00:00,493.0700073242187,494.3900146484375,489.7999877929687,491.6499938964844,491.6499938964844,12889600
MSFT,2026-09-10 04:00:00,488.3200073242187,494.5199890136719,486.0,492.44000244140625,492.44000244140625,16038800
MSFT,2026-09-11 04:00:00,495.6499938964844,498.9700012207031,492.5799865722656,495.6300048828125,495.6300048828125,14510500
MSFT,2026-09-14 04:00:00,497.05999755859375,509.9500122070313,495.3399963378906,505.4100036621094,505.4100036621094,23091900
MSFT,2026-09-15 04:00:00,500.05999755859375,505.8999938964844,495.5400085449219,497.1199951171875,497.1199951171875,17794600
MSFT,2026-09-16 04:00:00,493.0299987792969,495.9700012207031,487.2300109863281,490.2999877929687,490.2999877929687,16670300
MSFT,2026-09-17 04:00:00,497.7999877929687,501.4700012207031,493.1700134277344,497.75,497.75,17841600
MSFT,2026-09-18 04:00:00,497.9700012207031,498.6499938964844,491.1000061035156,493.7799987792969,493.7799987792969,39622300
MSFT,2026-09-21 04:00:00,494.9500122070313,501.8699951171875,491.3299865722656,501.6099853515625,501.6099853515625,27959900
MSFT,2026-09-22 04:00:00,507.3200073242187,508.5,493.6499938964844,498.0,498.0,21652800
MSFT,2026-09-23 04:00:00,500.760009765625,509.44000244140625,495.8800048828125,500.5899963378906,500.5899963378906,19445600
MSFT,2026-09-24 04:00:00,495.0700073242187,498.8999938964844,491.2200012207031,497.9299926757813,497.9299926757813,16657600
MSFT,2026-09-25 04:00:00,499.0400085449219,519.4000244140625,497.25,516.1699829101562,516.1699829101562,38193100
MSFT,2026-09-28 04:00:00,505.4700012207031,513.3300170898438,502.2200012207031,509.2200012207031,509.2200012207031,19626900
MSFT,2026-09-29 04:00:00,508.30999755859375,513.6400146484375,502.3999938964844,508.9599914550781,508.9599914550781,21341800
MSFT,2026-09-30 04:00:00,511.6099853515625,519.8300170898438,510.30999755859375,512.9000244140625,512.9000244140625,27223300
MSFT,2026-10-01 04:00:00,519.8800048828125,522.8499755859375,512.1699829101562,512.7999877929688,512.7999877929688,19731900
MSFT,2026-10-02 04:00:00,519.3900146484375,522.5,513.6599731445312,517.530029296875,517.530029296875,17803300
NVDA,2026-05-12 04:00:00,218.5500030517578,223.75,214.9199981689453,220.77999877929688,220.27650451660156,159176600
NVDA,2026-05-13 04:00:00,224.92999267578125,227.83999633789065,221.57000732421875,225.8300018310547,225.3149871826172,150405400
NVDA,2026-05-14 04:00:00,229.8500061035156,236.5399932861328,229.3000030517578,235.7400054931641,235.202392578125,180782900
NVDA,2026-05-15 04:00:00,229.7599945068359,231.5,224.2400054931641,225.32000732421875,224.80616760253903,180977600
NVDA,2026-05-18 04:00:00,229.8699951171875,230.0,218.3699951171875,222.32000732421875,221.81300354003903,146280900
NVDA,2026-05-19 04:00:00,219.6199951171875,224.47999572753903,217.91000366210935,220.61000061035156,220.1068878173828,140948200
NVDA,2026-05-20 04:00:00,223.17999267578125,226.1300048828125,220.5,223.47000122070312,222.9603729248047,184201600
NVDA,2026-05-21 04:00:00,222.2899932861328,227.3999938964844,217.92999267578125,219.5099945068359,219.0093994140625,203381800
NVDA,2026-05-22 04:00:00,220.8999938964844,221.0099945068359,214.8000030517578,215.3300018310547,214.83892822265625,169275700
NVDA,2026-05-26 04:00:00,216.5399932861328,218.17999267578125,212.0,214.86000061035156,214.37001037597656,187202600
NVDA,2026-05-27 04:00:00,214.1199951171875,214.1499938964844,208.77999877929688,212.6000061035156,212.1151580810547,167601200
NVDA,2026-05-28 04:00:00,211.27999877929688,215.52000427246097,211.22000122070312,214.25,213.76138305664065,143996000
NVDA,2026-05-29 04:00:00,214.5800018310547,217.86000061035156,211.1300048828125,211.13999938964844,210.6584930419922,289410600
NVDA,2026-06-01 04:00:00,215.72999572753903,224.8699951171875,215.6999969482422,224.36000061035156,223.8483428955078,212850700
NVDA,2026-06-02 04:00:00,227.17999267578125,232.27999877929688,221.3500061035156,222.82000732421875,222.3118438720703,193362900
NVDA,2026-06-03 04:00:00,221.72000122070312,222.82000732421875,214.5099945068359,214.75,214.26025390625,160907000
NVDA,2026-06-04 04:00:00,213.91000366210935,221.6000061035156,210.97000122070312,218.66000366210935,218.4156036376953,169022200
NVDA,2026-06-05 04:00:00,214.52999877929688,214.8699951171875,204.3300018310547,205.1000061035156,204.87075805664065,219655500
NVDA,2026-06-08 04:00:00,210.17999267578125,210.47000122070312,206.0,208.63999938964844,208.40679931640625,138372800
NVDA,2026-06-09 04:00:00,210.6199951171875,211.3999938964844,199.33999633789065,208.19000244140625,207.95730590820312,180962500
NVDA,2026-06-10 04:00:00,204.42999267578125,207.22000122070312,199.9199981689453,200.4199981689453,200.19598388671875,161746600
NVDA,2026-06-11 04:00:00,201.4900054931641,205.66000366210935,199.5399932861328,204.8699951171875,204.64100646972656,158643200
NVDA,2026-06-12 04:00:00,204.86000061035156,207.07000732421875,203.44000244140625,205.19000244140625,204.96066284179688,112001800
NVDA,2026-06-15 04:00:00,208.9199981689453,212.7100067138672,208.33999633789065,212.4499969482422,212.21253967285156,149936700
NVDA,2026-06-16 04:00:00,211.17999267578125,211.4900054931641,207.2899932861328,207.41000366210935,207.1781768798828,125694100
NVDA,2026-06-17 04:00:00,208.52999877929688,209.2100067138672,203.0800018310547,204.6499938964844,204.42124938964844,128363500
NVDA,2026-06-18 04:00:00,207.3300018310547,211.38999938964844,206.5,210.69000244140625,210.4545135498047,241272000
NVDA,2026-06-22 04:00:00,211.44000244140625,213.9900054931641,207.72000122070312,208.6499938964844,208.41677856445312,122041400
NVDA,2026-06-23 04:00:00,202.1699981689453,203.77000427246097,200.0,200.0399932861328,199.81640625,153496200
NVDA,2026-06-24 04:00:00,200.1199951171875,201.6699981689453,196.5800018310547,199.0,198.7775726318359,151810700
NVDA,2026-06-25 04:00:00,200.0800018310547,200.8000030517578,192.1300048828125,195.7400054931641,195.5212249755859,149550000
NVDA,2026-06-26 04:00:00,193.1199951171875,195.5500030517578,191.22000122070312,192.52999877929688,192.31480407714844,179304100
NVDA,2026-06-29 04:00:00,193.8500061035156,196.17999267578125,189.8000030517578,194.97000122070312,194.7520751953125,148835700
NVDA,2026-06-30 04:00:00,197.2400054931641,200.6300048828125,195.11000061035156,200.08999633789065,199.86634826660156,166476700
NVDA,2026-07-01 04:00:00,196.1999969482422,199.8500061035156,193.4499969482422,197.5800018310547,197.35916137695312,146147600
NVDA,2026-07-02 04:00:00,197.13999938964844,200.05999755859375,192.3500061035156,194.8300018310547,194.61224365234375,142068700
NVDA,2026-07-06 04:00:00,194.4199981689453,197.5500030517578,193.9900054931641,195.5500030517578,195.33143615722656,108999000
NVDA,2026-07-07 04:00:00,192.3699951171875,198.41000366210935,191.13999938964844,196.92999267578125,196.7098846435547,124154600
NVDA,2026-07-08 04:00:00,195.17999267578125,205.16000366210935,195.05999755859375,204.1199951171875,203.891845703125,147419100
NVDA,2026-07-09 04:00:00,204.4600067138672,204.58999633789065,198.9600067138672,202.77999877929688,202.5533447265625,132037400
NVDA,2026-07-10 04:00:00,202.0,211.0,201.9199981689453,210.9600067138672,210.7242126464844,148421000
NVDA,2026-07-13 04:00:00,208.5399932861328,210.57000732421875,203.0,203.52999877929688,203.3025054931641,121411000
NVDA,2026-07-14 04:00:00,208.1999969482422,212.5500030517578,203.8000030517578,211.8000030517578,211.5632781982422,124379600
NVDA,2026-07-15 04:00:00,211.9600067138672,213.80999755859375,206.0399932861328,212.5,212.26248168945312,124797200
NVDA,2026-07-16 04:00:00,210.1699981689453,211.0800018310547,205.8500061035156,207.3999938964844,207.16818237304688,122986100
NVDA,2026-07-17 04:00:00,202.63999938964844,206.6499938964844,197.97000122070312,202.80999755859375,202.58331298828125,144281900
NVDA,2026-07-20 04:00:00,205.8699951171875,207.7400054931641,202.27999877929688,203.27999877929688,203.05279541015625,88701500
NVDA,2026-07-21 04:00:00,207.5399932861328,208.6499938964844,204.0099945068359,207.2899932861328,207.0583038330078,108685600
NVDA,2026-07-22 04:00:00,205.80999755859375,214.38999938964844,204.9499969482422,212.05999755859375,211.8229827880859,137645600
NVDA,2026-07-23 04:00:00,209.4600067138672,210.8699951171875,205.9600067138672,208.7599945068359,208.5266571044922,110505300
NVDA,2026-07-24 04:00:00,207.4499969482422,211.91000366210935,204.80999755859375,206.83999633789065,206.6088104248047,114836800
NVDA,2026-07-27 04:00:00,208.1999969482422,208.75,195.44000244140625,196.5099945068359,196.2903594970703,154353700
NVDA,2026-07-28 04:00:00,195.0,198.6999969482422,192.7400054931641,197.0099945068359,196.789794921875,134111500
NVDA,2026-07-29 04:00:00,195.8500061035156,197.07000732421875,190.0099945068359,190.0099945068359,189.7976226806641,147680800
NVDA,2026-07-30 04:00:00,193.4499969482422,197.25,191.52000427246097,195.0399932861328,194.82199096679688,129010200
NVDA,2026-07-31 04:00:00,198.44000244140625,202.0,194.9499969482422,200.75,200.5256195068359,139961200
NVDA,2026-08-03 04:00:00,197.69000244140625,208.7400054931641,196.8500061035156,206.63999938964844,206.40904235839844,128406900
NVDA,2026-08-04 04:00:00,211.3000030517578,213.05999755859375,209.0500030517578,211.94000244140625,211.70310974121097,134922000
NVDA,2026-08-05 04:00:00,216.86000061035156,222.22000122070312,216.3999938964844,219.22000122070312,218.9749755859375,158187400
NVDA,2026-08-06 04:00:00,221.52999877929688,223.6300048828125,217.0,218.9900054931641,218.7452392578125,113940600
NVDA,2026-08-07 04:00:00,221.5399932861328,224.7599945068359,220.66000366210935,223.9600067138672,223.70968627929688,105669400
NVDA,2026-08-10 04:00:00,223.3999938964844,224.13999938964844,216.77000427246097,217.5500030517578,217.3068389892578,115846600
NVDA,2026-08-11 04:00:00,222.1699981689453,222.1999969482422,216.1999969482422,217.5,217.25689697265625,101273100
NVDA,2026-08-12 04:00:00,221.0399932861328,225.1000061035156,220.1999969482422,224.08999633789065,223.8395233154297,108783600
NVDA,2026-08-13 04:00:00,225.05999755859375,227.22999572753903,223.7100067138672,225.3000030517578,225.04818725585935,98867200
NVDA,2026-08-14 04:00:00,226.77000427246097,227.4900054931641,224.5,225.16000366210935,224.90834045410156,75680900
NVDA,2026-08-17 04:00:00,225.97999572753903,227.9199981689453,224.86000061035156,225.0099945068359,224.7584991455078,93678700
NVDA,2026-08-18 04:00:00,220.4499969482422,221.63999938964844,218.69000244140625,219.7400054931641,219.4944000244141,103128200
NVDA,2026-08-19 04:00:00,221.6699981689453,222.8699951171875,216.7599945068359,217.55999755859375,217.31683349609375,96797300
NVDA,2026-08-20 04:00:00,218.36000061035156,219.86000061035156,215.66000366210935,216.8500061035156,216.60763549804688,92457000
NVDA,2026-08-21 04:00:00,218.4199981689453,218.7400054931641,214.5,214.72000122070312,214.48001098632812,98869300
NVDA,2026-08-24 04:00:00,215.52999877929688,215.58999633789065,207.25,208.47999572753903,208.2469787597656,135187300
NVDA,2026-08-25 04:00:00,211.02999877929688,214.72999572753903,210.11000061035156,213.0500030517578,212.81187438964844,122309000
NVDA,2026-08-26 04:00:00,212.63999938964844,213.6000061035156,209.22999572753903,209.66000366210935,209.4256591796875,179900000
NVDA,2026-08-27 04:00:00,222.86000061035156,230.47000122070312,220.8999938964844,227.97999572753903,227.7251739501953,298909800
NVDA,2026-08-28 04:00:00,227.36000061035156,229.2599945068359,216.80999755859375,217.5500030517578,217.3068389892578,195116400
NVDA,2026-08-31 04:00:00,218.8699951171875,221.3000030517578,216.2100067138672,220.77999877929688,220.53323364257812,124702700
NVDA,2026-09-01 04:00:00,216.75,220.41000366210935,215.1000061035156,217.44000244140625,217.1969757080078,109756200
NVDA,2026-09-02 04:00:00,218.7899932861328,227.9499969482422,218.47999572753903,224.41000366210935,224.1591796875,157104700
NVDA,2026-09-03 04:00:00,226.02000427246097,230.3999938964844,224.75,228.4499969482422,228.1946563720703,134681600
NVDA,2026-09-04 04:00:00,231.08999633789065,234.7599945068359,229.6300048828125,230.36000061035156,230.10252380371097,135352400
NVDA,2026-09-08 04:00:00,233.11000061035156,233.7100067138672,224.8500061035156,225.72999572753903,225.47769165039065,122965600
NVDA,2026-09-09 04:00:00,225.27999877929688,226.17999267578125,223.4600067138672,223.6699981689453,223.4199981689453,82955500
NVDA,2026-09-10 04:00:00,220.52999877929688,220.9900054931641,217.1999969482422,218.36000061035156,218.36000061035156,105768000
NVDA,2026-09-11 04:00:00,221.2400054931641,222.0,218.1499938964844,218.2899932861328,218.2899932861328,89060100
NVDA,2026-09-14 04:00:00,211.2400054931641,212.77000427246097,208.92999267578125,210.9600067138672,210.9600067138672,132267200
NVDA,2026-09-15 04:00:00,213.3800048828125,213.94000244140625,211.16000366210935,212.1699981689453,212.1699981689453,88059700
NVDA,2026-09-16 04:00:00,214.13999938964844,216.7599945068359,212.5,213.8999938964844,213.8999938964844,96563600
NVDA,2026-09-17 04:00:00,218.3800048828125,219.91000366210935,217.1499938964844,219.33999633789065,219.33999633789065,94191300
NVDA,2026-09-18 04:00:00,219.3500061035156,222.72999572753903,218.02999877929688,222.27000427246097,222.27000427246097,190287400
NVDA,2026-09-21 04:00:00,222.94000244140625,228.5,221.55999755859375,227.3800048828125,227.3800048828125,109806100
NVDA,2026-09-22 04:00:00,226.8500061035156,229.97999572753903,226.5,228.8699951171875,228.8699951171875,95746700
NVDA,2026-09-23 04:00:00,228.02999877929688,228.9499969482422,224.02000427246097,225.5099945068359,225.5099945068359,89547300
NVDA,2026-09-24 04:00:00,222.0800018310547,224.94000244140625,221.08999633789065,224.5800018310547,224.5800018310547,77469900
NVDA,2026-09-25 04:00:00,225.1300048828125,226.94000244140625,223.1300048828125,225.07000732421875,225.07000732421875,89947700
NVDA,2026-09-28 04:00:00,229.75,233.2100067138672,228.0399932861328,228.86000061035156,228.86000061035156,142344300
NVDA,2026-09-29 04:00:00,230.97000122070312,232.82000732421875,227.02999877929688,227.2100067138672,227.2100067138672,101494900
NVDA,2026-09-30 04:00:00,229.27000427246097,232.3699951171875,228.1699981689453,228.3800048828125,228.3800048828125,121732200
NVDA,2026-10-01 04:00:00,229.97999572753903,232.2899932861328,228.16000366210935,230.86000061035156,230.86000061035156,98591400
NVDA,2026-10-02 04:00:00,236.05999755859375,237.8800048828125,233.6000061035156,233.9499969482422,233.9499969482422,134914600
TSLA,2026-05-12 04:00:00,441.4100036621094,447.7999877929687,422.260009765625,433.4500122070313,433.4500122070313,60569300
TSLA,2026-05-13 04:00:00,436.6700134277344,453.3999938964844,430.2099914550781,445.2699890136719,445.2699890136719,68283200
TSLA,2026-05-14 04:00:00,446.489990234375,451.9800109863281,441.1600036621094,443.2999877929687,443.2999877929687,46070400
TSLA,2026-05-15 04:00:00,433.9800109863281,434.6600036621094,422.0,422.239990234375,422.239990234375,52688700
TSLA,2026-05-18 04:00:00,419.2699890136719,421.1300048828125,405.3299865722656,409.989990234375,409.989990234375,52474200
TSLA,2026-05-19 04:00:00,403.1600036621094,405.6300048828125,393.6300048828125,404.1099853515625,404.1099853515625,46500600
TSLA,2026-05-20 04:00:00,407.6000061035156,417.4599914550781,406.3900146484375,417.260009765625,417.260009765625,45294700
TSLA,2026-05-21 04:00:00,422.1799926757813,426.9500122070313,412.8999938964844,417.8500061035156,417.8500061035156,42636900
TSLA,2026-05-22 04:00:00,422.6700134277344,431.510009765625,420.510009765625,426.010009765625,426.010009765625,46104700
TSLA,2026-05-26 04:00:00,430.260009765625,435.2000122070313,426.1199951171875,433.5899963378906,433.5899963378906,45658900
TSLA,2026-05-27 04:00:00,442.8900146484375,445.6000061035156,435.5199890136719,440.3599853515625,440.3599853515625,44656500
TSLA,2026-05-28 04:00:00,437.6199951171875,443.9599914550781,436.2999877929687,442.1000061035156,442.1000061035156,32435000
TSLA,2026-05-29 04:00:00,439.8500061035156,441.0700073242187,428.1400146484375,435.7900085449219,435.7900085449219,45176800
TSLA,2026-06-01 04:00:00,427.489990234375,429.6000061035156,415.4299926757813,415.8800048828125,415.8800048828125,44937900
TSLA,2026-06-02 04:00:00,418.2200012207031,424.4200134277344,413.6499938964844,423.739990234375,423.739990234375,37596000
TSLA,2026-06-03 04:00:00,418.7000122070313,433.6000061035156,416.0,423.7000122070313,423.7000122070313,44500700
TSLA,2026-06-04 04:00:00,419.8399963378906,426.3500061035156,417.1600036621094,418.4500122070313,418.4500122070313,35323300
TSLA,2026-06-05 04:00:00,420.5,424.6799926757813,388.5899963378906,391.0,391.0,63420200
TSLA,2026-06-08 04:00:00,396.3299865722656,412.94000244140625,394.7200012207031,408.9500122070313,408.9500122070313,50328800
TSLA,2026-06-09 04:00:00,411.0299987792969,418.5,384.239990234375,396.6799926757813,396.6799926757813,59940200
TSLA,2026-06-10 04:00:00,391.5400085449219,397.0899963378906,380.1499938964844,381.5899963378906,381.5899963378906,49695600
TSLA,2026-06-11 04:00:00,388.2799987792969,399.5400085449219,380.6600036621094,399.1499938964844,399.1499938964844,45324300
TSLA,2026-06-12 04:00:00,399.489990234375,406.6799926757813,386.760009765625,406.4299926757813,406.4299926757813,63514500
TSLA,2026-06-15 04:00:00,412.3699951171875,416.0,407.1000061035156,411.1499938964844,411.1499938964844,45620500
TSLA,2026-06-16 04:00:00,404.1099853515625,412.4200134277344,400.5400085449219,404.6600036621094,404.6600036621094,40255500
TSLA,2026-06-17 04:00:00,401.5299987792969,405.94000244140625,393.760009765625,396.3800048828125,396.3800048828125,43534300
TSLA,2026-06-18 04:00:00,398.1000061035156,402.5199890136719,384.7000122070313,400.489990234375,400.489990234375,58384700
TSLA,2026-06-22 04:00:00,394.8500061035156,414.75,394.3999938964844,405.0499877929687,405.0499877929687,47819500
TSLA,2026-06-23 04:00:00,392.6099853515625,392.8699951171875,379.05999755859375,381.6099853515625,381.6099853515625,50420200
TSLA,2026-06-24 04:00:00,380.0799865722656,384.5799865722656,373.0499877929687,375.5299987792969,375.5299987792969,37081400
TSLA,2026-06-25 04:00:00,375.2699890136719,379.1199951171875,371.2200012207031,375.1199951171875,375.1199951171875,30138800
TSLA,2026-06-26 04:00:00,370.1499938964844,387.7999877929687,368.6000061035156,379.7099914550781,379.7099914550781,53434100
TSLA,2026-06-29 04:00:00,381.7900085449219,413.2699890136719,379.2999877929687,411.8399963378906,411.8399963378906,57645800
TSLA,2026-06-30 04:00:00,406.0,424.5400085449219,406.0,420.6000061035156,420.6000061035156,43385600
TSLA,2026-07-01 04:00:00,421.4599914550781,432.8599853515625,418.0899963378906,425.2999877929687,425.2999877929687,40127900
TSLA,2026-07-02 04:00:00,428.010009765625,432.3500061035156,389.2999877929687,393.4500122070313,393.4500122070313,73717700
TSLA,2026-07-06 04:00:00,397.5,420.0,390.5,419.7699890136719,419.7699890136719,54727900
TSLA,2026-07-07 04:00:00,416.9599914550781,419.55999755859375,401.8800048828125,402.8999938964844,402.8999938964844,38149900
TSLA,2026-07-08 04:00:00,399.3800048828125,399.6300048828125,390.510009765625,394.05999755859375,394.05999755859375,33844900
TSLA,2026-07-09 04:00:00,393.989990234375,407.8599853515625,390.8599853515625,406.5499877929687,406.5499877929687,37835000
TSLA,2026-07-10 04:00:00,410.489990234375,413.1600036621094,402.80999755859375,407.760009765625,407.760009765625,33410000
TSLA,2026-07-13 04:00:00,404.6099853515625,405.5700073242187,391.3699951171875,394.760009765625,394.760009765625,32809200
TSLA,2026-07-14 04:00:00,399.0499877929687,402.2200012207031,394.760009765625,396.1799926757813,396.1799926757813,23385000
TSLA,2026-07-15 04:00:00,399.3999938964844,406.5899963378906,390.6600036621094,394.4599914550781,394.4599914550781,31549800
TSLA,2026-07-16 04:00:00,392.3500061035156,395.30999755859375,385.3200073242187,391.05999755859375,391.05999755859375,29269100
TSLA,2026-07-17 04:00:00,381.7799987792969,385.69000244140625,377.2200012207031,380.8399963378906,380.8399963378906,31394600
TSLA,2026-07-20 04:00:00,386.0499877929687,386.6099853515625,369.4299926757813,369.5700073242187,369.5700073242187,33901500
TSLA,2026-07-21 04:00:00,371.1700134277344,384.0700073242187,369.9800109863281,378.9299926757813,378.9299926757813,32735300
TSLA,2026-07-22 04:00:00,375.5299987792969,380.1700134277344,372.8999938964844,374.010009765625,374.010009765625,30646100
TSLA,2026-07-23 04:00:00,341.0,342.1099853515625,315.739990234375,319.69000244140625,319.69000244140625,115606400
TSLA,2026-07-24 04:00:00,320.7200012207031,322.9599914550781,306.510009765625,313.0299987792969,313.0299987792969,62760000
TSLA,2026-07-27 04:00:00,313.239990234375,317.0,304.2799987792969,309.2200012207031,309.2200012207031,44919400
TSLA,2026-07-28 04:00:00,305.92999267578125,311.1600036621094,300.69000244140625,307.44000244140625,307.44000244140625,39802400
TSLA,2026-07-29 04:00:00,307.1400146484375,309.05999755859375,297.3800048828125,298.32000732421875,298.32000732421875,39478000
TSLA,2026-07-30 04:00:00,302.70001220703125,310.8699951171875,301.3299865722656,308.8500061035156,308.8500061035156,38005400
TSLA,2026-07-31 04:00:00,309.69000244140625,315.5,301.9700012207031,311.2099914550781,311.2099914550781,36630600
TSLA,2026-08-03 04:00:00,310.9599914550781,324.6499938964844,310.42999267578125,322.0799865722656,322.0799865722656,38281400
TSLA,2026-08-04 04:00:00,324.0,329.57000732421875,320.7900085449219,327.3500061035156,327.3500061035156,33318300
TSLA,2026-08-05 04:00:00,323.4200134277344,327.1400146484375,320.2799987792969,321.54998779296875,321.54998779296875,27820800
TSLA,2026-08-06 04:00:00,317.04998779296875,323.0,315.5199890136719,319.5299987792969,319.5299987792969,26033800
TSLA,2026-08-07 04:00:00,322.3399963378906,333.7300109863281,321.25,328.5799865722656,328.5799865722656,39492300
TSLA,2026-08-10 04:00:00,326.6000061035156,332.04998779296875,326.1499938964844,330.8800048828125,330.8800048828125,25003800
TSLA,2026-08-11 04:00:00,332.79998779296875,336.20001220703125,329.5299987792969,332.80999755859375,332.80999755859375,23345200
TSLA,2026-08-12 04:00:00,335.0,335.5,323.6400146484375,327.510009765625,327.510009765625,28698900
TSLA,2026-08-13 04:00:00,327.20001220703125,341.6400146484375,325.239990234375,339.9599914550781,339.9599914550781,34708300
TSLA,2026-08-14 04:00:00,342.3299865722656,351.260009765625,335.3299865722656,342.2699890136719,342.2699890136719,45437100
TSLA,2026-08-17 04:00:00,340.69000244140625,345.45001220703125,337.4800109863281,339.29998779296875,339.29998779296875,26037100
TSLA,2026-08-18 04:00:00,333.2200012207031,340.5299987792969,331.1199951171875,336.8699951171875,336.8699951171875,27994500
TSLA,2026-08-19 04:00:00,338.8900146484375,351.6199951171875,335.70001220703125,351.1199951171875,351.1199951171875,36735400
TSLA,2026-08-20 04:00:00,346.20001220703125,347.5,338.9599914550781,345.1300048828125,345.1300048828125,30766400
TSLA,2026-08-21 04:00:00,349.8800048828125,366.5,346.8999938964844,362.8599853515625,362.8599853515625,59224000
TSLA,2026-08-24 04:00:00,361.4100036621094,363.239990234375,348.260009765625,348.95001220703125,348.95001220703125,39190500
TSLA,2026-08-25 04:00:00,349.5799865722656,357.0,349.20001220703125,350.25,350.25,29816700
TSLA,2026-08-26 04:00:00,345.2699890136719,351.92999267578125,342.5299987792969,345.82000732421875,345.82000732421875,28573000
TSLA,2026-08-27 04:00:00,346.1600036621094,355.739990234375,345.45001220703125,354.80999755859375,354.80999755859375,30136200
TSLA,2026-08-28 04:00:00,357.1000061035156,358.79998779296875,345.20001220703125,348.75,348.75,32972200
TSLA,2026-08-31 04:00:00,347.2099914550781,368.9200134277344,347.1499938964844,367.9500122070313,367.9500122070313,61732300
TSLA,2026-09-01 04:00:00,360.8999938964844,362.7000122070313,352.9599914550781,356.0899963378906,356.0899963378906,36193900
TSLA,2026-09-02 04:00:00,360.4100036621094,360.6199951171875,349.9200134277344,357.010009765625,357.010009765625,33951900
TSLA,2026-09-03 04:00:00,365.8200073242187,384.0400085449219,365.8200073242187,376.3699951171875,376.3699951171875,63601000
TSLA,2026-09-04 04:00:00,362.0700073242187,364.69000244140625,351.32000732421875,354.0799865722656,354.0799865722656,65018200
TSLA,2026-09-08 04:00:00,357.1000061035156,370.0,355.75,368.1600036621094,368.1600036621094,51078800
TSLA,2026-09-09 04:00:00,368.25,375.44000244140625,366.0,367.80999755859375,367.80999755859375,32564300
TSLA,2026-09-10 04:00:00,360.6000061035156,369.2099914550781,357.67999267578125,363.55999755859375,363.55999755859375,29667200
TSLA,2026-09-11 04:00:00,364.2000122070313,368.6600036621094,361.6000061035156,365.44000244140625,365.44000244140625,30153000
TSLA,2026-09-14 04:00:00,359.7799987792969,367.7300109863281,357.0400085449219,358.9700012207031,358.9700012207031,32477200
TSLA,2026-09-15 04:00:00,358.75,362.3900146484375,354.04998779296875,356.5799865722656,356.5799865722656,30317700
TSLA,2026-09-16 04:00:00,357.92999267578125,365.1000061035156,354.8900146484375,358.0799865722656,358.0799865722656,32177400
TSLA,2026-09-17 04:00:00,367.4800109863281,374.1199951171875,363.2200012207031,366.2000122070313,366.2000122070313,38924100
TSLA,2026-09-18 04:00:00,369.0,370.8999938964844,360.75,364.2699890136719,364.2699890136719,51922300
TSLA,2026-09-21 04:00:00,371.6400146484375,378.3599853515625,371.0700073242187,375.2999877929687,375.2999877929687,36599600
TSLA,2026-09-22 04:00:00,379.0700073242187,380.4200134277344,372.8800048828125,378.8999938964844,378.8999938964844,28229900
TSLA,2026-09-23 04:00:00,380.1000061035156,386.7000122070313,377.5799865722656,380.1199951171875,380.1199951171875,33522500
TSLA,2026-09-24 04:00:00,377.3500061035156,383.3299865722656,375.7000122070313,377.94000244140625,377.94000244140625,26165700
TSLA,2026-09-25 04:00:00,384.6199951171875,386.8299865722656,367.6700134277344,372.1099853515625,372.1099853515625,45999500
TSLA,2026-09-28 04:00:00,368.05999755859375,369.4299926757813,356.79998779296875,357.45001220703125,357.45001220703125,39452900
TSLA,2026-09-29 04:00:00,358.3999938964844,358.739990234375,351.6700134277344,352.8399963378906,352.8399963378906,32492400
TSLA,2026-09-30 04:00:00,352.1099853515625,355.2200012207031,345.8800048828125,354.80999755859375,354.80999755859375,39235800
TSLA,2026-10-01 04:00:00,356.80999755859375,359.7900085449219,353.79998779296875,354.1099853515625,354.1099853515625,31080800
TSLA,2026-10-02 04:00:00,360.0799865722656,374.6000061035156,359.4100036621094,370.5899963378906,370.5899963378906,55242800
