ticker,date,open,high,low,close,adj_close,volume,Close,Daily_Return,log_return,Log_Return,SMA_50,SMA_200,EMA_20,EMA_50,Momentum_4,Momentum_10,RSI_14,Stochastic_K,Stochastic_D,Volatility_10,Volatility_20,Rolling_Volatility_20,MACD,MACD_Signal,Middle_Band,Upper_Band,Lower_Band,BB_%B
AAPL,2026-05-12 04:00:00,292.55999755859375,295.2699890136719,292.55999755859375,294.79998779296875,294.54595947265625,45748100,294.79998779296875,,,,,,294.79998779296875,294.79998779296875,,,,,,,,,0.0,0.0,,,,
AAPL,2026-05-13 04:00:00,293.5,300.9200134277344,293.5,298.8699951171875,298.6124572753906,52684300,298.8699951171875,0.013805995565634221,0.013711560991706276,0.013711560991706276,,,295.18760753813245,294.95959592333026,,,,,,,,,0.3246729489405311,0.06493458978810622,,,,
AAPL,2026-05-14 04:00:00,299.82000732421875,300.45001220703125,295.3800048828125,298.2099914550781,297.9530334472656,35324900,298.2099914550781,-0.00220833028705536,-0.002210772244144634,-0.002210772244144634,,,295.4754536254606,295.08706241477137,,,,,,,,,0.5226965005753641,0.1564869719455578,,,,
AAPL,2026-05-15 04:00:00,297.8999938964844,303.20001220703125,296.5199890136719,300.2300109863281,299.9713134765625,54862800,300.2300109863281,0.0067738157309671365,0.006750976522238501,0.006750976522238501,,,295.9282686122099,295.2887466724795,,,,,,,,,0.8330276617499521,0.2917951099064367,,,,
AAPL,2026-05-18 04:00:00,300.239990234375,300.6600036621094,294.9100036621094,297.8399963378906,297.5833435058594,34483000,297.8399963378906,-0.007960612067346995,-0.007992466908238653,-0.007992466908238653,,,296.1103379194176,295.3887956789662,3.040008544921875,,,,,,,,0.8760149794700283,0.40863908381915504,,,,
AAPL,2026-05-19 04:00:00,296.9700012207031,300.510009765625,296.3500061035156,298.9700012207031,298.7123718261719,42243600,298.9700012207031,0.003793999787491842,0.003786820722815226,0.003786820722815226,,,296.3826868052543,295.5292351119755,0.100006103515625,,,,,,,,0.9898542648657553,0.5248821200284751,,,,
AAPL,2026-05-20 04:00:00,298.17999267578125,302.79998779296875,298.0799865722656,302.25,301.98956298828125,38229800,302.25,0.0109709963070026,0.010911251503184886,0.010911251503184886,,,296.9414785380872,295.792794519349,4.040008544921875,,,,,,,,1.3294165219730871,0.6857890004173975,,,,
AAPL,2026-05-21 04:00:00,301.05999755859375,305.5400085449219,300.3999938964844,304.989990234375,304.7271728515625,42965100,304.989990234375,0.009065310949131433,0.009024467670268961,0.009024467670268961,,,297.70800346154317,296.15346886111473,4.759979248046875,,,,,,,,1.79888000111589,0.9084072005570961,,,,
AAPL,2026-05-22 04:00:00,306.1199951171875,311.3999938964844,305.8399963378906,308.82000732421875,308.55389404296875,43670200,308.82000732421875,0.012557845216167651,0.012479649444335736,0.012479649444335736,,,298.7662895437027,296.65019585966786,10.980010986328125,,,,,,,,2.451721640077267,1.2170700884611303,,,,
AAPL,2026-05-26 04:00:00,309.55999755859375,311.82000732421875,307.6700134277344,308.3299865722656,308.0643005371094,48000500,308.3299865722656,-0.001586751960143129,-0.0015880121843198519,-0.0015880121843198519,,,299.6771178321373,297.10822686800503,9.3599853515625,,,,,4.675334482486246,,,2.8961774323831833,1.552891557245541,,,,
AAPL,2026-05-27 04:00:00,308.3299865722656,313.260009765625,308.29998779296875,310.8500061035156,310.5821533203125,50430900,310.8500061035156,0.008173125031610828,0.008139905925081868,0.008139905925081868,,,300.74120242941143,297.6471201713584,8.600006103515625,16.050018310546875,,,,4.932048554326127,,,3.4124201105301495,1.924797267902463,,,,
AAPL,2026-05-28 04:00:00,310.67999267578125,312.79998779296875,309.57000732421875,312.510009765625,312.24072265625,48220400,312.510009765625,0.005340207912225559,0.005325999563197865,0.005325999563197865,,,301.8620412233365,298.2299785868198,7.52001953125,13.6400146484375,,,,5.532231152932824,,,3.910417713343122,2.321921356990595,,,,
AAPL,2026-05-29 04:00:00,311.7799987792969,315.0,309.5299987792969,312.05999755859375,311.7911071777344,70026800,312.05999755859375,-0.001439992937726231,-0.0014410307239461104,-0.0014410307239461104,,,302.8332751600277,298.7723322719874,3.239990234375,13.850006103515625,,,,5.571727488856807,,,4.220125200873952,2.7015621257672664,,,,
AAPL,2026-06-01 04:00:00,309.6300048828125,310.94000244140625,305.0199890136719,306.30999755859375,306.0460510253906,48849900,306.30999755859375,-0.018425943872925732,-0.0185978161231111,-0.0185978161231111,,,303.16439157893876,299.06792698910925,-2.019989013671875,6.079986572265625,,64.99150471634714,,5.231681380524702,,,3.955991463744283,2.9524479933626697,,,,
AAPL,2026-06-02 04:00:00,307.4599914550781,315.45001220703125,306.69000244140625,315.20001220703125,314.92840576171875,44534700,315.20001220703125,0.029022933365852488,0.02860974364520492,0.02860974364520492,,,304.31064116256664,299.70055778196894,4.350006103515625,17.360015869140625,84.64430944898974,100.0,,4.989756356583183,,,4.413141511010963,3.2445866968923283,,,,
AAPL,2026-06-03 04:00:00,314.17999267578125,316.94000244140625,308.8500061035156,310.260009765625,309.9926452636719,50836700,310.260009765625,-0.015672595971098935,-0.0157967095998125,-0.0157967095998125,,,304.87724769619126,300.11465393819077,-2.25,11.290008544921875,76.30602967647877,71.54379075086182,78.84509848906966,3.862131155847122,,,4.326941022677374,3.4610575620493376,,,,
AAPL,2026-06-04 04:00:00,313.2300109863281,313.5400085449219,309.6499938964844,311.2300109863281,310.9618225097656,44869100,311.2300109863281,0.0031264139436979477,0.0031215368741391546,0.0031215368741391546,,,305.4822727714424,300.5505502930197,-0.829986572265625,8.980010986328125,76.78952527012677,77.13135027854297,82.89171367646827,3.03229265458218,,,4.287474173096882,3.6263408842588465,,,,
AAPL,2026-06-05 04:00:00,312.8599853515625,315.1700134277344,307.1499938964844,307.3399963378906,307.0751647949219,65310500,307.3399963378906,-0.012498841728371679,-0.012577609274253502,-0.012577609274253502,,,305.65919882538986,300.81680307909306,1.029998779296875,2.350006103515625,70.57024741923351,54.72345228029034,67.79953110323171,2.664856543355686,,,3.897378188814116,3.6805483451699006,,,,
AAPL,2026-06-08 04:00:00,308.739990234375,317.3999938964844,301.1700134277344,301.5400085449219,301.2801818847656,77949100,301.5400085449219,-0.01887156849768501,-0.01905190902330898,-0.01905190902330898,,,305.2668949891548,300.845164077753,-13.660003662109375,-7.279998779296875,62.448979319069245,15.83490809946881,49.229903552767375,3.844612205665905,,,3.084655776745251,3.5613698314849707,,,,
AAPL,2026-06-09 04:00:00,300.2799987792969,300.75,287.7799987792969,290.54998779296875,290.29962158203125,70108800,290.54998779296875,-0.03644631040831148,-0.03712706918079524,-0.03712706918079524,,,303.8652847799942,300.44143167442815,-19.71002197265625,-17.779998779296875,50.572831515480345,0.0,23.519453459919717,7.160004565516392,6.75274131540247,,1.5360578636951345,3.1563074379270035,304.5580001831055,318.0634828139104,291.05251755230057,-0.018604657570163077
AAPL,2026-06-10 04:00:00,290.739990234375,294.75,287.3800048828125,291.5799865722656,291.3287353515625,52793300,291.5799865722656,0.003544996808021894,0.0035387281174611347,0.0035387281174611347,,,302.6952563792582,300.09392402336294,-19.6500244140625,-19.27001953125,51.503686138524436,4.178489895163247,6.671132664877352,8.6760587701429,7.030319305716009,0.23324722073009943,0.3874291123468083,2.6025317728109645,304.3970001220703,318.45763873350234,290.3363615106383,0.0442236336483388
AAPL,2026-06-11 04:00:00,293.7200012207031,297.0,289.5899963378906,295.6300048828125,295.375244140625,42572500,295.6300048828125,0.013889904990249002,0.013794324313997033,0.013794324313997033,,,302.0223752843586,299.9188683707923,-11.709991455078125,-16.8800048828125,55.08553547775758,20.60856818845855,8.262352694540597,8.877782590095041,7.199670846392062,0.23331450942711546,-0.19383046137073734,2.043259325974624,304.23500061035156,318.63434230313567,289.83565891756746,0.20120176633313536
AAPL,2026-06-12 04:00:00,296.0299987792969,297.1400146484375,289.6199951171875,291.1300048828125,290.879150390625,38742100,291.1300048828125,-0.015221729613622226,-0.015338769356976291,-0.015338769356976291,,,300.98500667468755,299.5742070575382,-10.410003662109375,-20.92999267578125,50.61255448707588,2.3530081759791615,9.04668875320032,9.269533228044544,7.6701877175816975,0.23913862703530173,-1.0059987261195147,1.4334077155557965,303.8810012817383,319.22137671690166,288.5406258465749,0.08439751188560134
AAPL,2026-06-15 04:00:00,294.1199951171875,297.7799987792969,291.70001220703125,296.4200134277344,296.1645812988281,45732600,296.4200134277344,0.018170605764429082,0.018007493246393634,0.018007493246393634,,,300.55024541307296,299.4505131897028,5.870025634765625,-9.889984130859375,55.21626812003602,23.813467833390284,15.591681399275998,9.295281390528896,7.81164656268706,0.2473021422195644,-1.2088535370700697,0.9049554650306233,303.6905014038086,319.3137945291827,288.06720827843446,0.26731896669511834
AAPL,2026-06-16 04:00:00,295.25,300.4800109863281,293.9700012207031,299.239990234375,298.9821472167969,39874400,299.239990234375,0.009513449426140408,0.009468481540986734,0.009468481540986734,,,300.4254592055779,299.4422573875331,7.660003662109375,-15.96002197265625,57.49108083247811,35.25352468392982,20.473333564433087,7.862812894928579,7.762579805111872,0.24818090212961236,-1.1290538455520505,0.4981536029140886,303.7605010986328,319.28566070885654,288.23534148840906,0.35441338518410714
AAPL,2026-06-17 04:00:00,300.8500061035156,302.07000732421875,294.3599853515625,295.95001220703125,295.6949768066406,42745100,295.95001220703125,-0.010994446379867018,-0.011055331985774613,-0.011055331985774613,,,299.99922615809726,299.3053065961409,0.32000732421875,-14.30999755859375,54.042107868813126,21.906771057727067,26.991254525015723,6.932472047596122,7.889013314154173,0.2509398768212027,-1.3161143988738786,0.1353000025564952,303.60950164794923,319.38752827625757,287.8314750196409,0.2572735291504828
AAPL,2026-06-18 04:00:00,298.1099853515625,300.57000732421875,295.6199951171875,298.010009765625,297.7532043457031,85962200,298.010009765625,0.006960626705947437,0.0069365133751416366,0.0069365133751416366,,,299.8097769778618,299.254510642003,6.8800048828125,-13.220001220703125,55.828947023214,30.26375084805356,29.141348863236814,5.181542741015754,7.983869524488907,0.24892957124535633,-1.2833430681826599,-0.1484286115913358,303.39750213623046,319.3652411852083,287.42976308725264,0.33130071345478496
AAPL,2026-06-22 04:00:00,297.30999755859375,302.4200134277344,296.760009765625,297.010009765625,296.75408935546875,44879900,297.010009765625,-0.0033555919842641613,-0.0033612346094813285,-0.0033612346094813285,,,299.5431324814583,299.16649099979213,0.589996337890625,-10.329986572265625,54.71679542316867,26.206959734169253,26.125827213316626,3.6309924804102938,8.09867213003049,0.2463773610314017,-1.3228146117359074,-0.3833058116202501,302.99850311279295,319.1958473728539,286.801158852732,0.3151396534203994
AAPL,2026-06-23 04:00:00,297.5400085449219,301.6400146484375,294.17999267578125,294.29998779296875,294.04638671875,52010900,294.29998779296875,-0.00912434558954689,-0.009166227388095017,-0.009166227388095017,,,299.04378536826886,298.9756477367795,-4.94000244140625,-7.240020751953125,51.71044026453431,18.133441945094983,24.868050842439263,3.0065931765742735,8.199531515022477,0.24223677260575996,-1.5548488888429688,-0.617614427064794,302.27250213623046,318.6715651662754,285.8734391061855,0.2569216506865314
AAPL,2026-06-24 04:00:00,295.3599853515625,299.70001220703125,292.94000244140625,293.0799865722656,292.8274230957031,53081900,293.0799865722656,-0.004145434153267291,-0.004154050285409865,-0.004154050285409865,,,298.4758045305543,298.7444453381711,-2.870025634765625,2.529998779296875,50.36874797821589,12.234022929477616,18.858141536247285,2.681029084189653,8.314841277568592,0.2422928150576221,-1.81624508493627,-0.8573405586390892,301.51000213623047,318.1396846913677,284.88031958109326,0.24653708704257074
AAPL,2026-06-25 04:00:00,287.3999938964844,288.79998779296875,273.75,275.1499938964844,274.91290283203125,107013700,275.1499938964844,-0.06117781321571136,-0.06312918215256177,-0.06312918215256177,,,296.25429875588094,297.81917273261473,-22.860015869140625,-16.42999267578125,35.705879170739024,0.0,10.1224882915242,6.894000239316799,9.887485286870334,0.32018967755508376,-3.430657530827375,-1.3720039530767465,299.7250015258789,319.4999720996196,279.9500309521382,-0.12136647783506267
AAPL,2026-06-26 04:00:00,275.0,285.95001220703125,274.2099914550781,283.7799987792969,283.53546142578125,261775500,283.7799987792969,0.03136472859984596,0.030882904454319803,0.030882904454319803,,,295.06627018668246,297.26861689130817,-13.230010986328125,-11.850006103515625,44.13552161643852,32.701781328201974,14.97860141922653,7.496849894814518,10.018406588816157,0.3442339641710754,-3.967981336462742,-1.8911994297539458,298.2885009765625,318.3253141541948,278.25168779893016,0.13795384853261308
AAPL,2026-06-29 04:00:00,286.7300109863281,288.3699951171875,279.8500061035156,281.739990234375,281.4972229003906,66427000,281.739990234375,-0.007188697419469814,-0.00721466060725805,-0.00721466060725805,,,293.79710066741507,296.65965114005587,-12.55999755859375,-9.3900146484375,42.71000227299686,27.355738230334907,20.01917318617896,8.227069021523196,10.118338974529618,0.34409192943485517,-4.506478089914822,-2.414255161786121,296.7725006103516,317.0091785594108,276.53582266129234,0.12858255653874717
AAPL,2026-06-30 04:00:00,281.1700134277344,289.94000244140625,280.70001220703125,289.3599853515625,289.11065673828125,65100200,289.3599853515625,0.02704619642688466,0.02668691184994011,0.02668691184994011,,,293.37451825638146,296.3733897365856,-3.720001220703125,-7.060028076171875,49.29751525462927,58.98710508613711,39.681541548224665,8.056045769401692,9.98644153787718,0.3578222275286454,-4.269158521705208,-2.7852358337699386,295.925,315.89788307575435,275.9521169242457,0.3356518029085402
AAPL,2026-07-01 04:00:00,293.44000244140625,296.5899963378906,289.20001220703125,294.3800048828125,294.1263427734375,50164200,294.3800048828125,0.017348699838890536,0.017199929330940868,0.017199929330940868,,,293.47027888747016,296.29521778153565,19.230010986328125,-4.8599853515625,53.121790088725376,79.82571153853462,55.38951828500222,7.622703819623584,8.897186297633748,0.34663606944182374,-3.6341156093989753,-2.955011788895746,294.8839996337891,312.67837222905655,277.0896270385216,0.48583836692532184
AAPL,2026-07-02 04:00:00,294.1199951171875,309.4200134277344,293.67999267578125,308.6300048828125,308.3640441894531,75352800,308.6300048828125,0.0484068203126522,0.047271697894878145,0.047271697894878145,,,294.914062315598,296.77893492276223,24.850006103515625,12.67999267578125,61.905471840810364,100.0,79.60427220822392,9.495890535789316,8.755259120927775,0.3867342411542154,-1.9584083064878541,-2.7556910924141675,294.80249938964846,312.313017631504,277.2919811477929,0.8948342733829553
AAPL,2026-07-06 04:00:00,307.3599853515625,314.20001220703125,307.0,312.6600036621094,312.3905944824219,53590000,312.6600036621094,0.01305770247720095,0.012973185615845364,0.012973185615845364,,,296.6041519676467,297.4017219321484,30.920013427734375,14.649993896484375,63.962028342478284,100.0,93.27523717951154,11.518881176981381,8.901099165852516,0.38944940419882446,-0.3017327869812334,-2.264899431327581,294.8739990234375,312.6761973551425,277.07180069173245,0.9995451771536471
AAPL,2026-07-07 04:00:00,315.2900085449219,315.4800109863281,310.1499938964844,310.6600036621094,310.3923034667969,42490000,310.6600036621094,-0.006396724801939757,-0.0064172715140114545,-0.0064172715140114545,,,297.9428045099765,297.92165454900965,21.300018310546875,13.649993896484375,62.16829946712059,94.66808989787882,98.22269663262627,12.784883970416073,9.172635194519568,0.38737092050747374,0.8401267543641779,-1.6438941941892293,295.0399993896484,313.38526977868753,276.6947290006093,0.925722923162625
AAPL,2026-07-08 04:00:00,311.9100036621094,314.82000732421875,307.04998779296875,313.3900146484375,313.1199645996094,41323500,313.3900146484375,0.008787777487112347,0.008749389702145728,0.008749389702145728,,,299.41396738030613,298.52825690584996,19.010009765625,19.09002685546875,63.666138721699014,100.0,98.22269663262627,14.127356833081985,9.963246407539247,0.38124612045955747,1.9429506132522647,-0.9265252327009306,295.6324996948242,315.55899250990274,275.7060068797457,0.9455755239621506
AAPL,2026-07-09 04:00:00,310.510009765625,316.5299987792969,308.1600036621094,316.2200012207031,315.947509765625,48124500,316.2200012207031,0.009030238488741738,0.00898970969223071,0.00898970969223071,,,301.0145420317725,299.2220508005501,7.589996337890625,23.1400146484375,65.20408874474862,100.0,98.22269663262627,15.383680591276416,10.884864220670202,0.3526616355516012,3.0105984273965873,-0.13910050068142701,296.91600036621094,318.68572880755136,275.1462719248705,0.943367975547048
AAPL,2026-07-10 04:00:00,314.7200012207031,316.9100036621094,312.1700134277344,315.32000732421875,315.0483093261719,34132300,315.32000732421875,-0.0028461004775477416,-0.0028501583226974415,-0.0028501583226974415,,,302.3769672977198,299.853343213243,2.660003662109375,40.170013427734375,64.27234880305313,97.80863468228881,99.26954489409627,13.737428709234669,11.546656186241643,0.35355652540086613,3.7409714361673423,0.6369138866883268,298.1030014038086,321.1963137762919,275.0096890313253,0.8727703857010346
AAPL,2026-07-13 04:00:00,317.0199890136719,323.45001220703125,315.7799987792969,317.30999755859375,317.03656005859375,43257800,317.30999755859375,0.0063110179758711915,0.0062911868943995525,0.0062911868943995525,,,303.7991606558982,300.53791789345286,6.649993896484375,33.529998779296875,65.44802787732374,100.0,99.26954489409627,12.681040485202539,12.295638931533405,0.35177408915670433,4.429314508047071,1.3953940109600758,299.18700103759767,323.7782789006645,274.59572317453086,0.8684842370110152
AAPL,2026-07-14 04:00:00,313.760009765625,316.19000244140625,311.9100036621094,314.8599853515625,314.58868408203125,36336800,314.8599853515625,-0.0077211944971221635,-0.0077511572511698955,-0.0077511572511698955,,,304.8525725316758,301.09956759769244,1.469970703125,33.1199951171875,62.71190074322634,94.18877610479632,97.33247026236171,9.601636317512545,12.617956397997114,0.34737725266037434,4.722695547756132,2.060854318319287,300.37350006103514,325.6094128570294,275.1375872650409,0.7870212266074011
AAPL,2026-07-15 04:00:00,317.6199951171875,328.7300109863281,317.32000732421875,327.5,327.2178039550781,60957600,327.5,0.040144874663333496,0.039360006012478126,0.039360006012478126,,,307.0094703858019,302.13487867229276,11.279998779296875,38.1400146484375,69.7404564773938,100.0,98.06292536826544,8.296547737732922,13.949084696789141,0.36660068518264766,5.907052852272386,2.830094025109907,301.92749938964846,329.8256687832267,274.0293299960702,0.9583186131244502
AAPL,2026-07-16 04:00:00,328.010009765625,334.67999267578125,326.7900085449219,333.260009765625,332.97283935546875,62970600,333.260009765625,0.017587816078244334,0.017434940338492192,0.017434940338492192,,,309.50952175530887,303.3554720485019,17.94000244140625,38.8800048828125,72.3025552996854,100.0,98.06292536826544,7.636613397100209,15.582712635011216,0.3689756836334173,7.227139236233597,3.709503067334645,303.6285003662109,334.7939256362333,272.4630750961885,0.9753907437919068
AAPL,2026-07-17 04:00:00,331.9800109863281,334.989990234375,329.0,333.739990234375,333.452392578125,63407100,333.739990234375,0.0014402582208634662,0.001439222043781139,0.001439222043781139,,,311.81718541998185,304.5470217812812,16.42999267578125,25.1099853515625,72.51142276469379,100.0,100.0,8.64699134821859,16.842828003487153,0.3642273692382915,8.217323429308806,4.611067139729477,305.51799926757815,339.20365527455243,271.83234326060386,0.9189022021859061
AAPL,2026-07-20 04:00:00,333.510009765625,333.7099914550781,323.67999267578125,326.5899963378906,326.3085632324219,53468000,326.5899963378906,-0.021423845225929217,-0.0216566670967116,-0.0216566670967116,,,313.224119793116,305.41145215605025,11.730010986328125,13.92999267578125,64.68599408802241,83.8891547773276,94.6297182591092,8.545531681221773,17.376261212070876,0.37717257186842074,8.329094170838403,5.354672545951263,306.9469985961914,341.6995210203332,272.19447617204963,0.7826125468241362
AAPL,2026-07-21 04:00:00,323.1300048828125,329.6000061035156,322.2200012207031,327.739990234375,327.45758056640625,41338900,327.739990234375,0.0035212159263280363,0.0035150309603428622,0.0035150309603428622,,,314.6065836446645,306.2870811002983,0.239990234375,17.079986572265625,65.33400149860813,84.7560918877176,89.54841555501507,7.961733001300099,17.80470486277294,0.37604070847103027,8.413482792886384,5.966434595338288,308.4834976196289,344.0929073451748,272.874087894083,0.7703848893194605
AAPL,2026-07-22 04:00:00,327.8699951171875,329.0,323.3399963378906,325.8900146484375,325.60919189453125,38755900,325.8900146484375,-0.0056446440503478135,-0.005660635258418789,-0.005660635258418789,,,315.6811961212143,307.0558235923822,-7.3699951171875,12.5,63.321036841813935,68.73763374995747,79.12762680500089,7.3109743686947795,17.88127686479462,0.3745014272262118,8.236142688856205,6.420376214041871,310.06299896240233,345.82555269199156,274.3004452328131,0.7212791598400341
AAPL,2026-07-23 04:00:00,321.7300109863281,323.29998779296875,319.3500061035156,321.6600036621094,321.3828430175781,40840800,321.6600036621094,-0.012979872951588756,-0.013064847610259141,-0.013064847610259141,305.4670001220703,,316.2506063632043,307.62853653629304,-12.079986572265625,5.44000244140625,58.85578240563718,47.6603396867583,67.05135510814445,6.869814197002186,17.592295148597632,0.3787330259059786,7.66590506212998,6.669481983659494,311.4919998168945,346.6765901140898,276.30740951969926,0.6444951292501677
AAPL,2026-07-24 04:00:00,321.7900085449219,334.3699951171875,321.6199951171875,333.0199890136719,332.7330322265625,47489400,333.0199890136719,0.035316748188238156,0.03470741679444188,0.03470741679444188,306.23140014648436,,317.84769042515364,308.62427977070007,6.42999267578125,17.699981689453125,65.82558185046163,96.88040884058259,71.09279409243278,6.546740912205866,15.986102897445116,0.2968769565123889,8.037986606988966,6.943182908325388,314.38549957275393,346.35770536764414,282.4132937778637,0.7914170132718229
AAPL,2026-07-27 04:00:00,334.5400085449219,339.57000732421875,334.0199890136719,336.9100036621094,336.61968994140625,49604300,336.9100036621094,0.011681024493330971,0.011613327993052387,0.011613327993052387,306.9922003173828,,319.66314882867323,309.733523844873,9.170013427734375,19.600006103515625,67.83492534809788,100.0,81.51358284244697,6.53775404601151,15.01765796762193,0.28619446773529666,8.548217058739738,7.264189738408259,317.04199981689453,347.0773157521384,287.00668388165064,0.8307440462429335
AAPL,2026-07-28 04:00:00,340.0299987792969,342.8900146484375,335.6000061035156,340.0799865722656,339.78692626953125,51859000,340.0799865722656,0.009408990162653286,0.009365001326460403,0.009365001326460403,307.82960021972656,,321.6076095661582,310.9235812067315,14.189971923828125,25.220001220703125,69.41318232754267,100.0,98.96013628019419,5.661172847451864,13.375960684353844,0.28004287673146766,9.103430812246472,7.632037953175902,319.95899963378906,346.7109210024968,293.20707826508135,0.8760662021459981
AAPL,2026-07-29 04:00:00,339.7300109863281,344.57000732421875,337.3500061035156,338.19000244140625,337.8985900878906,56090800,338.19000244140625,-0.005557469435084728,-0.005572969622900951,-0.005572969622900951,308.58880004882815,,323.1868850780866,311.99285262769916,16.529998779296875,10.69000244140625,67.2931147437761,92.50601094615378,97.50200364871792,6.001635311009134,11.868271324120672,0.2770418712240445,9.283916576637637,7.962413677868249,322.40050048828124,346.1370431365226,298.66395784003987,0.8325990264697384
AAPL,2026-07-30 04:00:00,333.1000061035156,334.75,329.5899963378906,333.42999267578125,333.1426696777344,74817800,333.42999267578125,-0.014074957069287408,-0.01417494863771797,-0.01417494863771797,309.30059997558595,,324.16241913500994,312.83352478644747,0.410003662109375,0.16998291015625,62.14499897404974,73.63206354238639,88.71269149618006,6.006757982634936,10.095642277324801,0.2851834325336794,8.93980730445395,8.15789240318539,324.3529998779297,344.5442844325793,304.1617153232801,0.7247750204620178
AAPL,2026-07-31 04:00:00,304.80999755859375,310.69000244140625,300.0,308.9100036621094,308.6438293457031,132489100,308.9100036621094,-0.07353864245054431,-0.0763829421141604,-0.0763829421141604,309.49940002441406,,322.7098081375908,312.67966121294404,-28.0,-24.829986572265625,43.62891332507241,0.0,55.37935816284672,9.30675483806589,10.072859593408705,0.3733125162734392,6.61231735729973,7.848777394008258,324.3669998168945,344.51271900371194,304.2212806300771,0.11637020720263964
AAPL,2026-08-03 04:00:00,309.5799865722656,311.79998779296875,302.55999755859375,303.4200134277344,303.1585693359375,75052000,303.4200134277344,-0.01777213482662099,-0.017931955617150903,-0.017931955617150903,309.5228002929687,,320.8726848318902,312.3165377703868,-36.65997314453125,-23.16998291015625,40.7046089959917,0.0,24.544021180795458,12.407874505316784,10.822104854672327,0.37523139993440385,4.275483364538729,7.134118588114353,323.9050003051758,345.54921001452044,302.26079059583117,0.02677905193745019
AAPL,2026-08-04 04:00:00,302.7300109863281,310.4200134277344,301.32000732421875,309.3800048828125,309.1134033203125,68001000,309.3800048828125,0.019642710405777475,0.019452282016534168,0.019452282016534168,309.6106005859375,,319.778143884359,312.2013796179329,-28.80999755859375,-18.3599853515625,45.013476888377625,16.25748996482068,5.419163321606889,13.577153547314749,10.907999846385096,0.381911694391723,2.8713479778571127,6.281564466062905,323.84100036621095,345.6570000589811,302.0250006734408,0.16856903907569193
AAPL,2026-08-05 04:00:00,309.3599853515625,311.7099914550781,305.6700134277344,311.0,310.7320251464844,49438800,311.0,0.005236263144417164,0.005222601588142109,0.005222601588142109,309.6542004394531,,318.9421301810867,312.15426669173945,-22.42999267578125,-14.8900146484375,46.15875274521084,20.67646515282941,12.311318372550026,14.277951037873663,11.04080310712792,0.38101892631565454,1.8677503711117538,5.398801647072675,323.72149963378905,345.8031058480449,301.6398934195332,0.2119435173702155
AAPL,2026-08-06 04:00:00,314.3399963378906,316.2900085449219,309.2300109863281,312.4100036621094,312.14080810546875,46139900,312.4100036621094,0.004533773833149013,0.0045235272393835116,0.0045235272393835116,309.73580078125,,318.32002289356507,312.1642955925383,3.5,-9.25,47.18976345688926,24.522631805899405,20.485528974516495,14.71067320315511,11.208640910999526,0.37988995816449406,1.1726499699711326,4.553571311652367,323.5309997558594,345.94828157785844,301.11371793386036,0.25195484934224915
AAPL,2026-08-07 04:00:00,311.45001220703125,314.80999755859375,310.739990234375,313.3299865722656,313.05999755859375,34437200,313.3299865722656,0.0029447933784836344,0.0029404659679344055,0.0029404659679344055,309.785400390625,,317.8447813391556,312.2100089642923,9.90997314453125,-19.69000244140625,47.890905157087545,27.03213421750575,24.07707705874485,14.488217486662556,11.293876436958975,0.3799923379281992,0.6880810562697661,3.780473260575847,323.4314987182617,346.01925159217967,300.84374584434374,0.2763940441003257
AAPL,2026-08-10 04:00:00,306.8299865722656,308.260009765625,304.6099853515625,308.260009765625,308.260009765625,44812500,308.260009765625,-0.0161809498736607,-0.016313290988146985,-0.016313290988146985,309.700400390625,,316.9319459512003,312.0551070349328,-1.1199951171875,-28.649993896484375,44.392962327403666,13.202400118540815,21.58572204731532,13.74136788712541,11.725113490938021,0.38323649564288675,-0.10385092686095732,3.0036084230884863,322.97899932861327,346.4292263104893,299.52877234673724,0.1861653071766825
AAPL,2026-08-11 04:00:00,307.75,309.9700012207031,302.7900085449219,304.9100036621094,304.9100036621094,37476700,304.9100036621094,-0.010867469011185404,-0.010926951292996926,-0.010926951292996926,309.5574005126953,,315.78699906652497,311.77490690266524,-6.089996337890625,-35.16998291015625,42.19968677296843,4.064351679966435,14.766295338670995,11.777436625373529,12.285437572884758,0.3840942398921502,-0.990363925584461,2.204813953353897,322.48150024414065,347.05237538991014,297.91062509837116,0.14243242298480652
AAPL,2026-08-12 04:00:00,305.1000061035156,305.6600036621094,300.57000732421875,302.25,302.25,41657800,302.25,-0.008723897642456846,-0.00876217361050629,-0.00876217361050629,309.47620056152346,,314.49776106018925,311.4013811417764,-10.160003662109375,-35.94000244140625,40.48912492238169,0.0,5.755583932835745,8.790141550277337,13.01812034317189,0.35272373818685987,-1.8858332175664714,1.3866845191698232,321.2190002441406,347.2552409304844,295.1827595577968,0.1357192946428322
AAPL,2026-08-13 04:00:00,304.2099914550781,306.0,302.04998779296875,305.260009765625,305.260009765625,40349300,305.260009765625,0.009958675816790663,0.009909414983244762,0.009909414983244762,309.2774005126953,,313.6179752226117,311.16054304859404,-8.069976806640625,-28.16998291015625,43.29040451539768,7.956676801550161,4.0070094938388605,3.8104495417870328,13.159869530055683,0.3476296136373975,-2.325806006703999,0.6441864139950587,319.8190002441406,346.138739304252,293.49926118402925,0.22342069111581045
AAPL,2026-08-14 04:00:00,306.0,307.489990234375,304.29998779296875,305.92999267578125,305.92999267578125,28229400,305.92999267578125,0.002194794236790587,0.0021923891943256765,0.0021923891943256765,309.19080017089846,,312.88578640862784,310.9554234261308,-2.33001708984375,-2.980010986328125,43.92314305618302,9.727713407329546,5.89479673629323,3.8402257990765314,13.080523741383292,0.3478072964525763,-2.590563190469368,-0.0027635068978265334,318.4285003662109,344.58954784897753,292.2674528834443,0.26112371458629524
AAPL,2026-08-17 04:00:00,306.2099914550781,307.6600036621094,302.94000244140625,305.5899963378906,305.5899963378906,38169300,305.5899963378906,-0.0011113534012042736,-0.0011119714123237288,-0.0011119714123237288,309.0779998779297,,312.1909492590338,310.7450145207096,0.67999267578125,2.16998291015625,43.65693805550791,9.293255734570113,8.992548647816603,3.63253572288695,13.23287193799153,0.3418430041143146,-2.7955941597984975,-0.5613296374779607,317.3785003662109,343.84424424219395,290.9127564902279,0.277287498821863
AAPL,2026-08-18 04:00:00,307.5799865722656,311.489990234375,305.739990234375,310.0299987792969,310.0299987792969,53424500,310.0299987792969,0.014529279409058127,0.014424740792900279,0.014424740792900279,309.1317999267578,,311.9851444514398,310.71697468771305,7.779998779296875,0.649993896484375,48.082141324659204,24.951894184824205,14.657621108907952,3.6689458274117914,13.094850149333007,0.3468936716630499,-2.570184107282671,-0.9631005314389027,316.49300079345704,342.68270109212307,290.303300494791,0.37661176072164976
AAPL,2026-08-19 04:00:00,310.1400146484375,319.2799987792969,309.6000061035156,316.8299865722656,316.8299865722656,50505600,316.8299865722656,0.021933322000267097,0.021696246991930904,0.021696246991930904,309.4375994873047,,312.44655798675655,310.95670064397,11.569976806640625,5.829986572265625,54.036263155243056,100.0,44.74838330646477,4.569478887065124,12.908039911587572,0.35731341453545756,-1.8218417737382424,-1.1348487798987708,316.0399993896484,341.85607921282354,290.2239195664733,0.5153002932286419
AAPL,2026-08-20 04:00:00,317.4599914550781,320.2799987792969,310.6499938964844,311.29998779296875,311.29998779296875,40959200,311.29998779296875,-0.017454152112068244,-0.017608271810496567,-0.017608271810496567,309.8525994873047,,312.3373608254434,310.97016288510724,5.3699951171875,-1.110015869140625,49.104276971857445,62.0713040311288,62.34106607198433,4.4759284800825965,12.878478903106343,0.35963544372594636,-1.6559114518027513,-1.239061314279567,315.5219985961914,341.2789564024041,289.7650407899787,0.41804135342792165
AAPL,2026-08-21 04:00:00,312.04998779296875,312.3800048828125,307.010009765625,309.3500061035156,309.3500061035156,46876800,309.3500061035156,-0.006263995393247401,-0.00628369652735619,-0.00628369652735619,310.2079998779297,,312.05285085192645,310.90662732504484,3.760009765625,-3.97998046875,47.459343086482136,48.6969317037741,70.25607857830096,4.150935105258114,12.258508487509253,0.33315210049336336,-1.6625923719315665,-1.323767525809967,314.33849945068357,338.8555164257021,289.82148247566505,0.3982646756689253
AAPL,2026-08-24 04:00:00,311.4700012207031,313.3599853515625,309.9700012207031,310.3399963378906,310.3399963378906,34673600,310.3399963378906,0.0032002269754076718,0.0031951171478967837,0.0031951171478967837,310.50219970703125,,311.8897218505897,310.8844065020192,0.30999755859375,2.079986572265625,48.40433352377166,55.48699443440913,55.41841005643733,4.218587788683625,11.065276500801323,0.32934287866326634,-1.5699062094962528,-1.3729952625472244,313.00999908447267,335.14055208607533,290.87944608287,0.43967609516154693
AAPL,2026-08-25 04:00:00,310.7900085449219,313.5899963378906,308.2099914550781,309.8999938964844,309.8999938964844,25869800,309.8999938964844,-0.0014178077160482694,-0.0014188137564350974,-0.0014188137564350974,310.8775994873047,,311.70022395019873,310.8458020861159,-6.92999267578125,4.989990234375,47.99118873248351,52.4691422626984,52.217689466960536,4.081854847803393,9.05455061086343,0.32569641806750205,-1.5144980865665048,-1.4012958273510805,311.5009994506836,329.61010067241045,293.39189822895673,0.45579555455026194
AAPL,2026-08-26 04:00:00,310.29998779296875,315.42999267578125,308.79998779296875,313.45001220703125,313.45001220703125,34024500,313.45001220703125,0.011455367474878742,0.01139025156549776,0.01139025156549776,311.21819946289065,,311.86687045084943,310.9479279732106,2.1500244140625,11.20001220703125,51.581942225326586,76.81771277029955,61.59128315580235,3.634140754947741,6.5638774755828155,0.3305857824536968,-1.1706355827282096,-1.3551637784265065,310.26399993896484,323.39175489013047,297.1362449877992,0.6213464251853481
AAPL,2026-08-27 04:00:00,310.54998779296875,315.3999938964844,309.3999938964844,314.5799865722656,314.5799865722656,32419200,314.5799865722656,0.003604958753321119,0.0035984764637677197,0.0035984764637677197,311.5249993896484,,312.1252624624129,311.0903616437618,5.22998046875,9.319976806640625,52.70132928223371,84.56788702206352,71.2849140183538,3.534759006236474,3.858030909034667,0.3292036872632346,-0.7977466564803422,-1.2436803540372736,309.3214996337891,317.0375614518584,301.60543781571977,0.840749404454118
AAPL,2026-08-28 04:00:00,316.8500061035156,322.3699951171875,315.45001220703125,319.70001220703125,319.70001220703125,38649400,319.70001220703125,0.01627575132974779,0.016144721120709464,0.016144721120709464,311.99999938964845,,312.8466671999956,311.42799499918414,9.360015869140625,13.77001953125,57.49631907475588,100.0,87.12853326412102,4.09485467990576,4.498693538330627,0.18951076282894422,-0.08807098947880831,-1.0125584811255806,309.86100006103516,318.8583871376964,300.8636129843739,1.046770526940981
AAPL,2026-08-31 04:00:00,319.6000061035156,321.239990234375,312.79998779296875,316.8500061035156,316.8500061035156,41242700,316.8500061035156,-0.008914626195478559,-0.008954599215930675,-0.008954599215930675,312.3767993164063,,313.2279375717594,311.64062288562855,6.95001220703125,11.260009765625,54.2023808290318,83.66759822456025,89.41182841554125,3.624860978962669,4.4889823543311556,0.17958495124191218,0.24159545349812106,-0.7617276942008403,310.5324996948242,319.5104644034865,301.5545349861619,0.8518339965513596
AAPL,2026-09-01 04:00:00,316.9800109863281,327.29998779296875,314.7300109863281,325.1300048828125,325.1300048828125,53167400,325.1300048828125,0.02613223487390992,0.025796622336462183,0.025796622336462183,312.93919921875,,314.3614677918597,312.16961825806715,11.67999267578125,15.100006103515625,61.16357600741646,100.0,94.5558660748534,5.019241692751089,5.535645625798737,0.18885744812593358,1.157640626788634,-0.37785403000294543,311.3199996948242,322.3912909464217,300.24870844322675,1.1236853892718088
AAPL,2026-09-02 04:00:00,326.8699951171875,328.3999938964844,323.5299987792969,324.9599914550781,324.9599914550781,33776400,324.9599914550781,-0.000522909067699362,-0.0005230458323249564,-0.0005230458323249564,313.5523992919922,,315.3708509978805,312.67120152069504,10.3800048828125,8.1300048828125,60.958689121046646,99.12992142586059,94.26583988347359,5.964308658291286,6.318006784029815,0.18885313912952154,1.8485850261367318,0.06743378122499005,312.01799926757815,324.6540128356378,299.3819856995185,1.012107403090076
AAPL,2026-09-03 04:00:00,324.8699951171875,330.80999755859375,324.1099853515625,328.2099914550781,328.2099914550781,37225800,328.2099914550781,0.010001231183714099,0.009951549846201446,0.009951549846201446,314.25499938964845,,316.5936262795184,313.2805658318473,8.509979248046875,16.910003662109375,63.47734294305852,100.0,99.70997380862019,6.940796029056499,7.283622391075411,0.19071432943626007,2.62811599398907,0.5795702237778061,312.80799865722656,327.3752434393774,298.2407538750757,1.0286515407746675
AAPL,2026-09-04 04:00:00,328.30999755859375,328.92999267578125,317.8599853515625,319.9700012207031,319.9700012207031,39606900,319.9700012207031,-0.025105848234065142,-0.025426376168950823,-0.025426376168950823,315.1513995361328,,316.91518579772645,313.54289663141026,3.1199951171875,10.6199951171875,53.97064461393562,56.30966789858965,85.14652977481673,6.38875432544354,7.45791443681054,0.2148360327333693,2.5515884316555457,0.9739738653533541,313.13999938964844,328.0558282632695,298.22417051602736,0.7289514678977603
AAPL,2026-09-08 04:00:00,317.1000061035156,320.70001220703125,314.8999938964844,316.2200012207031,316.2200012207031,35477100,316.2200012207031,-0.011719848691107093,-0.011789067471725085,-0.011789067471725085,315.8001995849609,,316.84897774277186,313.64788112510803,-8.910003662109375,5.8800048828125,50.280053287970674,36.42630144788707,64.24532311549224,5.8190023159330755,7.395921018548122,0.2105440991362617,2.163407709808439,1.2118606342443712,313.53799896240236,328.3298409994986,298.74615692530614,0.5906581564207697
AAPL,2026-09-09 04:00:00,315.489990234375,319.1499938964844,309.8999938964844,315.3399963378906,315.3399963378906,65640000,315.3399963378906,-0.0027828881140200545,-0.002786767546169644,-0.002786767546169644,316.4721997070312,,316.7052652280213,313.71423858443285,-9.6199951171875,5.44000244140625,49.425908471580115,31.760312230988795,41.49876052582183,5.093502220331522,7.118023679061733,0.2062256745802521,1.7644234760023778,1.3223732025959727,314.0594985961914,328.2955459543149,299.82345123806795,0.5449737806248769
AAPL,2026-09-10 04:00:00,316.6700134277344,326.739990234375,316.510009765625,326.57000732421875,326.57000732421875,70011900,326.57000732421875,0.03561239017170226,0.0349929330682692,0.0349929330682692,317.2164001464844,,317.6447644752782,314.21838637814994,-1.639984130859375,13.1199951171875,58.99824590677128,91.30442521407629,53.16367963098404,5.068544144613874,7.071567958887405,0.23351659156641036,2.3275629330294123,1.5234111486826607,315.27549896240237,329.4186348801772,301.13236304462754,0.8992929300644582
AAPL,2026-09-11 04:00:00,327.45001220703125,336.2200012207031,326.29998779296875,332.2699890136719,332.2699890136719,50716900,332.2699890136719,0.017454088133066703,0.01730351508863038,0.01730351508863038,317.97419982910156,,319.03764300274423,314.9262923638567,12.29998779296875,17.69000244140625,62.84251823482874,100.0,74.35491248168836,5.719873585979826,7.61632634835763,0.23749428300001532,3.1969435206505636,1.8581176230762413,316.62599792480466,331.8586506215199,301.3933452280894,1.0135018634095376
AAPL,2026-09-14 04:00:00,334.7900085449219,335.5,331.3399963378906,333.0799865722656,333.0799865722656,39269100,333.0799865722656,0.0024377692400032736,0.002434802700750146,0.002434802700750146,318.4631994628906,,320.37500905698437,315.63820194065704,16.8599853515625,13.379974365234375,63.36813077915282,100.0,97.10147507135876,6.498355990768085,8.018508916197826,0.23746813095464228,3.9062649427412452,2.267747087009242,317.9834976196289,334.02051545202454,301.9464797872333,0.970676316208273
AAPL,2026-09-15 04:00:00,330.1400146484375,331.7799987792969,328.3500061035156,331.3399963378906,331.3399963378906,31748200,331.3399963378906,-0.005223941108804753,-0.005237633595806399,-0.005237633595806399,318.83679931640626,,321.41929355992784,316.2539585836858,16.0,14.489990234375,61.36017644183128,91.13605447464768,97.04535149154923,6.375927776354127,7.991038660288304,0.23914959743802083,4.278682620067343,2.6699341936208625,319.27099761962893,335.2530749402055,303.28892029905234,0.8775791618378391
AAPL,2026-09-16 04:00:00,332.5299987792969,335.4800109863281,330.70001220703125,332.4100036621094,332.4100036621094,35981000,332.4100036621094,0.0032293334219983816,0.0032241303235070818,0.0032241303235070818,319.27179931640626,,322.4660278553737,316.8875289789181,5.839996337890625,7.279998779296875,62.154364515256994,96.37847075591216,95.83817507685326,6.757419957875392,8.193294651962969,0.23598585188674903,4.607059645316724,3.057359283960035,320.3899978637695,336.7765871676954,304.0034085598436,0.8667635032343216
AAPL,2026-09-17 04:00:00,334.7699890136719,338.3399963378906,330.17999267578125,337.0,337.0,36700200,337.0,0.01380823768034456,0.013713772570884974,0.013713772570884974,319.7439990234375,,323.8502156786714,317.67625333268603,4.730010986328125,12.040008544921875,65.43622191309186,100.0,95.83817507685326,7.5681778714564345,8.939411514570908,0.2294254604595813,5.177986542249073,3.4814847356178427,321.39849853515625,339.27732156429806,303.51967550601444,0.9363123187531385
AAPL,2026-09-18 04:00:00,337.9100036621094,338.489990234375,332.5299987792969,336.1300048828125,336.1300048828125,86588200,336.1300048828125,-0.0025815878848294282,-0.002584925929040273,-0.002584925929040273,320.1421990966797,,325.0197194123991,318.39992986406355,3.050018310546875,7.920013427734375,64.29809377280615,95.983402723475,97.45395782646239,8.078082083172571,9.183965887225996,0.21733146009091334,5.496884226597103,3.884564633813695,322.63999938964844,341.00793116410046,304.2720676151964,0.8672162347621339
AAPL,2026-09-21 04:00:00,335.2799987792969,339.6400146484375,333.04998779296875,338.9800109863281,338.9800109863281,34999200,338.9800109863281,0.0084788803799567,0.008443136576545992,0.008443136576545992,320.6153991699219,,326.34927099086855,319.20699186885827,7.6400146484375,19.010009765625,66.3621200385654,100.0,98.66113424115832,8.20559291259776,9.316184437235776,0.21450405966552766,5.911441198641967,4.2899399467793495,324.1214996337891,342.75386850826067,305.4891307593175,0.898728456178668
AAPL,2026-09-22 04:00:00,340.1400146484375,345.3399963378906,338.75,339.75,339.75,40711800,339.75,0.002271487960105567,0.002268912031385673,0.002268912031385673,321.06419921875,,327.6255308965001,320.01260003086384,7.339996337890625,23.529998779296875,66.91857679728308,100.0,98.66113424115832,7.140649067023382,9.347409806534992,0.21460816181986575,6.230293320865883,4.678010621596656,325.59199981689454,344.2868194299645,306.8971802038246,0.8786610536003054
AAPL,2026-09-23 04:00:00,341.0799865722656,341.79998779296875,335.5,337.0199890136719,337.0199890136719,31658800,337.0199890136719,-0.008035352424806796,-0.008067809857302792,-0.008067809857302792,321.5073992919922,,328.5202411933736,320.6795564615622,0.019989013671875,21.67999267578125,62.94287389200943,88.8160156626039,96.27200522086797,4.042797253485494,8.907987285968309,0.21831719050185638,6.191327089273045,4.980673915131934,326.94799957275393,344.76397414469056,309.1320250008173,0.7826673724821975
AAPL,2026-09-24 04:00:00,336.7200012207031,338.9100036621094,334.29998779296875,335.9200134277344,335.9200134277344,24733100,335.9200134277344,-0.0032638289175568325,-0.0032691668250006928,-0.0032691668250006928,321.67579956054686,,329.22498140616983,321.2772214406278,-0.209991455078125,9.350006103515625,61.36103148783053,84.3097664986804,91.04192738709476,2.9501186973298212,8.524728222858254,0.21811012201869348,6.00249421619219,5.1850379753439855,328.0714996337891,345.12095607950556,311.0220431880726,0.7301690326296931
AAPL,2026-09-25 04:00:00,336.0400085449219,341.6700134277344,334.5299987792969,341.07000732421875,341.07000732421875,30002500,341.07000732421875,0.015331012415526368,0.01521467993441426,0.01521467993441426,321.8319995117188,,330.3530791126507,322.05340912233726,2.089996337890625,8.800018310546875,65.70650178433539,100.0,91.04192738709476,3.2164990650464524,8.374783741796396,0.22206841175394304,6.196969464453048,5.387424273165799,329.39600067138673,346.1455681549795,312.64643318779395,0.8484868091151433
AAPL,2026-09-28 04:00:00,340.3699951171875,342.989990234375,338.0400085449219,338.3999938964844,338.3999938964844,32820800,338.3999938964844,-0.007828344241351815,-0.007859146587689452,-0.007859146587689452,321.9251995849609,,331.1194519492063,322.6944516624999,-1.350006103515625,5.32000732421875,61.824436432361445,89.62296040544595,91.31090896804211,3.066725065887169,8.27862907431789,0.2210619855564543,6.06572285316355,5.523083989165349,330.33099975585935,346.8882579044951,313.7737416072236,0.7436693946603071
AAPL,2026-09-29 04:00:00,336.9700012207031,337.0899963378906,328.70001220703125,329.3999938964844,329.3999938964844,38478000,329.3999938964844,-0.026595745160542417,-0.02695581048132594,-0.02695581048132594,321.9813995361328,,330.95569403942324,322.95741410304834,-7.6199951171875,-1.94000244140625,50.90648093599757,19.51714877424569,69.71336972656387,3.483661557903311,7.6551763018240635,0.24204220150186737,5.1758205468465235,5.453631300701584,330.9584991455078,346.26885174915594,315.64814654185966,0.4491028949701633
AAPL,2026-09-30 04:00:00,330.79998779296875,339.5,330.1400146484375,333.0199890136719,333.0199890136719,49988600,333.0199890136719,0.01098966358306952,0.010929716032626784,0.010929716032626784,322.0869995117188,,331.15229356078027,323.3520248838571,-2.9000244140625,0.6099853515625,54.39501993508204,31.01963112214078,46.719913433944136,3.4064729223668264,7.541459312414201,0.2279517836653514,4.708394469515156,5.304583934464299,331.3529983520508,346.4359169768792,316.2700797272224,0.5552608783182386
AAPL,2026-10-01 04:00:00,330.0,332.4800109863281,325.80999755859375,330.32000732421875,330.32000732421875,36306300,330.32000732421875,-0.008107566448037673,-0.008140611496039531,-0.008140611496039531,322.17559936523435,,331.07302820491725,323.6252790972046,-10.75,-6.67999267578125,51.45798116252144,7.883567859038763,19.473449251808407,3.9465095686829303,7.3961533651947455,0.23030653547167126,4.073137385615212,5.058294624694482,331.6209991455078,346.4133058758973,316.8286924151183,0.4560247145694897
AAPL,2026-10-02 04:00:00,333.260009765625,334.5400085449219,330.6099853515625,333.69000244140625,333.69000244140625,33245500,333.69000244140625,0.010202213134125282,0.010150521837502173,0.010150521837502173,322.4161993408203,,331.32226384648766,324.0199741303106,-4.709991455078125,-2.44000244140625,54.74265850444281,36.76095637325021,25.221385118143246,4.012524157235863,7.36457696138076,0.23041225222964035,3.797842843353976,4.806204268426381,331.8949996948242,346.6241536175857,317.1658457720627,0.5609336678805481
AMZN,2026-05-12 04:00:00,266.7099914550781,267.6499938964844,262.6300048828125,265.82000732421875,265.82000732421875,36776200,265.82000732421875,,,,,,265.82000732421875,265.82000732421875,,,,,,,,,0.0,0.0,,,,
AMZN,2026-05-13 04:00:00,264.42999267578125,270.7200012207031,263.20001220703125,270.1300048828125,270.1300048828125,39670900,270.1300048828125,0.016213969753363422,0.01608392713413966,0.01608392713413966,,,266.23048328218005,265.9890268363205,,,,,,,,,0.34381746906160515,0.06876349381232104,,,,
AMZN,2026-05-14 04:00:00,269.1499938964844,270.7799987792969,266.6300048828125,267.2200012207031,267.2200012207031,31338400,267.2200012207031,-0.010772604336833247,-0.010831048951722346,-0.010831048951722346,,,266.3247230858489,266.03730034159037,,,,,,,,,0.37713493794086617,0.13043778263803008,,,,
AMZN,2026-05-15 04:00:00,262.5,264.3599853515625,260.8900146484375,264.1400146484375,264.1400146484375,40770300,264.1400146484375,-0.011526033074604314,-0.011592972656152402,-0.011592972656152402,,,266.11665561561927,265.96289698107455,,,,,,,,,0.1532435993842114,0.13499894598726633,,,,
AMZN,2026-05-18 04:00:00,263.8699951171875,268.8500061035156,262.5299987792969,264.8599853515625,264.8599853515625,33690800,264.8599853515625,0.0027257161474880665,0.0027220081197222258,0.0027220081197222258,,,265.99697273332816,265.9196455446231,-0.96002197265625,,,,,,,,0.03351735205336581,0.11470262720048624,,,,
AMZN,2026-05-19 04:00:00,262.0400085449219,262.25,255.19000244140625,259.3399963378906,259.3399963378906,40340700,259.3399963378906,-0.020841158796957915,-0.021061401192618883,-0.021061401192618883,,,265.36297498138174,265.66162008553556,-10.790008544921875,,,,,,,,-0.5010082314423698,-0.008439544528084975,,,,
AMZN,2026-05-20 04:00:00,260.04998779296875,265.5799865722656,259.5299987792969,265.010009765625,265.010009765625,34933200,265.010009765625,0.021863243262898013,0.021627669973466716,0.021627669973466716,,,265.32935924654777,265.6360667396567,-2.209991455078125,,,,,,,,-0.4617778227785152,-0.09910720017817103,,,,
AMZN,2026-05-21 04:00:00,263.5,269.489990234375,261.3699951171875,268.4599914550781,268.4599914550781,36591700,268.4599914550781,0.01301830709151064,0.012934297256761875,0.012934297256761875,,,265.62751469497925,265.74680888535954,4.319976806640625,,,,,,,,-0.15056710774047133,-0.10939918169063109,,,,
AMZN,2026-05-22 04:00:00,268.6600036621094,269.7900085449219,266.239990234375,266.32000732421875,266.32000732421875,27535500,266.32000732421875,-0.007971333528174807,-0.0080032744617438,-0.0080032744617438,,,265.69346637395444,265.7692872555109,1.46002197265625,,,,,,,,-0.07573616927226112,-0.1026665792069571,,,,
AMZN,2026-05-26 04:00:00,267.94000244140625,269.29998779296875,262.07000732421875,265.2900085449219,265.2900085449219,38028100,265.2900085449219,-0.003867523096163561,-0.0038750213028487137,-0.0038750213028487137,,,265.65504181880846,265.7504920119584,5.95001220703125,,,,,2.870693060962173,,,-0.09840999566671371,-0.10181526249890843,,,,
AMZN,2026-05-27 04:00:00,266.1499938964844,272.4100036621094,265.70001220703125,271.8500061035156,271.8500061035156,40061900,271.8500061035156,0.024727646527565872,0.024426866578213892,0.024426866578213892,,,266.245038417352,265.98968864299985,6.839996337890625,6.029998779296875,,,,3.4774578861912255,,,0.4082517404153805,0.00019813808394934898,,,,
AMZN,2026-05-28 04:00:00,272.2699890136719,274.5,267.44000244140625,274.0,274.0,40630400,274.0,0.007908750591183455,0.007877640344363742,0.007877640344363742,,,266.98360618712803,266.30381850013714,5.540008544921875,3.8699951171875,,,,4.113013173880779,,,0.9720659841831321,0.1945717073037859,,,,
AMZN,2026-05-29 04:00:00,271.2900085449219,274.75,269.6400146484375,270.6400146484375,270.6400146484375,54749600,270.6400146484375,-0.01226272026117703,-0.012338527790443166,-0.012338527790443166,,,267.3318355643956,266.47386540791365,4.32000732421875,3.420013427734375,,,,4.30354361050505,,,1.1346900960226094,0.38259538504755064,,,,
AMZN,2026-06-01 04:00:00,266.2900085449219,266.6300048828125,260.70001220703125,261.260009765625,261.260009765625,53604400,261.260009765625,-0.03465860321873382,-0.035273461160258576,-0.035273461160258576,,,266.75356644070314,266.26940048076506,-4.029998779296875,-2.8800048828125,,13.09695053280847,,4.601583023921444,,,0.5009087104186847,0.40625805012177746,,,,
AMZN,2026-06-02 04:00:00,257.1600036621094,261.20001220703125,254.3699951171875,256.5199890136719,256.5199890136719,41811000,256.5199890136719,-0.0181429249589532,-0.018309525985056377,-0.018309525985056377,,,265.7789400190811,265.8870706193104,-15.33001708984375,-8.339996337890625,59.60754114031972,0.0,,5.616568759416349,,,-0.37947333213816137,0.2491117736697897,,,,
AMZN,2026-06-03 04:00:00,254.6999969482422,257.0899963378906,247.7100067138672,250.02000427246097,250.02000427246097,51394200,250.02000427246097,-0.02533909644314103,-0.02566565970141837,-0.02566565970141837,,,264.27808899559346,265.26483272335554,-23.979995727539034,-9.319992065429659,53.28331836296532,0.0,4.365650177602824,7.331736300650643,,,-1.5834241615640394,-0.11739541337697615,,,,
AMZN,2026-06-04 04:00:00,253.1199951171875,255.8300018310547,251.75,253.7899932861328,253.7899932861328,35609800,253.7899932861328,0.015078749497034138,0.014966195195498702,0.014966195195498702,,,263.2792227375496,264.81483901993505,-16.850021362304688,-11.220016479492188,56.18682679817566,15.721391515271737,5.240463838423913,8.133953922218016,,,-2.2079058967864285,-0.5354975100588666,,,,
AMZN,2026-06-05 04:00:00,254.2599945068359,256.3800048828125,245.77999877929688,246.02999877929688,246.02999877929688,55607800,246.02999877929688,-0.03057644001781823,-0.03105365219156565,-0.03105365219156565,,,261.6364395034303,264.0781786183414,-15.230010986328125,-22.42999267578125,49.383256954300094,0.0,5.240463838423913,9.660175020610506,,,-3.2910417936251974,-1.0866063667721328,,,,
AMZN,2026-06-08 04:00:00,246.67999267578125,249.4199981689453,243.36000061035156,245.22000122070312,245.22000122070312,33899500,245.22000122070312,-0.0032922715222234444,-0.0032977029725941285,-0.0032977029725941285,,,260.07296919078965,263.3386422498066,-11.29998779296875,-21.100006103515625,48.720098246362916,0.0,5.240463838423913,10.75068076172896,,,-4.166762979086172,-1.7026376892349409,,,,
AMZN,2026-06-09 04:00:00,247.72999572753903,250.42999267578125,240.3999938964844,244.19000244140625,244.19000244140625,44425400,244.19000244140625,-0.004200304926880172,-0.004209150987076249,-0.004209150987076249,,,258.5603056908484,262.58771519849677,-5.830001831054716,-21.100006103515625,47.84032738484442,0.0,0.0,11.522642153687361,9.21709154238097,,-4.887549987364594,-2.3396201488608717,261.50550231933596,279.9396854040979,243.07131923457402,0.03034263036469885
AMZN,2026-06-10 04:00:00,243.61000061035156,244.07000732421875,237.4499969482422,238.0,238.0,38590200,238.0,-0.025349123139844942,-0.025675947123681687,-0.025675947123681687,,,256.60218133933904,261.6234910730655,-15.789993286132812,-33.850006103515625,42.83431377703303,0.0,0.0,11.759946635109467,10.536494970447775,0.28185693425197295,-5.890359946585335,-3.0497681084057646,260.114501953125,281.1874918940205,239.04151201222945,-0.02471201322523826
AMZN,2026-06-11 04:00:00,237.92999267578125,242.13999938964844,235.17999267578125,241.5099945068359,241.5099945068359,41335400,241.5099945068359,0.014747876079142408,0.014640183686285847,0.014640183686285847,,,255.16483021243397,260.8347265018408,-4.520004272460966,-32.49000549316409,46.26778139393471,9.74998474121086,3.2499949137369533,9.96082907170311,11.036301219806031,0.280431703170231,-6.328911094186367,-3.7055967055618853,258.68350143432616,280.75610387393823,236.6108989947141,0.11097684392959874
AMZN,2026-06-12 04:00:00,243.2100067138672,243.36000061035156,233.58999633789065,238.5500030517578,238.5500030517578,51186600,238.5500030517578,-0.01225618617201496,-0.012331912602696372,-0.012331912602696372,,,253.582465720941,259.96081577830813,-6.6699981689453125,-32.09001159667969,43.8745801913907,1.5277862548828125,3.7592569986978908,7.754279755490099,11.710513576852417,0.2808533394539409,-6.836505629672729,-4.331778490384054,257.25000152587893,280.67102867958374,233.8289743721741,0.10078611515628884
AMZN,2026-06-15 04:00:00,245.02000427246097,247.80999755859375,244.72999572753903,246.02000427246097,246.02000427246097,41711600,246.02000427246097,0.031314194613874635,0.03083390605189011,0.03083390605189011,,,252.86223129727622,259.41411728788273,1.830001831054716,-15.240005493164034,50.792097992762216,22.277789645724905,11.18518688060619,6.065024883476181,11.849517545410245,0.3080559555063675,-6.560387226710844,-4.777500237649412,256.34400100708007,280.04303609790054,232.64496591625957,0.2821852937249341
AMZN,2026-06-16 04:00:00,248.0,249.5099945068359,245.4499969482422,246.0,246.0,35187400,246.0,-8.131156862678512e-05,-8.13148745915914e-05,-8.13148745915914e-05,,,252.2086854594404,258.88807347267164,8.0,-10.519989013671875,50.77405040076163,22.22222222222222,15.342599374276645,4.819035598183376,11.886528576118307,0.307458688578068,-6.270888679438912,-5.076177926007312,255.40100173950196,279.1740588917386,231.62794458726535,0.30227612966855005
AMZN,2026-06-17 04:00:00,244.8999938964844,245.91000366210935,236.0,237.5,237.5,44780800,237.5,-0.03455284552845528,-0.035163912457666896,-0.035163912457666896,,,250.80785827282702,258.0493254933512,-4.009994506835909,-12.520004272460966,43.67307888521481,0.0,14.833337289315708,4.974432042261594,12.493329974232836,0.3217667867777366,-6.650673137508591,-5.391076968307568,254.30900192260742,279.2956618710731,229.32234197414175,0.16364047941430457
AMZN,2026-06-18 04:00:00,240.1199951171875,245.72999572753903,236.02000427246097,244.38999938964844,244.38999938964844,75624400,244.38999938964844,0.029010523745888195,0.028597683957913095,0.028597683957913095,,,250.1966336172862,257.51366564614716,5.839996337890625,-9.399993896484375,49.80153825176577,28.99830201087124,17.07350807769782,3.5304974318692475,12.414334634762648,0.33008779938162064,-6.322804335539843,-5.577422441754024,253.2780014038086,278.1066706733339,228.44933213428328,0.32101332299211705
AMZN,2026-06-22 04:00:00,240.0800018310547,242.0,232.2400054931641,232.7899932861328,232.7899932861328,68388500,232.7899932861328,-0.047465142323687703,-0.04862857666526806,-0.04862857666526806,,,248.53885834765256,256.5441098673231,-13.230010986328153,-13.240005493164062,41.595944595294995,0.0,9.666100670290414,4.507462526478857,12.67788501433636,0.3591317825655594,-6.9192289310238095,-5.845783739607981,251.49450149536133,276.85027152403404,226.13873146668863,0.131158742407011
AMZN,2026-06-23 04:00:00,232.5500030517578,236.8699951171875,232.0,234.11000061035156,234.11000061035156,60492600,234.11000061035156,0.005670378290686617,0.005654362212000333,0.005654362212000333,,,247.16468142029055,255.6643408768536,-11.889999389648438,-11.110000610351562,42.75187405029299,6.285749162946429,11.761350391272556,4.82402750382971,12.741142685291129,0.36195154582914474,-7.202361816937952,-6.117099355073975,249.88400115966797,275.36628653025025,224.40171578908573,0.19049085825860532
AMZN,2026-06-24 04:00:00,233.8500061035156,242.4199981689453,232.9499969482422,234.27000427246097,234.27000427246097,70282600,234.27000427246097,0.0006834550497298864,0.0006832216006892802,0.0006832216006892802,,,245.93661693002107,254.8253472845245,-3.229995727539034,-9.919998168945284,42.89939960830667,7.047671363467397,4.444473508804609,4.95477660070936,12.654804420701755,0.3627416565055289,-7.32934755431566,-6.359548994922313,248.33300094604493,273.64260978744846,223.02339210464143,0.22218067924900942
AMZN,2026-06-25 04:00:00,232.02000427246097,232.32000732421875,225.5500030517578,227.0099945068359,227.0099945068359,77674100,227.0099945068359,-0.030989924587961792,-0.03148026940338547,-0.03148026940338547,,,244.1340814611463,253.73454913637985,-17.38000488281253,-10.990005493164091,38.101609165316056,0.0,4.444473508804609,6.311649126167992,12.234178103787261,0.3542856315572268,-7.924458554313134,-6.6725309068004774,246.09100036621095,270.55935657378546,221.62264415863643,0.11008811344939771
AMZN,2026-06-26 04:00:00,227.2100067138672,233.8999938964844,226.1300048828125,232.69000244140625,232.69000244140625,248372100,232.69000244140625,0.025020959746330895,0.024713060914308853,0.024713060914308853,,,243.044169173552,252.9092727954005,-0.0999908447265625,-8.819992065429659,43.43198039862689,29.879037436589027,12.308902933352142,6.415446677781222,10.660245512961735,0.3696383568477088,-7.847300345236448,-6.907484794487672,244.02550048828124,265.3459915142047,222.70500946235776,0.23416423587308074
AMZN,2026-06-29 04:00:00,234.22000122070312,249.7100067138672,233.8000030517578,240.13999938964844,240.13999938964844,77619200,240.13999938964844,0.03201683299701785,0.03151497796996931,0.03151497796996931,,,242.767581575085,252.4085169755671,6.029998779296875,1.589996337890625,49.56660683702261,69.06890130353811,32.982646246709045,6.468444295250779,8.643306085918974,0.3949886612004238,-7.103119081909341,-6.946611651972006,242.5004997253418,259.7871118971797,225.21388755350384,0.4317246111549001
AMZN,2026-06-30 04:00:00,237.3500061035156,241.5399932861328,237.1699981689453,238.33999633789065,238.33999633789065,66228300,238.33999633789065,-0.007495640277891069,-0.007523873763327035,-0.007523873763327035,,,242.34590679059028,251.8568102838935,4.0699920654296875,-7.6800079345703125,48.20634296541686,59.60018943042457,52.849376056850566,5.7606030772713765,7.464132771256381,0.3796769610701011,-6.582713844606275,-6.87383209049886,241.35449905395507,256.2827645964678,226.42623351144232,0.3990337254023347
AMZN,2026-07-01 04:00:00,239.75,244.8999938964844,234.8999938964844,241.6999969482422,241.6999969482422,53829900,241.6999969482422,0.014097510539473612,0.013999064785619334,0.013999064785619334,,,242.28439156750952,251.45850387857385,14.690002441406278,-4.3000030517578125,50.9142881307558,77.27509150452698,68.64806074616322,5.115643642905293,6.560238913122317,0.381509886237338,-5.831938024872329,-6.665453277373555,240.6134994506836,253.73397727692824,227.49302162443897,0.5414046466884492
AMZN,2026-07-02 04:00:00,241.61000061035156,246.72000122070312,241.0800018310547,242.6699981689453,242.6699981689453,48246400,242.6699981689453,0.004013244654325954,0.0040052130693041185,0.0040052130693041185,,,242.3211160057415,251.11385659584332,9.979995727539062,5.1699981689453125,51.699403343785484,82.37767289539578,73.08431794344911,5.4980231874500785,6.201628317065931,0.3725370022394709,-5.099883504342415,-6.352339322767327,240.24599914550782,252.64925577963967,227.84274251137597,0.5977162327177451
AMZN,2026-07-06 04:00:00,243.8000030517578,246.0399932861328,240.8800048828125,244.16000366210935,244.16000366210935,40044000,244.16000366210935,0.006140048231783046,0.006121274942382102,0.006121274942382102,,,242.4962481634908,250.84115648079492,4.020004272460909,-0.22999572753909092,52.94446060952962,90.21567777563705,83.2894807251866,5.463166189509214,5.4191983333350136,0.3686571492221636,-4.349357347727903,-5.951742927759443,239.76449966430664,250.60289633097668,228.9261029976366,0.702774641535295
AMZN,2026-07-07 04:00:00,246.97999572753903,248.92999267578125,242.6999969482422,245.97999572753903,245.97999572753903,40579600,245.97999572753903,0.007454095831143315,0.00742645135022292,0.00742645135022292,,,242.82803364578112,250.65052272576528,7.639999389648381,13.190002441406222,54.48769526881424,99.89465894326273,90.82933653809852,5.960302024693953,5.416166288753919,0.3533296726928532,-3.566588401027218,-5.474712022412998,239.76199951171876,250.59433208922658,228.92966693421093,0.7870109540733303
AMZN,2026-07-08 04:00:00,244.27000427246097,244.8000030517578,240.52000427246097,243.6199951171875,243.6199951171875,29653000,243.6199951171875,-0.009594278605344786,-0.009640600216052718,-0.009640600216052718,,,242.9034585478198,250.37481576072304,1.9199981689453125,9.509994506835938,52.10153802124105,87.55930174756172,92.55654615548717,6.010175895105445,5.342622234846407,0.3548266138609488,-3.1009251621185285,-4.999954650354105,239.68199920654297,250.36724367623577,228.99675473685016,0.6842726164017165
AMZN,2026-07-09 04:00:00,239.82000732421875,247.5,238.25,247.0399932861328,247.0399932861328,38091700,247.0399932861328,0.01403824906613349,0.013940625430091662,0.013940625430091662,,,243.29741423718295,250.24403840877832,4.3699951171875,12.769989013671847,55.16568505848945,100.0,95.81798689694148,6.232352995078438,5.504737174567391,0.35802743831231976,-2.4279307459395056,-4.485549869471185,239.8244987487793,250.83397309791408,228.8150243996445,0.8276947794478748
AMZN,2026-07-10 04:00:00,249.5500030517578,251.02999877929688,244.41000366210935,245.33999633789065,245.33999633789065,31654000,245.33999633789065,-0.006881464517662694,-0.006905250981228296,-0.006905250981228296,,,243.49194586582178,250.0517230334494,1.1799926757813068,18.330001831054744,53.339096878747014,91.51274562233482,93.02401578996552,4.261916945279267,5.620164056977078,0.34575964922781055,-2.0085994841668366,-3.9901597924103154,240.19149856567384,251.431826679628,228.9511704517197,0.7290190161720138
AMZN,2026-07-13 04:00:00,244.67999267578125,249.6499938964844,244.17999267578125,247.30999755859375,247.30999755859375,34636100,247.30999755859375,0.008029678202122081,0.00799761187658564,0.00799761187658564,,,243.85556983656195,249.94420438737663,1.330001831054716,14.6199951171875,55.1906791987036,100.0,97.17091520744493,2.957265364375872,5.837227311853522,0.34321079959184986,-1.5000224781730083,-3.492132329562854,240.48149871826172,252.15595334196877,228.80704409455467,0.7924547253139155
AMZN,2026-07-14 04:00:00,245.5500030517578,248.55999755859375,243.8000030517578,247.4900054931641,247.4900054931641,30108100,247.4900054931641,0.0007278635572656178,0.0007275987930536445,0.0007275987930536445,,,244.20170656576215,249.84796129348595,3.870010375976591,7.350006103515653,55.36497043424071,99.99999999999999,97.17091520744493,2.906431287634256,6.020943887518308,0.33949890286679235,-1.0701108293725383,-3.0077280295247912,240.92849884033203,252.97038661536865,228.8866110652954,0.772445100610984
AMZN,2026-07-15 04:00:00,249.75,256.4800109863281,249.75,254.9600067138672,254.9600067138672,45240600,254.9600067138672,0.03018304196089816,0.02973649709452754,0.02973649709452754,,,245.22630657986738,250.0484336629127,7.920013427734375,16.620010375976534,61.974827752730974,100.0,100.0,3.717185018034486,6.71113428366112,0.338275993377767,-0.1251929350212322,-2.4312210106240797,241.37549896240233,254.79776752972458,227.95323039508008,1.0060436573493095
AMZN,2026-07-16 04:00:00,255.1199951171875,258.0799865722656,248.0,249.88999938964844,249.88999938964844,45343700,249.88999938964844,-0.019885500434225545,-0.020085877850740792,-0.020085877850740792,,,245.67046779984653,250.04222055415724,4.550003051757784,8.19000244140625,55.92183355132847,77.23391849327881,92.41130616442626,3.5566743673110843,6.905761313301572,0.34707800198150024,0.21210902397754694,-1.9025550037037544,241.56999893188475,255.3815215584879,227.75847630528162,0.8011977999347469
AMZN,2026-07-17 04:00:00,244.4600067138672,250.2400054931641,243.58999633789065,247.22999572753903,247.22999572753903,43572400,247.22999572753903,-0.010644698341696013,-0.01070175842928064,-0.01070175842928064,,,245.81899426915058,249.9319372276232,-0.08000183105471592,4.559997558593722,52.99723364658776,53.48973429341818,76.90788426223233,3.2400017908278937,6.94655643045318,0.3235372772109296,0.2617657193897571,-1.4696908590850521,242.0564987182617,255.94961157916808,228.16338585735534,0.6861892673396095
AMZN,2026-07-20 04:00:00,248.7599945068359,252.88999938964844,248.0,249.9900054931641,249.9900054931641,32406500,249.9900054931641,0.01116373341957555,0.011101878873679298,0.011101878873679298,,,246.21623343334235,249.93421441450715,2.5,5.830001831054744,55.5923448260708,70.09628087906006,66.93997788858569,3.1346248696370838,7.155290937238525,0.310149671767606,0.5178591718065775,-1.0721808529067263,242.3364990234375,256.6470808979146,228.02591714896047,0.7674072423070584
AMZN,2026-07-21 04:00:00,249.11000061035156,249.33999633789065,246.4199981689453,247.5500030517578,247.5500030517578,27732100,247.5500030517578,-0.009760399967161937,-0.00980834490048411,-0.00980834490048411,,,246.34325911128667,249.84071592969346,-7.410003662109375,1.5700073242187784,52.81606694855854,44.1176605969105,55.90122525646291,3.067201944449658,6.874504910712835,0.2528616355152113,0.5179565916585034,-0.7541533639936804,243.07449951171876,256.82350933314444,229.3254896902931,0.6627573039137943
AMZN,2026-07-22 04:00:00,248.27000427246097,248.4499969482422,242.4499969482422,244.8500061035156,244.8500061035156,34112700,244.8500061035156,-0.010906875035172958,-0.010966791059379664,-0.010966791059379664,,,246.201044539118,249.64500181886297,-5.039993286132841,1.2300109863280966,49.84942077349526,17.738050601039202,43.98399735900325,2.889693476856683,6.549167624033665,0.2574531987794337,0.2967459065925766,-0.543973509876429,243.61149978637695,256.70983503444427,230.5131645383096,0.5472772414846154
AMZN,2026-07-23 04:00:00,236.2599945068359,238.3500061035156,232.0500030517578,233.66000366210935,233.66000366210935,47465300,233.66000366210935,-0.0457014586990675,-0.04677872011408177,-0.04677872011408177,249.8974008178711,,245.0066596936886,249.0181391460491,-13.569992065429688,-13.379989624023466,39.857272647689754,0.0,20.618570399316567,5.440382405199756,6.596212894427792,0.31085169319572126,-0.772598795341537,-0.5896985669694507,243.58099975585938,256.77342554471494,230.3885739670038,0.12398893681361939
AMZN,2026-07-24 04:00:00,234.3800048828125,234.9499969482422,231.33999633789065,232.11000061035156,232.11000061035156,35017400,232.11000061035156,-0.006633583101364748,-0.00665568310276294,-0.00665568310276294,249.22320068359375,,243.7784064476565,248.35507488974724,-17.88000488281253,-13.229995727539091,38.70010069834532,0.0,5.912683533679734,7.174457087950981,5.9928710707586275,0.28939520895370113,-1.7252468959105727,-0.8168082327576751,243.83600006103515,255.8217422025524,231.8502579195179,0.010835486353988141
AMZN,2026-07-27 04:00:00,235.6699981689453,235.88999938964844,230.9900054931641,231.38999938964844,231.38999938964844,34999500,231.38999938964844,-0.0031019827616639573,-0.0031068038827953906,-0.0031068038827953906,248.44840057373048,,242.59855815641762,247.689777811312,-16.160003662109375,-15.919998168945312,38.146080493220374,0.0,0.0,8.392154657973347,6.125703994440722,0.27583301633297796,-2.509398674407805,-1.1553263210877012,243.77099990844727,256.0224078973287,231.5195919195658,-0.005288883124085981
AMZN,2026-07-28 04:00:00,232.8500061035156,233.11000061035156,228.1000061035156,230.86000061035156,230.86000061035156,44521600,230.86000061035156,-0.002290499938177426,-0.002293127145673238,-0.002293127145673238,247.72120056152343,,241.48060029488752,247.02978654852924,-13.990005493164034,-16.63000488281253,37.71803601453229,0.0,0.0,9.212016801797434,6.736251332835197,0.2489407767692059,-3.1374445724403586,-1.5517499713582328,243.30699996948243,256.7795026351528,229.83449730381204,0.03805912427661378
AMZN,2026-07-29 04:00:00,229.32000732421875,232.82000732421875,226.16000366210935,226.6499938964844,226.6499938964844,44957500,226.6499938964844,-0.01823618947733119,-0.01840451837297992,-0.01840451837297992,246.97140014648437,,240.0681615902777,246.2305789935471,-7.010009765624943,-28.310012817382784,34.41454164582284,0.0,0.0,9.221743729255085,7.636878932449733,0.25508043700277966,-3.9295899617778787,-2.027317969442162,242.7224998474121,257.9962577123116,227.44874198251264,-0.026147726482683018
AMZN,2026-07-30 04:00:00,233.3500061035156,239.82000732421875,231.05999755859375,235.5,235.5,101839800,235.5,0.0390470167299346,0.03830396299886934,0.03830396299886934,246.38420043945314,,239.63309858167983,245.80977197419233,3.3899993896484375,-14.389999389648438,45.26681420106307,31.261045908398728,10.420348636132909,8.500626016476586,7.804565028872669,0.2883675768750194,-3.7994516464567027,-2.3817447048450706,242.4125,258.0216300577453,226.80336994225465,0.27857510397993124
AMZN,2026-07-31 04:00:00,265.0,273.2300109863281,262.010009765625,271.5799865722656,271.5799865722656,129054800,271.5799865722656,0.15320588778032107,0.1425457923711586,0.1425457923711586,246.62900024414063,,242.675659342688,246.82036862509716,40.18998718261719,24.34999084472659,68.297722867672,100.0,43.75368196946624,13.476312196257693,10.172719107263582,0.5869308809358492,-0.776017266620272,-2.060599217200111,243.857999420166,264.20343763469316,223.51256120563886,1.1812826261049867
AMZN,2026-08-03 04:00:00,278.2900085449219,287.20001220703125,278.0,284.0199890136719,284.0199890136719,90830200,284.0199890136719,0.04580603526208682,0.044787913707705275,0.044787913707705275,247.00919982910156,,246.61321454944837,248.27917726778637,53.15998840332031,34.029983520507784,72.58163607936473,100.0,77.08701530279957,19.230985808983267,13.571745702020282,0.6031852719567949,2.5939787216443335,-1.1296836294312222,245.85099868774415,272.9944900917847,218.7075072837036,1.2030965500673565
AMZN,2026-08-04 04:00:00,276.05999755859375,281.07000732421875,275.82000732421875,277.4200134277344,277.4200134277344,69748100,277.4200134277344,-0.023237715094833633,-0.023511967798007637,-0.023511967798007637,247.1884002685547,,249.54719539499942,249.4219551564118,50.77001953124997,29.870010375976562,67.37946855318988,88.49577105165169,96.16525701721723,21.996168571459517,15.29846167425414,0.6131912181052338,4.678234178852136,0.03189993222544944,247.4229995727539,278.01992292126215,216.8260762242456,0.9901965716177633
AMZN,2026-08-05 04:00:00,281.5899963378906,282.7900085449219,270.7300109863281,272.6499938964844,272.6499938964844,45119800,272.6499938964844,-0.017194215631067156,-0.017343752751158313,-0.017343752751158313,247.315,,251.74746191895036,250.33285863641464,37.149993896484375,27.79998779296878,63.81928782198427,80.18128623862971,89.55901909676045,23.43168865723496,16.265263310499932,0.616400813687395,5.87737026757506,1.2009939992953718,248.87449951171874,281.4050261327186,216.34397289071887,0.8654335919882945
AMZN,2026-08-06 04:00:00,272.7699890136719,275.4800109863281,271.05999755859375,272.260009765625,272.260009765625,30672900,272.260009765625,-0.001430347110176089,-0.0014313710330971462,-0.0014313710330971462,247.45440002441407,,253.70103790434794,251.19274691599153,0.680023193359375,38.60000610351565,63.52376423425295,79.50151603808712,82.72619110945617,23.694884957724334,17.07311095479574,0.6160666670068861,6.718775930436692,2.304550385523636,250.13550033569337,284.28172224528487,215.9892784261019,0.8239671652183131
AMZN,2026-08-07 04:00:00,272.8699951171875,278.30999755859375,272.75,274.4800109863281,274.4800109863281,33861400,274.4800109863281,0.00815397466052481,0.008120910623089925,0.008120910623089925,247.5070001220703,,255.6799877216794,252.10597295796552,-9.53997802734375,42.37001037597656,64.53065943947871,83.37113676259375,81.01797967977019,23.240005539744047,17.867248121634436,0.6145676484080916,7.478523758769711,3.3393450601728514,251.59250106811524,287.3269973113841,215.85800482484638,0.8202439144853496
AMZN,2026-08-10 04:00:00,274.010009765625,280.1400146484375,273.6000061035156,278.0899963378906,278.0899963378906,35731900,278.0899963378906,0.013152088338200807,0.013066350560063843,0.013066350560063843,247.58880004882812,,257.81427425655664,253.1249542669822,0.66998291015625,46.69999694824219,66.16620225349874,89.66359912761317,84.17875064276468,22.030539881211052,18.781204989620775,0.6150917951576581,8.276518481277577,4.3267797443937965,253.1315010070801,290.6939109863216,215.56909102783854,0.8322270235669595
AMZN,2026-08-11 04:00:00,278.69000244140625,278.8399963378906,271.3599853515625,272.2699890136719,272.2699890136719,31895700,272.2699890136719,-0.02092850300572191,-0.021150608480564718,-0.021150608480564718,247.6213995361328,,259.1910089953295,253.87573994332297,-0.3800048828125,41.40998840332031,61.26164057074936,79.51891058035001,84.18454882351898,19.158191805048464,19.20210025349758,0.6223749084873383,8.343134634230353,5.1300507223611085,254.37050018310546,292.77470069010064,215.9662996761103,0.7330407689037307
AMZN,2026-08-12 04:00:00,273.17999267578125,273.4599914550781,267.1000061035156,267.2799987792969,267.2799987792969,29941100,267.2799987792969,-0.0183273604720513,-0.01849738717429334,-0.01849738717429334,247.74179931640626,,259.961388974755,254.40139715257686,-4.980010986328125,40.63000488281247,57.33733899951578,70.82100111708068,80.00117027501462,13.12962181087389,19.418400056854257,0.6202598175425569,7.902186420448572,5.684477861978602,254.98649978637695,293.8232999000855,216.14969967266845,0.6582712653581954
AMZN,2026-08-13 04:00:00,267.239990234375,269.5799865722656,264.7099914550781,265.1300048828125,265.1300048828125,32170200,265.1300048828125,-0.00804397600383,-0.008076503328918698,-0.008076503328918698,247.91399963378908,,260.4536381088557,254.82212686748807,-9.350006103515625,29.6300048828125,55.68228186605448,67.0734081600085,72.4711066191464,5.418759805773628,19.50669850612549,0.6159457573342073,7.295151282062932,6.006612545995468,255.74850006103514,294.76189707328615,216.73510304878417,0.6202344007474069
AMZN,2026-08-14 04:00:00,264.8800048828125,265.80999755859375,262.4200134277344,262.6499938964844,262.6499938964844,27251700,262.6499938964844,-0.009353943124710828,-0.009397965990688942,-0.009397965990688942,248.16659942626953,,260.66281485053463,255.12910204509578,-15.44000244140625,-8.92999267578125,53.75478514375104,62.750571838927584,66.88166037200558,6.417422389384769,19.45695834057849,0.615579487957857,6.538582690035923,6.11300657480356,256.5194999694824,295.4334166506394,217.60558328832542,0.5787699420908008
AMZN,2026-08-17 04:00:00,265.44000244140625,265.75,258.3399963378906,261.30999755859375,261.30999755859375,43896500,261.30999755859375,-0.005101832739500267,-0.005114891522905386,-0.005114891522905386,248.31699951171876,,260.7244512989212,255.37149010444864,-10.959991455078125,-22.709991455078125,52.69341310090282,60.414862492685764,63.412947497207284,5.937254561498871,19.42163577517836,0.6154488846626887,5.764421462034477,6.043289552249743,257.0854995727539,295.92877112311066,218.2422280223972,0.554378761330172
AMZN,2026-08-18 04:00:00,260.6300048828125,262.17999267578125,257.7300109863281,259.45001220703125,259.45001220703125,33171300,259.45001220703125,-0.007117926481727599,-0.0071433797754599185,-0.0071433797754599185,248.58539978027343,,260.60307614731266,255.53143214768718,-7.829986572265625,-17.970001220703125,51.18275978337733,49.36112454659184,57.50885295940173,6.271055784793162,19.296009272019,0.6148307997298093,4.943818574876957,5.823395356775187,257.6805000305176,296.2725185745556,219.08848148647957,0.5229258826471392
AMZN,2026-08-19 04:00:00,260.8500061035156,266.3999938964844,258.5799865722656,265.8399963378906,265.8399963378906,35762400,265.8399963378906,0.02462896060980113,0.024330557407328434,0.024330557407328434,248.9977996826172,,261.10183045117725,255.93568956691087,0.709991455078125,-6.80999755859375,55.86415067877866,26.00728596997425,45.26109100308395,6.145704724692109,19.131553330294654,0.6174535885514122,4.754298595948853,5.60957600460992,258.7299995422363,296.99310620282563,220.46689288164703,0.5929092984885299
AMZN,2026-08-20 04:00:00,263.1600036621094,263.8399963378906,259.5199890136719,260.1099853515625,260.1099853515625,28374100,260.1099853515625,-0.021554360010767937,-0.021790048120245882,-0.021790048120245882,249.3161993408203,,261.0073690131187,256.09938744081876,-2.540008544921875,-12.1500244140625,51.129244117785994,2.6860959199313386,26.01816881216581,6.379274909744529,18.19879972127138,0.5961402657478908,4.094539347498085,5.306568673187553,260.052498626709,296.45009806925174,223.65489918416623,0.5007897048944707
AMZN,2026-08-21 04:00:00,260.739990234375,261.0899963378906,257.0400085449219,258.6300048828125,258.6300048828125,35723000,258.6300048828125,-0.005689825658748426,-0.0057060743810064644,-0.0057060743810064644,249.72879943847656,,260.780953381661,256.1986273405048,-2.67999267578125,-15.850006103515625,49.951603279970605,0.0,9.564460629968531,6.18684957839452,16.981111296364304,0.595895847338272,3.4129114163329746,4.927837221816638,261.37849884033204,295.34072143306065,227.41627624760343,0.45953601166685715
AMZN,2026-08-24 04:00:00,259.6000061035156,263.32000732421875,259.04998779296875,262.07000732421875,262.07000732421875,28070500,262.07000732421875,0.01330086369122152,0.013213183826672891,0.013213183826672891,250.1399996948242,,260.9037204238094,256.4288775359446,2.6199951171875,-16.019989013671875,52.67981083631749,17.677307049940016,6.787800989957119,4.19658312527806,15.44584702600992,0.5956182059329012,3.114395010702367,4.565148779593784,262.91249923706056,293.8041932890804,232.02080518504073,0.4863637793475635
AMZN,2026-08-25 04:00:00,262.510009765625,263.8900146484375,259.8299865722656,261.05999755859375,261.05999755859375,25550200,261.05999755859375,-0.003853969311243932,-0.0038614149873981538,-0.0038614149873981538,250.59019958496094,,260.9186039604555,256.6104900858524,-4.779998779296875,-11.209991455078125,51.787201982168526,12.487120980452119,10.054809343464045,2.875052881986896,13.50122162140764,0.5959416194029127,2.7644523752928762,4.205009498733602,264.42249908447263,291.4249423272879,237.42005584165736,0.43773708742497647
AMZN,2026-08-26 04:00:00,261.2799987792969,262.04998779296875,258.239990234375,260.2799987792969,260.2799987792969,21528400,260.2799987792969,-0.002987814244201914,-0.002992286671924638,-0.002992286671924638,250.87539947509765,,260.8577844193928,256.7543923875561,0.170013427734375,-7.0,51.06756223231687,8.478903499486407,12.881110509959512,2.3455721180520923,10.252665941669237,0.5900017057366016,2.3965549392270304,3.843318586832288,266.10399932861327,286.60933121195177,245.5986674452748,0.357988142243904
AMZN,2026-08-27 04:00:00,259.2300109863281,259.6600036621094,255.02000427246097,256.260009765625,256.260009765625,35927800,256.260009765625,-0.01544486334918349,-0.015565377747123712,-0.015565377747123712,251.08059967041015,,260.4199011190339,256.7350048337549,-2.3699951171875,-8.8699951171875,47.410886892811625,0.0,6.988674826646175,2.5526124800202172,7.732285270743023,0.5829376054517112,1.7603221555864934,3.4267193005831293,267.14199981689455,282.6065703583806,251.6774292754085,0.14816384580234607
AMZN,2026-08-28 04:00:00,258.32000732421875,267.55999755859375,257.7799987792969,266.42999267578125,266.42999267578125,49547400,266.42999267578125,0.03968618794425893,0.03891892525860571,0.03891892525860571,251.6591995239258,,260.99229079110506,257.115200435403,4.3599853515625,3.779998779296875,55.99546162735599,63.522773843675836,24.000559114387414,3.086620093997187,7.66214749520173,0.30805452858492033,2.0530692135947106,3.1519892831854457,266.88450012207034,282.2087951124738,251.56020513166686,0.4851703635771267
AMZN,2026-08-31 04:00:00,263.8299865722656,264.3599853515625,257.1199951171875,259.7699890136719,259.7699890136719,46089400,259.7699890136719,-0.02499719943397638,-0.0253149356130063,-0.0253149356130063,251.96679931640625,,260.8758810980162,257.21930979141354,-1.290008544921875,-1.540008544921875,50.214608346203036,31.851023115288434,31.79126565298809,3.115698629756708,6.661158996212464,0.267867104905051,1.7277503006568509,2.867141486679727,265.6720001220703,278.99431811449523,252.34968212964537,0.27849158413144354
AMZN,2026-09-01 04:00:00,254.8300018310547,255.82000732421875,251.92999267578125,254.9199981689453,254.9199981689453,31700100,254.9199981689453,-0.018670327789371055,-0.0188468185720646,-0.0188468185720646,252.4093994140625,,260.3086541523904,257.1291407081795,-5.3600006103515625,-4.5300140380859375,46.45355729287707,0.0,31.79126565298809,3.6482789419030333,6.469877324637376,0.26395006822346406,1.0662874917882732,2.506970687701436,264.54699935913084,277.48675400840557,251.60724470985608,0.1280068111366745
AMZN,2026-09-02 04:00:00,254.2599945068359,256.239990234375,253.3999938964844,254.97999572753903,254.97999572753903,24013300,254.97999572753903,0.0002353583831189443,0.0002353306906797054,0.0002353306906797054,252.82679931640624,,259.8011628738331,257.0448605128602,-1.280014038085966,-10.860000610351591,46.50693427067731,0.5212648760004902,10.790762663762974,3.507990472440872,6.511465739961947,0.2597073201830578,0.5406821049922996,2.1137129711596088,263.6634994506836,276.6864309306075,250.64056797075972,0.16660717916964243
AMZN,2026-09-03 04:00:00,256.20001220703125,259.5,256.0,258.8999938964844,258.8999938964844,26891500,258.8999938964844,0.015373747880732092,0.015256769228779037,0.015256769228779037,253.31939910888673,,259.71533725694275,257.1176108416298,-7.529998779296875,-1.209991455078125,50.01297996744802,34.57860666375897,11.699957179919819,3.5035998546112506,6.263726106215701,0.26796703144449496,0.4354277999826195,1.778055936924211,262.99549865722656,275.52295086965796,250.46804644479516,0.33653879929878777
AMZN,2026-09-04 04:00:00,259.07000732421875,261.1199951171875,255.2899932861328,258.510009765625,258.510009765625,30749900,258.510009765625,-0.001506311858065601,-0.0015074474863226146,-0.0015074474863226146,253.9493994140625,,259.60054416253155,257.1722147210022,-1.259979248046875,-0.1199951171875,49.664233692822606,31.190384969754177,22.096752169837874,3.5064679619827013,5.716663409210906,0.2650617910577452,0.31689161553350687,1.4858230726460704,262.1969985961914,273.6303254146132,250.7636717777696,0.3387613295272126
AMZN,2026-09-08 04:00:00,256.67999267578125,257.989990234375,254.75,256.9700012207031,256.9700012207031,29398000,256.9700012207031,-0.005957249184734059,-0.005975064381941081,-0.005975064381941081,254.43499938964842,,259.3500162633098,257.164284779814,2.0500030517578125,-5.100006103515625,48.23389125727132,17.810634492833934,27.859875375449025,3.4318184097003686,4.432867580912582,0.25828768246924655,0.09756040059488669,1.2081705382358336,261.14099884033203,270.0067340021572,252.27526367850686,0.26476865462952587
AMZN,2026-09-09 04:00:00,253.1199951171875,254.69000244140625,250.6499938964844,252.3999938964844,252.3999938964844,33055500,252.3999938964844,-0.01778420555905158,-0.01794424482928653,-0.01794424482928653,254.68019927978514,,258.6881093712312,256.97744984321287,-2.5800018310546307,-8.660003662109347,44.168628274917275,0.0,16.33367315419604,3.8656300046203134,4.014224016645329,0.2556932518776447,-0.43995108313339415,0.8785462139619882,260.14749908447266,268.1759471177633,252.119051051182,0.01749670945975184
AMZN,2026-09-10 04:00:00,250.11000061035156,253.1499938964844,249.5800018310547,251.88999938964844,251.88999938964844,25484800,251.88999938964844,-0.002020580503837577,-0.0020226246306364734,-0.0020226246306364734,254.95119934082032,,258.04067032536614,256.7779419822888,-7.0099945068359375,-8.389999389648438,43.72572726291425,0.0,5.936878164277978,4.198003406868363,4.049932032653316,0.2497420687770716,-0.896747948900213,0.523487381389548,259.37799911499025,267.4778631802969,251.2781350496836,0.0377700375606033
AMZN,2026-09-11 04:00:00,254.08999633789065,257.5899963378906,253.13999938964844,256.7799987792969,256.7799987792969,26724100,256.7799987792969,0.01941323356027369,0.019227200554545194,0.019227200554545194,255.25279937744142,,257.92060636859765,256.778022640995,-1.730010986328125,0.519989013671875,49.00581794050045,33.63137309225695,11.210457697418983,4.1896135269447585,3.8512810254844987,0.2608876536938697,-0.8543324599546622,0.24792341312070595,258.96049880981445,266.66306086078345,251.25793675884546,0.3584561853517773
AMZN,2026-09-14 04:00:00,253.1499938964844,255.9499969482422,250.7400054931641,253.5399932861328,253.5399932861328,34352800,253.5399932861328,-0.012617826577485336,-0.012698107378975015,-0.012698107378975015,255.47019927978516,,257.5034051226486,256.6510410976671,-3.4300079345703125,-12.889999389648438,45.93073714967264,11.347968764593716,14.993113952283556,2.756875419716665,3.929877765539503,0.2624542427012839,-1.069826945734576,-0.015626658650350435,258.5049987792969,266.36475431037593,250.6452432482179,0.18415013205363115
AMZN,2026-09-15 04:00:00,252.2400054931641,253.27000427246097,247.22000122070312,248.4199981689453,248.4199981689453,36275400,248.4199981689453,-0.020194033496756192,-0.02040072028483007,-0.02040072028483007,255.55539916992188,,256.6383187461054,256.3282551004623,-3.979995727539091,-11.349990844726562,41.499175088015235,0.0,14.993113952283556,3.2612673335570888,4.466050066511924,0.27052650521131494,-1.6349025556713173,-0.3394818380545438,257.86049880981443,266.79259894283825,248.92839867679058,-0.02845918094702071
AMZN,2026-09-16 04:00:00,248.1000061035156,249.2599945068359,244.3000030517578,245.9600067138672,245.9600067138672,33488500,245.9600067138672,-0.00990255000889717,-0.009951906363395342,-0.009951906363395342,255.55499938964843,,255.62133664779702,255.9216571245174,-5.92999267578125,-8.959991455078125,39.52591605613123,0.0,3.782656254864572,4.27641085360707,5.175664755731615,0.27134428818983014,-2.2552328783269218,-0.7226320461090194,257.1859985351563,267.5373280466195,246.83466902369304,-0.04224879078852796
AMZN,2026-09-17 04:00:00,251.07000732421875,252.72999572753903,249.2400054931641,251.19000244140625,251.19000244140625,30438800,251.19000244140625,0.02126360214985379,0.021040686221960796,0.021040686221960796,255.7063995361328,,255.19930481861695,255.7361020389052,-5.589996337890625,-3.789993286132784,45.463186276253495,25.549581407969015,8.516527135989671,4.331253258686498,4.916630118597547,0.2672224318011863,-2.298338367916301,-1.0377733104704758,256.45349884033203,266.2867590775271,246.62023860313693,0.2323626004010261
AMZN,2026-09-18 04:00:00,252.9199981689453,255.42999267578125,251.8800048828125,253.7100067138672,253.7100067138672,52274700,253.7100067138672,0.010032263418002785,0.009982274321190655,0.009982274321190655,255.8397998046875,,255.0574669038789,255.65664732027625,0.170013427734375,-5.1899871826171875,48.106884552585626,56.118826452873925,27.222802620280977,3.8954623709862224,4.874210607353591,0.2610580087786739,-2.104892603063064,-1.2511971689889936,256.1334999084473,265.8819211231545,246.3850786937401,0.37569816992910393
AMZN,2026-09-21 04:00:00,256.3999938964844,259.489990234375,253.6000061035156,258.45001220703125,258.45001220703125,42979400,258.45001220703125,0.018682769176344705,0.018510389948739304,0.018510389948739304,256.1020001220703,,255.38056645656008,255.76619104132547,10.030014038085938,-0.05999755859375,52.74685385739399,96.52254918723874,59.396985682693895,3.885959764972315,4.869522424039357,0.2695832377086382,-1.551225054471928,-1.3112027460855806,256.1245002746582,265.8635451227369,246.38545542657948,0.6193911707281959
AMZN,2026-09-22 04:00:00,255.11000061035156,259.0,253.77999877929688,254.97999572753903,254.97999572753903,41982600,254.97999572753903,-0.013426257750425497,-0.013517204919827995,-0.013517204919827995,256.2554000854492,,255.34241686331998,255.73535985254955,9.019989013671847,-1.990005493164091,49.27344680392795,69.70632108344563,74.11589890785277,3.702776663840493,4.667807709735009,0.26885756290041124,-1.3765725910683386,-1.3242767150821324,255.7699996948242,265.1056151142942,246.43438427535418,0.45768870439770065
AMZN,2026-09-23 04:00:00,253.0,253.9900054931641,247.7599945068359,249.27000427246097,249.27000427246097,44209200,249.27000427246097,-0.022393880111205022,-0.02264843046902114,-0.02264843046902114,256.29100006103516,,254.76409185466673,255.48181649646764,-1.919998168945284,-3.1299896240234375,44.12440319665423,25.579604615375764,63.93615829535338,3.8627926375379866,4.708870763580016,0.2792355974418617,-1.679547072384338,-1.3953307865425737,255.18050003051758,264.5982415576776,245.76275850335753,0.1862041848881075
AMZN,2026-09-24 04:00:00,246.02000427246097,250.42999267578125,245.6000061035156,249.3800048828125,249.3800048828125,33040100,249.3800048828125,0.0004412910035951345,0.0004411936633560692,0.0004411936633560692,256.17940002441406,,254.2513216668711,255.2425297665204,-4.3300018310546875,-2.5099945068359375,44.24527906108716,27.2509747992953,40.845633499372234,3.9807335165092437,4.718363769785437,0.27939036933583755,-1.8890051264655767,-1.4940656545271744,254.63550033569337,264.0722278752642,245.19877279612248,0.22154036286185694
AMZN,2026-09-25 04:00:00,248.55999755859375,250.8800048828125,247.17999267578125,249.6699981689453,249.6699981689453,34263900,249.6699981689453,0.0011628570071970934,0.0011621814126833204,0.0011621814126833204,256.175,,253.81500514325913,255.0239991156351,-8.780014038085938,-7.1100006103515625,44.585622520285135,29.703681532475308,27.51142031571546,3.68978253628852,4.827781144770759,0.2750037150216756,-2.008449947989135,-1.5969425132195665,254.30599975585938,263.9615620454009,244.65043746631787,0.25993104037371345
AMZN,2026-09-28 04:00:00,246.6300048828125,247.77000427246097,244.72999572753903,246.1499938964844,246.1499938964844,32596700,246.1499938964844,-0.014098627381248341,-0.014198957152641403,-0.014198957152641403,256.1533999633789,,253.08500407213774,254.67599891096253,-8.83000183105463,-7.389999389648409,41.290821327728196,1.5211136834263068,19.491923338398973,3.956636246981607,4.241444978366552,0.23346310264246398,-2.359941816239626,-1.7495423738235785,253.29199981689453,261.77488977362765,244.8091098601614,0.07903462399973084
AMZN,2026-09-29 04:00:00,246.7100067138672,248.83999633789065,245.13999938964844,246.6699981689453,246.6699981689453,33730400,246.6699981689453,0.0021125504178545196,0.0021103221209284096,0.0021103221209284096,256.08699981689455,,252.47405112897655,254.3620380975501,-2.6000061035156534,-1.75,41.97302292341159,5.684476723943094,12.303090646614903,4.105470578586111,4.199707561065777,0.22010325859636282,-2.5669514369661783,-1.9130241864520985,252.6370002746582,261.0364153967897,244.23758515252663,0.14479657101418497
AMZN,2026-09-30 04:00:00,246.7899932861328,252.44000244140625,246.0800018310547,249.1499938964844,249.1499938964844,41913100,249.1499938964844,0.010053900944372307,0.010003696700841653,0.010003696700841653,256.1189996337891,,252.15747424969157,254.15764420731225,-0.23001098632809658,3.189987182617216,45.241084767899025,25.54031849195852,10.91530296644264,3.8240905958670384,4.2326787275465865,0.2156146471044003,-2.5020510369116096,-2.030829556544001,252.34850006103517,260.81385751612834,243.883142605942,0.3110826281395603
AMZN,2026-10-01 04:00:00,251.61000061035156,251.8300018310547,246.1199951171875,248.22999572753903,248.22999572753903,33243900,248.22999572753903,-0.0036925474271839454,-0.0036993817095633107,-0.0036993817095633107,256.18659942626954,,251.78342867615325,253.9251874041839,-1.4400024414062784,-2.960006713867216,44.245563003070586,18.174443677500705,16.46641296446744,3.909485942696178,4.280647998806771,0.21573295245493368,-2.496079910324198,-2.1238796273000404,252.01100006103516,260.5722960586487,243.44970406342162,0.27918037557923
AMZN,2026-10-02 04:00:00,251.5099945068359,253.55999755859375,250.02000427246097,251.52000427246097,251.52000427246097,33393100,251.52000427246097,0.013253871818670548,0.013166807706910626,0.013166807706910626,256.5437994384766,,251.75834063770637,253.8308664970575,5.3700103759765625,-2.1900024414062216,48.60132757062168,44.51557336493435,29.410111844797857,3.772745235309464,3.961755505096493,0.21371839751217175,-2.2005054980431282,-2.139204801448658,251.642000579834,259.565511590027,243.718489569641,0.49230162567982266
BRK-B,2026-05-12 04:00:00,481.6799926757813,489.4200134277344,478.8999938964844,484.9599914550781,484.9599914550781,5622300,484.9599914550781,,,,,,484.9599914550781,484.9599914550781,,,,,,,,,0.0,0.0,,,,
BRK-B,2026-05-13 04:00:00,482.4700012207031,487.1400146484375,480.80999755859375,485.5199890136719,485.5199890136719,4432500,485.5199890136719,0.0011547293971891914,0.001154063209993465,0.001154063209993465,,,485.0133245558966,484.98195214365046,,,,,,,,,0.044672169916339044,0.00893443398326781,,,,
BRK-B,2026-05-14 04:00:00,487.1000061035156,487.1000061035156,481.5,484.05999755859375,484.05999755859375,3375100,484.05999755859375,-0.003007067655533824,-0.003011597967725976,-0.003011597967725976,,,484.9225315085344,484.9457970618835,,,,,,,,,-0.03730390613742429,-0.00031323404087061073,,,,
BRK-B,2026-05-15 04:00:00,486.7000122070313,488.2999877929687,481.760009765625,482.7000122070313,482.7000122070313,4680300,482.7000122070313,-0.002809538814241397,-0.0028134929764004183,-0.0028134929764004183,,,484.71086300362936,484.85772706757564,,,,,,,,,-0.20959392076412087,-0.04216937138552067,,,,
BRK-B,2026-05-18 04:00:00,481.1300048828125,489.3599853515625,481.0,488.3800048828125,488.3800048828125,5030700,488.3800048828125,0.011767127682078993,0.011698433399590648,0.011698433399590648,,,485.0603050873611,484.99585560934963,3.420013427734375,,,,,,,,0.11091438858795755,-0.011552619390825025,,,,
BRK-B,2026-05-19 04:00:00,487.0,488.1300048828125,480.1099853515625,480.4599914550781,480.4599914550781,5599900,480.4599914550781,-0.01621690763043171,-0.01634984081292955,-0.01634984081292955,,,484.6221799795246,484.81797858369197,-5.05999755859375,,,,,,,,-0.2710350372213952,-0.06344910295693906,,,,
BRK-B,2026-05-20 04:00:00,482.0,482.7200012207031,477.6199951171875,480.8999938964844,480.8999938964844,4647500,480.8999938964844,0.000915794133188319,0.0009153750495844814,0.0009153750495844814,,,484.26768606685414,484.6643321253701,-3.160003662109375,,,,,,,,-0.5320945346268786,-0.15717818929092697,,,,
BRK-B,2026-05-21 04:00:00,479.989990234375,480.5,475.5,479.9800109863281,479.9800109863281,3294000,479.9800109863281,-0.0019130441294085143,-0.0019148763354292636,-0.0019148763354292636,,,483.859336059185,484.48063325717237,-2.720001220703182,,,,,,,,-0.8039535236080155,-0.2865332561543447,,,,
BRK-B,2026-05-22 04:00:00,479.6499938964844,487.19000244140625,479.489990234375,486.3800048828125,486.3800048828125,4338200,486.3800048828125,0.013333875890649605,0.013245762168281517,0.013245762168281517,,,484.09939975667334,484.5551184189622,-2.0,,,,,,,,-0.49724577082685073,-0.32867575908884594,,,,
BRK-B,2026-05-26 04:00:00,485.5,487.7799987792969,483.2099914550781,483.6199951171875,483.6199951171875,4348600,483.6199951171875,-0.0056745954560569745,-0.005690757142540594,-0.005690757142540594,,,484.0537421719604,484.51844691693185,3.160003662109375,,,,,2.7344841623182083,,,-0.47145277464272795,-0.35723116219962237,,,,
BRK-B,2026-05-27 04:00:00,482.6700134277344,486.25,479.0199890136719,479.9200134277344,479.9200134277344,4152500,479.9200134277344,-0.007650597011723215,-0.007680012958121275,-0.007680012958121275,,,483.6600537201293,484.3381161918653,-0.97998046875,-5.03997802734375,,,,2.9328955437755684,,,-0.7410271400429451,-0.4339903577682869,,,,
BRK-B,2026-05-28 04:00:00,479.3599853515625,481.80999755859375,477.0,477.4200134277344,477.4200134277344,4120000,477.4200134277344,-0.00520920138784009,-0.00522281658082714,-0.00522281658082714,,,483.06576416847264,484.06681804425233,-2.55999755859375,-8.0999755859375,,,,3.3124721195054923,,,-1.143217572877404,-0.5758358007901104,,,,
BRK-B,2026-05-29 04:00:00,476.9100036621094,477.2900085449219,472.2699890136719,474.4800109863281,474.4800109863281,7902300,474.4800109863281,-0.006158104726900593,-0.0061771440581891756,-0.0061771440581891756,,,482.2480733892208,483.69086482629456,-11.899993896484375,-9.579986572265625,,,,4.07158796049401,,,-1.679826026146202,-0.7966338458613288,,,,
BRK-B,2026-06-01 04:00:00,473.0499877929687,473.3900146484375,467.9599914550781,470.2900085449219,470.2900085449219,6203600,470.2900085449219,-0.008830724887011088,-0.00886994681411803,-0.00886994681411803,,,481.10921007071613,483.16534105055445,-13.329986572265625,-12.410003662109432,,0.0,,5.334763593754905,,,-2.4153476469544444,-1.120376606079952,,,,
BRK-B,2026-06-02 04:00:00,470.0,473.8800048828125,468.2099914550781,471.510009765625,471.510009765625,4704700,471.510009765625,0.002594146587289403,0.0025907875969194212,0.0025907875969194212,,,480.1950005178503,482.70826923545917,-8.410003662109375,-16.8699951171875,37.346298259406886,6.744065603527826,,5.1175914589882785,,,-2.8667636610705927,-1.4696540170780803,,,,
BRK-B,2026-06-03 04:00:00,470.8900146484375,480.5899963378906,470.4100036621094,475.3699951171875,475.3699951171875,6586300,475.3699951171875,0.008186433525517733,0.008153106441676855,0.008153106441676855,,,479.73547619397766,482.4204937798407,-2.050018310546875,-5.089996337890625,44.935115663991425,28.081744613874115,11.608603405800645,5.153548640659406,,,-2.8798484456685856,-1.7516929027961814,,,,
BRK-B,2026-06-04 04:00:00,481.6000061035156,482.94000244140625,474.6499938964844,478.6300048828125,478.6300048828125,5276000,478.6300048828125,0.006857836630646652,0.0068344286269268004,0.0068344286269268004,,,479.6301932119619,482.27184715642784,4.149993896484375,-2.269989013671875,50.39938794093017,46.102808326290166,26.976206181230705,5.060129935134173,,,-2.597223512746325,-1.9207990247862101,,,,
BRK-B,2026-06-05 04:00:00,480.989990234375,491.0,479.3500061035156,488.1300048828125,488.1300048828125,8475800,488.1300048828125,0.019848316869156557,0.01965390728609992,0.01965390728609992,,,480.4396990853763,482.5015788319723,17.839996337890625,8.149993896484375,62.17794540305887,98.61802072631514,57.600857888826475,6.022277509813784,,,-1.5883609754112626,-1.8543114149112208,,,,
BRK-B,2026-06-08 04:00:00,486.1300048828125,490.760009765625,484.9200134277344,487.0,487.0,5188400,487.0,-0.0023149670610471684,-0.002317650739846039,-0.002317650739846039,,,481.06448964867377,482.6779875052283,15.489990234375,0.6199951171875,60.34238393954232,93.66589061225048,79.46223988828525,6.114050434707475,,,-0.8699834684310872,-1.657445825615194,,,,
BRK-B,2026-06-09 04:00:00,486.44000244140625,490.7900085449219,484.6000061035156,487.7699890136719,487.7699890136719,4912200,487.7699890136719,0.0015810862703735662,0.0015798376694003623,0.0015798376694003623,,,481.7031086358165,482.8776738388928,12.399993896484375,4.149993896484375,61.1832761586766,97.9819734134363,96.75529491733397,6.610542681612574,5.4696459594138425,,-0.23581412177560424,-1.373119484847276,481.37400207519534,492.313293994023,470.43471015636766,0.7923400795013236
BRK-B,2026-06-10 04:00:00,488.1300048828125,490.2999877929687,483.1099853515625,483.6799926757813,483.6799926757813,5062700,483.6799926757813,-0.008385092215617895,-0.008420444863537185,-0.008420444863537185,,,481.8913833062893,482.90913732269235,5.049987792968807,3.759979248046932,54.56491738725399,75.05598026620808,88.90128143063161,6.770397639512656,5.432842933584201,0.13735729453075723,-0.06253796976295689,-1.1110031818304122,481.3100021362305,492.1756880033989,470.4443162690621,0.6090584878176883
BRK-B,2026-06-11 04:00:00,482.8800048828125,486.4700012207031,481.05999755859375,485.7900085449219,485.7900085449219,5664300,485.7900085449219,0.004362421231169256,0.0043529334547804865,0.0043529334547804865,,,482.2626809480638,483.0221126647406,-2.339996337890625,8.3699951171875,57.140705202121254,86.88342590676056,86.64045986213499,7.007789075626348,5.444179348844165,0.1382211974004347,0.24225273684231752,-0.8403519980958664,481.323503112793,492.2118618104813,470.4351444151047,0.705104623944707
BRK-B,2026-06-12 04:00:00,486.6700134277344,489.989990234375,484.510009765625,489.25,489.25,4591300,489.25,0.0071224014372830435,0.007097156932952307,0.007097156932952307,,,482.92813990539105,483.2663435406331,2.25,14.769989013671875,61.041025449590926,100.0,87.31313539098954,7.206715749157717,5.699200459386515,0.1399201423691383,0.7542988739114662,-0.5214218236943998,481.58300323486327,492.9814041536363,470.18460231609026,0.8363189635008054
BRK-B,2026-06-15 04:00:00,487.55999755859375,497.1099853515625,487.55999755859375,495.5199890136719,495.5199890136719,6253600,495.5199890136719,0.012815511525134049,0.012734087777395525,0.012734087777395525,,,484.12736362998925,483.74687865722285,7.75,25.22998046875,66.91650209917853,100.0,95.62780863558686,7.168297339865111,6.4966027759365605,0.14575030428157074,1.647048687533072,-0.08772772144890542,482.2240020751953,495.21720762706843,469.23079652332217,1.0116515276155156
BRK-B,2026-06-16 04:00:00,497.0,499.7900085449219,492.4299926757813,494.9500122070313,494.9500122070313,4345900,494.9500122070313,-0.0011502599678675507,-0.0011509220246046588,-0.0011509220246046588,,,485.158092065898,484.1862172278036,11.27001953125,23.440002441406307,65.94290615128992,97.74087495887463,99.24695831962487,6.315736500799963,6.972909301583228,0.1406514822230338,2.2822585263076576,0.3862695281024072,482.55250244140626,496.4983210445727,468.6066838382398,0.9444884204506337
BRK-B,2026-06-17 04:00:00,493.239990234375,494.7699890136719,487.8999938964844,491.2799987792969,491.2799987792969,5412000,491.2799987792969,-0.007414917339570226,-0.0074425444925729145,-0.0074425444925729145,,,485.74113080050745,484.46440473962684,5.489990234375,15.910003662109375,59.89972632809254,83.19463528865322,93.64517008250927,5.046307085033616,7.21746704588103,0.1294664057707535,2.461156804316772,0.8012469833452802,483.0935028076172,497.52843689937924,468.65856871585515,0.7835654087382247
BRK-B,2026-06-18 04:00:00,492.75,493.5700073242187,485.7699890136719,489.4599914550781,489.4599914550781,8882300,489.4599914550781,-0.003704623287618003,-0.0037115023994034805,-0.0037115023994034805,,,486.0953080057047,484.6603101010171,0.209991455078125,10.829986572265625,57.10486226920268,75.9809661125196,85.63882545334916,3.7632853226414418,7.33341953357894,0.13059712580244887,2.4280861323997556,1.1266148131561753,483.52150268554686,498.18834175270473,468.854663618389,0.7024461011107971
BRK-B,2026-06-22 04:00:00,488.75,492.4800109863281,487.3599853515625,488.69000244140625,488.69000244140625,6076300,488.69000244140625,-0.0015731398420999465,-0.001574378525833616,-0.001574378525833616,,,486.34242176148575,484.8183372516206,-6.829986572265625,0.55999755859375,55.91617025382368,71.55355070612475,76.9097173690992,3.748358721094594,7.370566741643381,0.13050596443113818,2.313081939551921,1.3639082384353245,483.9570022583008,498.6981357415876,469.21586877501403,0.6605371862506921
BRK-B,2026-06-23 04:00:00,490.9200134277344,494.3399963378906,490.0,492.80999755859375,492.80999755859375,4428100,492.80999755859375,0.008430692456577349,0.008395352655999918,0.008395352655999918,,,486.95838136121034,485.13173569503135,-2.140014648437557,5.80999755859375,60.637611178968164,86.5509068191284,78.02847454592425,3.795509806873621,7.6179054019408055,0.12545791225490047,2.525279610463258,1.5961825128409113,484.2785018920898,499.51431269597146,469.0426910882082,0.7799816752886678
BRK-B,2026-06-24 04:00:00,492.989990234375,498.5,491.5,494.80999755859375,494.80999755859375,4707800,494.80999755859375,0.004058359225478592,0.004050146298849382,0.004050146298849382,,,487.7061543323897,485.5112753759554,3.529998779296875,7.040008544921875,62.72467013244537,95.7963758309227,84.63361111872528,3.999811591096241,7.969795393314102,0.12367346836878637,2.822297391257507,1.8414054885242306,484.83800201416017,500.7775928007884,468.89841122753194,0.8128058830970466
BRK-B,2026-06-25 04:00:00,493.0799865722656,496.0,486.5,487.80999755859375,487.80999755859375,7054100,487.80999755859375,-0.014146844313045803,-0.014247864794150415,-0.014247864794150415,,,487.71604416345673,485.601421343902,-1.649993896484375,4.130004882812443,52.27705608959496,34.88180878566261,72.4096971452379,3.36617357664718,7.908585231503602,0.13181778164130556,2.4644361381332374,1.9660116184460321,485.2325012207031,501.0496716837103,469.4153307576959,0.5814777947774801
BRK-B,2026-06-26 04:00:00,490.239990234375,498.6600036621094,489.2799987792969,498.6600036621094,498.6600036621094,7250800,498.6600036621094,0.02224227907959664,0.021998527365024945,0.021998527365024945,,,488.75832602047126,486.1135226112827,9.970001220703125,12.8699951171875,62.659049124600436,100.0,76.89272820552844,3.5900436638112687,8.22408108434597,0.14950756865793532,3.0215033225683783,2.1771099592705014,486.29450073242185,502.7426629011138,469.8463385637299,0.8758931485131048
BRK-B,2026-06-29 04:00:00,497.7900085449219,500.0199890136719,495.0,496.0,496.0,5200700,496.0,-0.005334303217772729,-0.005348581411962823,-0.005348581411962823,,,489.44800925661684,486.5012276069187,3.19000244140625,6.75,59.255595707958186,82.24297923054193,72.37492933873484,3.5824104975442594,8.001755516829196,0.14892133214671888,3.2113248607174114,2.3839529395598835,487.3705001831055,503.3740112167639,471.3669891494471,0.7696127055727033
BRK-B,2026-06-30 04:00:00,496.5,500.5799865722656,494.7900085449219,500.3900146484375,500.3900146484375,5910500,500.3900146484375,0.008850835984753003,0.008811896929396577,0.008811896929396577,,,490.4901050082188,487.04588592227236,5.58001708984375,4.870025634765625,62.84273445525723,100.0,94.08099307684732,4.234815898215955,7.430370748029822,0.14462496515304488,3.6736497430660506,2.641892300261117,488.87550048828126,503.7362419843409,474.01475899222163,0.8874138502176808
BRK-B,2026-07-01 04:00:00,501.8299865722656,503.8299865722656,499.0799865722656,499.739990234375,499.739990234375,4101300,499.739990234375,-0.00129903554234434,-0.0012998800204317349,-0.0012998800204317349,,,491.3710464583289,487.5436939345117,11.92999267578125,4.789978027343693,61.97271471645757,95.54777984711954,92.59691969255384,4.667590970160984,6.59197302606652,0.14546429560353624,3.9421513387351297,2.90194410795592,490.28699951171876,503.4709455638518,477.10305345958574,0.8585038457103988
BRK-B,2026-07-02 04:00:00,502.2000122070313,507.9299926757813,500.3299865722656,507.7799987792969,507.7799987792969,4386500,507.7799987792969,0.01608838336341889,0.015960336872177128,0.015960336872177128,,,492.93380382223063,488.33727451666016,9.1199951171875,16.5,67.89349090709987,100.0,98.5159266157065,6.258306737990167,6.714460614585237,0.15170445466231325,4.748959238199177,3.2713471340045714,491.9074996948242,505.3364209239947,478.4785784656537,1.0909819118602841
BRK-B,2026-07-06 04:00:00,506.5,508.0,504.1000061035156,506.5799865722656,506.5799865722656,4126100,506.5799865722656,-0.0023632522153611557,-0.002366049103247758,-0.002366049103247758,,,494.2334402746149,489.052674989429,10.579986572265625,17.1199951171875,66.23585068077361,93.99092572018883,96.51290185576944,6.7126334209794045,6.714185981209625,0.1523734592619093,5.231227026241754,3.6633231124520083,493.30499877929685,506.7333707417161,479.8766268168776,0.9942888024743529
BRK-B,2026-07-07 04:00:00,508.9700012207031,512.5800170898438,503.75,504.0,504.0,3761400,504.0,-0.0050929500585344956,-0.005105963331453239,-0.005105963331453239,,,495.1635888198897,489.6388445976867,3.6099853515625,15.30999755859375,62.69188172849842,81.07161468083383,91.68751346700755,6.254124508306626,7.002011840390397,0.14105829461524255,5.343646141863701,3.999387718334347,494.09849853515624,508.10252221593703,480.09447485437545,0.8535234476371475
BRK-B,2026-07-08 04:00:00,504.55999755859375,504.9100036621094,494.3399963378906,494.7900085449219,494.7900085449219,4429600,494.7900085449219,-0.01827379256959949,-0.018442820673403224,-0.018442820673403224,,,495.12800974608325,489.8408510269901,-4.949981689453125,1.980010986328125,51.99647800606601,34.95248152059134,70.00500730720466,6.0700067929923724,6.800118108223028,0.15763670851463163,4.636127371169664,4.126735648901411,494.48799896240234,508.0882351788484,480.8877627459563,0.5111031006268232
BRK-B,2026-07-09 04:00:00,494.6099853515625,497.8500061035156,493.2000122070313,495.4500122070313,495.4500122070313,3393300,495.4500122070313,0.0013339066082809214,0.0013330177452135247,0.0013330177452135247,,,495.1586766471259,490.06081813208976,-12.329986572265568,0.6400146484375568,52.62028483388574,38.25745709277708,51.42718443140075,6.023458695161585,6.615115042278255,0.1576228121650087,4.081620052404787,4.117712529602087,494.8720001220703,508.1022302066268,481.64177003751377,0.5218443701004007
BRK-B,2026-07-10 04:00:00,496.1499938964844,497.2999877929687,490.7000122070313,493.7099914550781,493.7099914550781,2736900,493.7099914550781,-0.0035120006238411605,-0.0035181821753510027,-0.0035181821753510027,,,495.0207066288356,490.2039229682854,-12.8699951171875,5.899993896484375,50.7479301527331,29.544284105339887,34.25140757290277,4.99343482206872,6.080574692012372,0.15476173201760185,3.461857733531133,3.986541570387896,495.37350006103514,507.53464944505987,483.2123506770104,0.4316056174697493
BRK-B,2026-07-13 04:00:00,495.8500061035156,501.5,493.80999755859375,496.8500061035156,496.8500061035156,3228900,496.8500061035156,0.006360038692316383,0.006339898993967412,0.006339898993967412,,,495.1949256264242,490.4645536794709,-7.149993896484375,-1.80999755859375,53.93346529240863,45.267941874485196,37.68989435753405,5.067971189208625,5.65087308704522,0.1554872297167547,3.187323094020769,3.826697875114471,495.92649993896487,507.2282461130553,484.6247537648744,0.5408567910801217
BRK-B,2026-07-14 04:00:00,493.9599914550781,497.0799865722656,491.0,491.0899963378906,491.0899963378906,4110200,491.0899963378906,-0.011593055640266914,-0.011660779032657609,-0.011660779032657609,,,494.8039799798972,490.4890808425462,-3.70001220703125,-4.910003662109375,47.8230414529416,16.42462983876267,30.412285272862587,5.6520509981958424,5.550541948854996,0.16011992088173382,2.4764211234255527,3.5566425247766875,496.01849975585935,507.11958365356935,484.91741585814935,0.278017017825376
BRK-B,2026-07-15 04:00:00,490.1000061035156,492.75,487.5700073242187,488.3500061035156,488.3500061035156,5134500,488.3500061035156,-0.005579405515908298,-0.005595028537411641,-0.005595028537411641,,,494.1893158011942,490.4051955586626,-7.100006103515682,-12.040008544921875,45.199675911306,2.7040987076257266,21.465556806957867,6.544040762227005,5.809921875475041,0.1541795481503971,1.6726506021438468,3.1798441402501196,495.6600006103516,507.2798443613017,484.04015685940146,0.18545211693409222
BRK-B,2026-07-16 04:00:00,489.9299926757813,493.1499938964844,486.1700134277344,493.1199951171875,493.1199951171875,4195000,493.1199951171875,0.009767562105161165,0.009720167838149971,0.009720167838149971,,,494.0874757360507,490.5116582864479,-0.589996337890625,-6.6199951171875,50.309948971771654,24.54961817673501,14.559448907707802,6.663556194014125,5.836043847587631,0.15855179418870738,1.4043662620348982,2.8247485646070754,495.56849975585936,507.2405874510346,483.8964120606841,0.3951128237460052
BRK-B,2026-07-17 04:00:00,495.510009765625,502.989990234375,490.4800109863281,490.9100036621094,490.9100036621094,5591300,490.9100036621094,-0.00448165046431126,-0.00449172316590508,-0.00449172316590508,,,493.7848593480563,490.5272796737288,-5.94000244140625,-16.8699951171875,48.073177044480566,13.17549420275742,13.476403695706052,5.752778275508885,5.8509209731123475,0.15709971510742407,1.0018721898973126,2.4601732896651227,495.55,507.2518419462247,483.8481580537753,0.30174077041830105
BRK-B,2026-07-20 04:00:00,490.489990234375,492.25,488.9100036621094,491.25,491.25,3426600,491.25,0.000692583845010919,0.0006923441195000253,0.0006923441195000253,,,493.5434441720509,490.5556216473081,0.160003662109375,-15.329986572265625,48.45287703431468,14.925347347655501,17.550153242382645,4.335714587117903,5.7659337027777875,0.15651042815144386,0.702232699480021,2.1085851716281026,495.6395004272461,507.1713678328017,484.1076330216905,0.3096795482953864
BRK-B,2026-07-21 04:00:00,489.0,491.2000122070313,487.3800048828125,489.6499938964844,489.6499938964844,4473100,489.6499938964844,-0.0032570098799300506,-0.003262325481725557,-0.003262325481725557,,,493.1726393839017,490.5201068335503,1.29998779296875,-14.350006103515625,46.72147677367102,6.690624204862082,11.597155251758336,2.7108532867555883,5.708748710158085,0.1568759982899255,0.33183394859361215,1.7532349270212046,495.6875,507.1049974203162,484.2700025796838,0.23560291361342692
BRK-B,2026-07-22 04:00:00,490.5,492.3200073242187,487.80999755859375,489.3900146484375,489.3900146484375,3179300,489.3900146484375,-0.0005309491499796426,-0.0005310901533922116,-0.0005310901533922116,,,492.8123894090956,490.47578949295763,-3.72998046875,-5.399993896484375,46.431148678875914,5.352593602457742,8.989521718325108,2.745380372718043,5.84897612351921,0.153783613463072,0.0171148282703939,1.4060109072710425,495.51650085449216,507.2144531015306,483.81854860745375,0.23813851874776995
BRK-B,2026-07-23 04:00:00,488.3999938964844,491.0,486.05999755859375,490.8500061035156,490.8500061035156,2883000,490.8500061035156,0.002983288198323608,0.002978847024761168,0.002978847024761168,488.80180114746094,,492.6254957609451,490.49046465415597,-0.05999755859375,-4.600006103515682,48.37140506985699,13.713673496718897,8.585630434679574,2.470410094705557,5.940462776204796,0.15342382503045585,-0.11318846705660235,1.1021710324055136,495.3185012817383,507.19942683414786,483.4375757293287,0.3119466720622446
BRK-B,2026-07-24 04:00:00,491.4299926757813,497.2900085449219,490.25,494.9299926757813,494.9299926757813,3933000,494.9299926757813,0.008312084183625945,0.008277729055745106,0.008277729055745106,489.001201171875,,492.8449716575962,490.66456379225895,3.679992675781307,1.2200012207031818,53.445952723425485,42.04465903174451,20.370308710307047,2.6165456072394644,5.674186499388485,0.14716930038333656,0.11148096791987427,0.9040330195083858,495.6745010375977,507.0228740363747,484.3261280388207,0.46719757264338213
BRK-B,2026-07-27 04:00:00,497.25,498.7699890136719,493.9700012207031,497.1799926757813,497.1799926757813,3482400,497.1799926757813,0.004546097495194523,0.004535795205651589,0.004535795205651589,489.23440124511717,,493.25783080218525,490.92007080729906,7.529998779296932,0.32998657226568184,56.01359191553677,100.0,51.919444176154464,2.690599342040875,5.642765343399321,0.12508615792672959,0.46572077061745176,0.8163705697301991,495.6005004882812,506.8860311750799,484.31496980148256,0.5699786404084525
BRK-B,2026-07-28 04:00:00,500.3299865722656,513.4400024414062,499.5,512.3699951171875,512.3699951171875,6362100,512.3699951171875,0.03055232041751088,0.03009489193484244,0.03009489193484244,489.80060119628905,,495.07803692742357,491.7612443096476,22.97998046875,21.279998779296875,68.603401486321,100.0,80.68155301058151,7.054851419672769,6.777022816822461,0.16305288532107565,1.9496898048588491,1.0430344167559291,496.41900024414065,509.9730458777856,482.8649546104957,1.08842191122081
BRK-B,2026-07-29 04:00:00,511.44000244140625,513.3599853515625,507.2000122070313,509.1600036621094,509.1600036621094,5057500,509.1600036621094,-0.006264987188299265,-0.006284694574666738,-0.006284694574666738,490.3298010253906,,496.41917661644123,492.4435485979795,18.30999755859375,20.80999755859375,64.4080211860956,86.63616601468452,95.54538867156151,8.238527620423739,7.310235449687447,0.16303144091620717,2.834057224957917,1.4012389783963268,496.85749969482424,511.4779705941991,482.23702879544936,0.9207287183824957
BRK-B,2026-07-30 04:00:00,505.9800109863281,509.9100036621094,501.2699890136719,509.6799926757813,509.6799926757813,4055100,509.6799926757813,0.001021268383085694,0.0010207472433160815,0.0010207472433160815,490.75580078125,,497.6821114792355,493.11948758142273,14.75,16.559997558593807,64.78372369299076,88.80098388107055,91.81238329858502,9.226927641104426,7.8355421549460935,0.1628300075181773,3.536121338947112,1.8282154505064838,497.35449981689453,513.0255841267867,481.68341550700234,0.8932559041593072
BRK-B,2026-07-31 04:00:00,508.989990234375,513.030029296875,506.7000122070313,511.5400085449219,511.5400085449219,3939800,511.5400085449219,0.0036493797988335075,0.003642736968942845,0.003642736968942845,491.37740112304687,,499.00191119977706,493.84186095254034,14.360015869140568,20.6300048828125,66.15976811423633,96.54460053335909,90.6605834763714,9.864826523756781,8.138115137920016,0.15340206993783911,4.194251225919174,2.301422605589022,497.5425003051758,513.8187305810159,481.2662700293358,0.9299984702392524
BRK-B,2026-08-03 04:00:00,514.9299926757812,520.6699829101562,510.8299865722656,513.1400146484375,513.1400146484375,4249000,513.1400146484375,0.0031278220213251107,0.0031229405622679282,0.0031229405622679282,492.02220153808594,,500.3483972425066,494.5986512935559,0.77001953125,21.8900146484375,67.34190965965303,100.0,95.11519480480986,10.22809553057635,8.638360100234744,0.15334147563825634,4.7897181345006175,2.7990817113713415,497.87050170898436,515.1472219094538,480.5937815085149,0.9419100605402584
BRK-B,2026-08-04 04:00:00,512.0700073242188,517.77001953125,508.80999755859375,517.219970703125,517.219970703125,4771300,517.219970703125,0.007950960631052606,0.007919518298112544,0.007919518298112544,492.7670007324219,,501.9552137625655,495.4857618586371,8.059967041015625,27.569976806640625,70.20057048076214,100.0,98.84820017778638,10.307895508996946,9.585891109748895,0.15383394007443432,5.527134934651997,3.3446923560274726,498.5315002441406,517.7032824636384,479.3597180246428,0.9873952313097456
BRK-B,2026-08-05 04:00:00,519.0,519.77001953125,512.2000122070312,518.8499755859375,518.8499755859375,3749400,518.8499755859375,0.0031514732128317124,0.0031465177297778355,0.0031465177297778355,493.41640014648436,,503.56423869812477,496.4020055342175,9.169982910156193,29.4599609375,71.28211019555246,100.0,100.0,9.686103072091532,10.552611146986175,0.13503480559008427,6.1719247267367905,3.9101388301693363,499.73449859619143,520.8397208901638,478.62927630221907,0.9528613042660403
BRK-B,2026-08-06 04:00:00,524.1099853515625,525.4400024414062,517.2100219726562,524.6099853515625,524.6099853515625,4352800,524.6099853515625,0.011101493758615355,0.011040324474045285,0.011040324474045285,494.2361999511719,,505.5685955222617,497.50820082117224,13.069976806640625,33.759979248046875,74.76723519238381,100.0,100.0,9.107271195872862,11.862617653742305,0.13839671367088138,7.0662545482578025,4.54136197378703,501.19249725341797,524.9177325609026,477.4672619459334,0.9935143486386632
BRK-B,2026-08-07 04:00:00,520.260009765625,521.989990234375,517.4299926757812,521.7999877929688,521.7999877929688,3645100,521.7999877929688,-0.0053563554584472595,-0.005370752162602097,-0.005370752162602097,495.07379943847656,,507.1144424051862,498.46081991810547,8.65997314453125,26.869995117187443,70.2859579914386,92.02157894372006,97.34052631457335,7.744320362969966,12.571774218422876,0.1396792810066921,7.462253839097173,5.125540346849059,502.5969970703125,527.7405455071582,477.45344863346673,0.8818671571136695
BRK-B,2026-08-10 04:00:00,524.5999755859375,537.739990234375,523.0,529.4199829101562,529.4199829101562,6094800,529.4199829101562,0.014603287266098608,0.014497686107847902,0.014497686107847902,496.113798828125,,509.2387795961357,499.6749047413232,12.20001220703125,32.23999023437494,74.71219838785937,100.0,97.34052631457335,6.826305931748026,13.834254069849484,0.14533419717605617,8.295332622304329,5.759498801940113,504.22549591064455,531.8940040503435,476.55698777094557,0.9552917503232223
BRK-B,2026-08-11 04:00:00,528.760009765625,530.2999877929688,515.6500244140625,516.3800048828125,516.3800048828125,4718600,516.3800048828125,-0.02463068725827955,-0.024939097404994257,-0.024939097404994257,496.95179870605466,,509.91889629010495,500.33000670765614,-2.469970703125,4.010009765625,58.61969326645287,66.19137705807837,86.07098533393281,6.654138193231732,13.725804818570502,0.16902367886052883,7.813269802153627,6.170253001982816,505.4899963378906,532.9416059750316,478.0383867007496,0.6983491804099552
BRK-B,2026-08-12 04:00:00,513.97998046875,514.3800048828125,507.9599914550781,510.0,510.0,4599100,510.0,-0.012355251602471307,-0.012432212293029486,-0.012432212293029486,497.7459985351563,,509.9266204529521,500.70922213088534,-14.6099853515625,0.839996337890625,52.64496922018697,43.69385790431148,69.96174498746329,6.546071828981912,13.14430314151393,0.1750089398182848,6.837598886288106,6.303722178843874,506.57249603271487,532.8611023157428,480.283889749687,0.5651899140331748
BRK-B,2026-08-13 04:00:00,511.2900085449219,512.010009765625,505.55999755859375,506.9299926757813,506.9299926757813,4713400,506.9299926757813,-0.006019622204350372,-0.006037813168651988,-0.006037813168651988,498.4543981933594,,509.64122733131677,500.9531739169597,-14.869995117187443,-2.75,50.003891406347286,30.24194464427706,46.70905986888897,6.9456441625713605,12.757461424146976,0.1749298529509698,5.750362127067888,6.193050168488678,507.2629959106445,532.7779187589384,481.74807306235056,0.49347434368422066
BRK-B,2026-08-14 04:00:00,507.239990234375,509.1700134277344,503.7699890136719,504.0299987792969,504.0299987792969,3969500,504.0299987792969,-0.005720698988783579,-0.005737124862184498,-0.005737124862184498,499.02759826660156,,509.10682461207676,501.07383371548275,-25.389984130859375,-7.510009765625,47.575865191503205,0.0,24.64526751619618,7.9357266703591165,12.19734401451541,0.1755391916066991,4.601668718533972,5.874773878497737,507.9189956665039,532.3136836955348,483.5243076374731,0.420290087690833
BRK-B,2026-08-17 04:00:00,504.4500122070313,505.30999755859375,498.0700073242187,498.2300109863281,498.2300109863281,4789800,498.2300109863281,-0.011507227361497674,-0.011573947841287428,-0.011573947841287428,499.4195983886719,,508.0709376001007,500.96231125551594,-18.149993896484375,-14.910003662109375,43.07130609787001,0.0,10.08064821475902,9.770937040175633,11.78829437038587,0.18142118703647686,3.1865774922545143,5.337134601249093,508.2679962158203,531.844584956592,484.69140747504855,0.28711964356121716
BRK-B,2026-08-18 04:00:00,501.0400085449219,504.5,499.6000061035156,502.9599914550781,502.9599914550781,3380700,502.9599914550781,0.009493567959477645,0.009448787239290695,0.009448787239290695,499.7161981201172,,507.58418082438425,501.0406516554988,-7.040008544921875,-14.259979248046875,47.441730408274296,15.165068055532453,5.055022685177485,10.390828881947215,11.033444138334772,0.18333470511151162,2.4188938909130684,4.753486459181889,508.93349609375,531.0003843704196,486.8666078170805,0.36465004572059506
BRK-B,2026-08-19 04:00:00,503.4100036621094,507.0700073242187,499.4100036621094,499.6199951171875,499.6199951171875,3562300,499.6199951171875,-0.006640679963883289,-0.006662827382807875,-0.006662827382807875,499.9685980224609,,506.82568694750836,500.9849396343885,-7.309997558593807,-19.22998046875,44.82485752103812,4.456509721310368,6.540525925614273,11.014598418899281,10.291953704201033,0.18544500445313306,1.5234281832392753,4.107474803993366,509.4449951171875,530.0289025255895,488.8610877087854,0.26134268860951193
BRK-B,2026-08-20 04:00:00,499.6499938964844,500.44000244140625,496.4800109863281,496.8599853515625,496.8599853515625,3288700,496.8599853515625,-0.00552421799087055,-0.005539532911089252,-0.005539532911089252,500.15039794921876,,505.87657250979925,500.82317672133655,-7.170013427734375,-27.75,42.72747038680227,0.0,6.540525925614273,10.80988842672321,9.796252698684356,0.18672110713911216,0.5843197622115213,3.402843795636997,509.74549407958983,529.3379994769585,490.1529886822211,0.17116230245474714
BRK-B,2026-08-21 04:00:00,498.5,501.0,495.6799926757813,495.8200073242187,495.8200073242187,4645800,495.8200073242187,-0.002093100788963631,-0.0020952943859008336,-0.0020952943859008336,500.3931982421875,,504.9188043968868,500.626973999881,-2.410003662109432,-25.979980468750057,41.931317600242544,0.0,1.4855032404367894,10.405503916329373,9.72718725238746,0.18468966412267113,-0.2410690685494501,2.6740612227997076,509.78999481201174,529.2443693167867,490.3356203072368,0.14095511052374832
BRK-B,2026-08-24 04:00:00,498.1300048828125,504.4599914550781,498.1099853515625,504.3200073242187,504.3200073242187,3194900,504.3200073242187,0.01714331788640755,0.01699802934667817,0.01699802934667817,500.76379821777346,,504.86177610425176,500.77179883612956,1.3600158691405682,-25.099975585937557,50.11321775546125,25.297637429110114,8.432545809703372,6.3861947441606794,9.364279509191615,0.19374436119861377,-0.20693132548700532,2.0978627131423653,510.1469955444336,528.8755545628168,491.41843652605036,0.3444357567900624
BRK-B,2026-08-25 04:00:00,503.9500122070313,504.75,501.1600036621094,504.3200073242187,504.3200073242187,3032800,504.3200073242187,0.0,0.0,0.0,501.0651983642578,,504.81017907758195,500.910944267035,4.700012207031193,-12.059997558593807,50.113217755461235,25.297637429110114,16.865091619406744,4.5661394722134885,9.436426713438356,0.1596650437811993,-0.17782703875161587,1.642724762763569,509.74449615478517,528.6173495816619,490.87164272790847,0.35628858795561097
BRK-B,2026-08-26 04:00:00,505.9299926757813,506.7000122070313,503.6499938964844,504.9100036621094,504.9100036621094,3002200,504.9100036621094,0.0011698848535099948,0.0011692010714703007,0.0011692010714703007,501.25299865722656,,504.8196861808703,501.0677701256654,8.050018310546875,-5.089996337890625,50.67271655525752,27.053580186811434,25.882951681677223,3.8394096213937825,9.49793438604724,0.1584516018434847,-0.10593278100753878,1.2929932540093476,509.53199615478513,528.5278649268796,490.53612738269067,0.3783421661802167
BRK-B,2026-08-27 04:00:00,500.5,505.3999938964844,499.2200012207031,503.7000122070313,503.7000122070313,6302000,503.7000122070313,-0.002396449756000063,-0.002399325837558679,-0.002399325837558679,501.42799865722657,,504.7130505643142,501.1709953053268,7.880004882812614,-3.22998046875,49.4478775922383,23.452412525295394,25.267876713738982,3.4788174925477575,9.586741172626786,0.15850446308486588,-0.14492169479251515,1.005410264248975,509.23299713134764,528.4064794766012,490.0595147860941,0.35571257154321617
BRK-B,2026-08-28 04:00:00,504.8999938964844,506.5799865722656,502.94000244140625,505.0,505.0,4851200,505.0,0.0025808770328843433,0.0025775522890296425,0.0025775522890296425,501.7023986816406,,504.7403790819985,501.32115235217674,0.6799926757813068,0.970001220703125,50.82320679698177,44.64977512579612,31.718589279300982,3.570234547619334,9.615404026793538,0.15817193220652365,-0.07011430535828822,0.7903053503275225,508.90599670410154,528.1368047576887,489.6751886505145,0.398444290712657
BRK-B,2026-08-31 04:00:00,504.05999755859375,505.2999877929687,502.2000122070313,504.0299987792969,504.0299987792969,5127900,504.0299987792969,-0.00192079449644178,-0.001922641587824855,-0.001922641587824855,501.993798828125,,504.67272381507456,501.4273816238285,-0.29000854492181816,5.79998779296875,49.73589304322264,57.89841816420979,42.00020193843377,3.4351909229394453,9.620052318831402,0.15759138364408337,-0.0880845186455872,0.6146273765329006,508.4504959106445,527.6906005483073,489.2103912729817,0.3851228406862597
BRK-B,2026-09-01 04:00:00,506.0,506.75,501.2699890136719,502.3299865722656,502.3299865722656,4839100,502.3299865722656,-0.0033728393372388643,-0.0033785401821350017,-0.0033785401821350017,502.2665985107422,,504.4496059824261,501.46277789631625,-2.58001708984375,-0.6300048828125,47.80554536874042,58.59575005768398,53.7146477825633,3.4245273737618867,9.480823001080129,0.15427740136816392,-0.23677344279457202,0.44434721266740607,507.70599670410155,526.6676427062619,488.7443507019413,0.35823988773908466
BRK-B,2026-09-02 04:00:00,503.4599914550781,508.9299926757813,502.6000061035156,505.239990234375,505.239990234375,3298400,505.239990234375,0.005793012043669332,0.005776297071689003,0.005776297071689003,502.5151983642578,,504.52488067308786,501.6109038703578,1.5399780273436932,5.6199951171875,51.290562443049005,100.0,72.16472274063126,3.435085723338889,9.120438090542164,0.1555957467507514,-0.1184322970131575,0.33179131073129337,507.02549743652344,525.2663736176078,488.7846212554391,0.4510575263922904
BRK-B,2026-09-03 04:00:00,506.6000061035156,508.9500122070313,505.2099914550781,508.1300048828125,508.1300048828125,3847300,508.1300048828125,0.005720082939390636,0.005703785384350209,0.005703785384350209,502.7815985107422,,504.8682258359188,501.86655489045404,3.1300048828125,11.27001953125,54.5371589009747,100.0,86.19858335256133,3.1611453240438414,8.139868296998278,0.1510558602420354,0.20617725977939472,0.30666850054091366,506.2014984130859,522.4812350070824,489.92176181908934,0.5592302725106064
BRK-B,2026-09-04 04:00:00,505.30999755859375,507.5,504.2999877929687,506.0299987792969,506.0299987792969,3277400,506.0299987792969,-0.004132812633255045,-0.004141376306233757,-0.004141376306233757,503.14599853515625,,504.9788708781453,502.02982719982043,2.0,10.209991455078182,51.833624085351794,82.94064565390936,94.31354855130313,1.5352212654310382,7.266265150364339,0.15071103060138455,0.29062953379764167,0.30346070719225926,505.41299896240236,519.945529263131,490.88046866167366,0.5212282308767529
BRK-B,2026-09-08 04:00:00,503.0,507.2999877929687,500.7000122070313,505.8299865722656,505.8299865722656,4398000,505.8299865722656,-0.0003952576082717485,-0.00039533574314981184,-0.00039533574314981184,503.2893981933594,,505.05992951568055,502.1788530575634,3.5,1.5099792480469318,51.57140214613824,81.31585079851462,88.08549881747466,1.5567627284457923,4.583653906234154,0.13847355536498313,0.33752843813653044,0.31027425338111353,504.23349914550784,513.4008069579761,495.0661913330395,0.5870750420634105
BRK-B,2026-09-09 04:00:00,504.1000061035156,509.510009765625,501.2099914550781,506.7200012207031,506.7200012207031,3359600,506.7200012207031,0.0017595134176775495,0.0017579672873031399,0.0017579672873031399,503.50379821777346,,505.2180315828256,502.35693729925515,1.480010986328125,2.399993896484432,52.717658513641936,88.54586562346611,84.26745402529669,1.6317003234995597,3.650285402804013,0.11003683749336518,0.4414244355635901,0.3365042898176089,503.75049896240233,511.05106976801034,496.44992815679433,0.7033746632537103
BRK-B,2026-09-10 04:00:00,508.739990234375,510.5799865722656,504.739990234375,507.0,507.0,3805200,507.0,0.0005525710029647968,0.0005524183918245439,0.0005524183918245439,503.6359979248047,,505.3877428606517,502.53901818948043,-1.1300048828125,2.089996337890625,53.09380218873606,90.82042967568563,86.89404869922213,1.7228708035361808,3.4352666386282467,0.10136869777490075,0.5401300406077212,0.37722943997563135,503.60049896240236,510.4710322396588,496.7299656851459,0.7473971743104
BRK-B,2026-09-11 04:00:00,508.8500061035156,510.6300048828125,506.0,510.3699951171875,510.3699951171875,3587200,510.3699951171875,0.006646933169994984,0.0066249397152677025,0.0066249397152677025,503.8485980224609,,505.8622430755599,502.84611532390034,4.339996337890625,6.669982910156193,57.47833081266051,100.0,93.1220984330506,2.212672284183902,3.6875962050133464,0.10181831917381293,0.8801396830748445,0.477811488595474,503.77249908447266,511.1476914944993,496.397306674446,0.9472761974145557
BRK-B,2026-09-14 04:00:00,512.7999877929688,516.4500122070312,510.5,514.9500122070312,514.9500122070312,3964400,514.9500122070312,0.00897391526473279,0.008933888970634265,0.008933888970634265,503.99199829101565,,506.7277448976048,503.3207779467682,9.120025634765625,9.95001220703125,62.59559604910488,100.0,96.94014322522855,3.5262914985368226,4.456084595379454,0.10351171060728907,1.5018564108862051,0.6826204730536203,504.31849975585936,513.2306689466183,495.40633056510046,1.0964604252686194
BRK-B,2026-09-15 04:00:00,515.0,516.8699951171875,512.4099731445312,516.760009765625,516.760009765625,3761300,516.760009765625,0.0035148995352698442,0.003508736712810839,0.003508736712810839,504.19559875488284,,507.6831986945591,503.84780664554694,10.040008544921875,12.730010986328125,64.41803554464215,100.0,100.0,4.478842048747872,5.014875459390414,0.09231273810222819,2.116228508165989,0.969342080076094,505.24499969482423,515.2747506136051,495.2152487760434,1.0740426738434128
BRK-B,2026-09-16 04:00:00,516.3599853515625,523.739990234375,515.2999877929688,519.7999877929688,519.7999877929688,5254600,519.7999877929688,0.005882765635681686,0.00586552973340097,0.00586552973340097,504.5115985107422,,508.83717860869336,504.4733823768184,12.79998779296875,17.470001220703125,67.29979663194322,100.0,100.0,5.221440952866171,5.939509476641335,0.08921242104956591,2.8159629739349157,1.3386662588478584,506.0869995117188,517.9660184650014,494.2079805584361,1.0771936359046104
BRK-B,2026-09-17 04:00:00,518.9500122070312,520.0,508.7799987792969,509.2000122070313,509.2000122070313,5993400,509.2000122070313,-0.020392412148649952,-0.020603208067085835,-0.020603208067085835,504.7997985839844,,508.8717341894874,504.65874040937575,-1.1699829101561932,3.960021972656307,51.605464296216915,39.3247003705085,79.77490012350283,4.9567884730991585,5.774524584985024,0.1161043155871654,2.4865151385630497,1.5682360347908968,506.5660003662109,518.115049536181,495.0169511962409,0.6140358743847651
BRK-B,2026-09-18 04:00:00,507.1600036621094,512.0700073242188,506.1300048828125,509.7699890136719,509.7699890136719,12497100,509.7699890136719,0.0011193574096162173,0.0011187313962225897,0.0011187313962225897,505.08619812011716,,508.9572822679812,504.8591815311129,-5.180023193359375,1.639984130859375,52.250281931838295,42.58730350052493,60.63733462367781,4.897207011529322,5.337469119989656,0.11354596493578725,2.245532618062782,1.703695351445274,507.2115005493164,517.8864387892957,496.53656230933706,0.6198362185728431
BRK-B,2026-09-21 04:00:00,507.9299926757813,510.5,501.9800109863281,502.010009765625,502.010009765625,4807400,502.010009765625,-0.015222510966291458,-0.01533956278733793,-0.01533956278733793,505.2521984863281,,508.29563726775683,504.7474493050153,-14.75,-4.019989013671875,43.71103243065194,0.0,27.304001290344477,5.4515689045844775,4.793946498033609,0.12763062475968998,1.4121088500994574,1.6453780511761107,507.52100067138673,517.1088936674539,497.9331076753195,0.21260677877703602
BRK-B,2026-09-22 04:00:00,503.3299865722656,505.5799865722656,501.4100036621094,503.489990234375,503.489990234375,4704000,503.489990234375,0.0029481094798109453,0.002943772327234634,0.002943772327234634,505.3849981689453,,507.83795659791093,504.69813718459807,-16.30999755859375,-2.339996337890625,45.539115241031496,8.319180981984486,16.968828160836473,5.706214628869636,4.826597242093885,0.11257278824261156,0.8611102219931581,1.4885244853395203,507.47949981689453,517.1326943010823,497.82630533270674,0.2933580645736258
BRK-B,2026-09-23 04:00:00,503.8599853515625,511.2799987792969,502.80999755859375,507.1700134277344,507.1700134277344,5400400,507.1700134277344,0.007309029503538511,0.0072824479921791375,0.0072824479921791375,505.7065985107422,,507.774342962656,504.7950735078583,-2.029998779296932,0.45001220703125,49.89644454115903,29.00511543172391,12.4414321379028,5.679122081945839,4.770148624434389,0.1155714990672303,0.7131660219842502,1.3334527926684663,507.6220001220703,517.1622973709391,498.0817028732015,0.4763117079821854
BRK-B,2026-09-24 04:00:00,509.5799865722656,510.0,504.9800109863281,505.1799926757813,505.1799926757813,2701200,505.1799926757813,-0.003923774472594288,-0.003931492671914644,-0.003931492671914644,506.0431982421875,,507.5272619829537,504.81016837718863,-4.589996337890568,-1.8200073242186932,47.67508479845105,17.81892538194226,18.381073931883552,5.815328063788992,4.7624455844394395,0.11646679352209018,0.4303799816848368,1.1528382304717404,507.63549957275393,517.1603907416328,498.11060840387506,0.37110052737423305
BRK-B,2026-09-25 04:00:00,505.25,505.8699951171875,502.239990234375,505.4800109863281,505.4800109863281,2992300,505.4800109863281,0.000593883991639732,0.0005937077123314889,0.0005937077123314889,506.2903985595703,,507.3322856975608,504.83643671480195,3.470001220703125,-4.889984130859375,48.050580384162046,19.505371031766455,22.109803948477538,5.972094275199219,4.701268145869185,0.11612395685525244,0.22785243663139454,0.9678410717036713,507.72449951171876,517.1270358034571,498.3219632199804,0.3806445167692267
BRK-B,2026-09-28 04:00:00,505.0,507.239990234375,502.5700073242187,503.0899963378906,503.0899963378906,3867200,503.0899963378906,-0.004728208032942605,-0.004739421368494979,-0.004739421368494979,506.53399841308595,,506.92825813949696,504.7679488568839,-0.399993896484375,-11.860015869140625,45.26390847589295,6.070758325871185,14.465018246526633,5.920680228905335,4.778294332253796,0.11701839363728435,-0.12407603856087235,0.7494576496507626,507.6289993286133,517.1855879931209,498.0724106641057,0.26251970498740057
BRK-B,2026-09-29 04:00:00,501.5299987792969,503.8599853515625,500.2300109863281,502.3500061035156,502.3500061035156,3242600,502.3500061035156,-0.001470890376993328,-0.0014719731981816568,-0.0014719731981816568,506.75599853515627,,506.4922341360702,504.6731275724381,-4.82000732421875,-14.410003662109375,44.40522833574595,1.9111678348789416,9.162432397505528,5.328433846906312,4.858978036011711,0.11694077211887877,-0.45742006444720573,0.508082106831169,507.54499969482424,517.2629557668477,497.82704362280083,0.23271161379993008
BRK-B,2026-09-30 04:00:00,501.4299926757813,502.1199951171875,497.9500122070313,497.9500122070313,497.9500122070313,7043200,497.9500122070313,-0.008758821226285907,-0.008797405166029221,-0.008797405166029221,506.9219989013672,,505.6786891904474,504.409475989481,-7.22998046875,-21.849975585937443,39.59534772264416,0.0,2.6606420535833757,3.576158133199156,5.1935785137178465,0.1204440788836767,-1.064370936135333,0.19359149823786853,507.3260009765625,517.7131580039982,496.9388439491268,0.048673966092632207
BRK-B,2026-10-01 04:00:00,497.25,501.5299987792969,495.9599914550781,500.5,500.5,4594800,500.5,0.005120971443833389,0.005107903863054675,0.005107903863054675,507.1441986083984,,505.1854806961191,504.2561632055798,-4.980010986328125,-8.700012207031307,43.420345532876674,11.670437721723841,4.527201852200927,3.377074440491798,5.397910760213263,0.12000928216679799,-1.324354832906181,-0.10999776799094138,507.08900146484376,517.8848229852703,496.29317994441726,0.19483556891076428
BRK-B,2026-10-02 04:00:00,500.1000061035156,503.6199951171875,499.010009765625,502.6499938964844,502.6499938964844,4189700,502.6499938964844,0.004295692100867887,0.004286491953478681,0.004286491953478681,507.3801983642578,,504.94400576282055,504.1931761738506,-0.44000244140625,-7.1199951171875,46.496625017889635,21.51023771613712,11.060225145953654,2.620767247594501,5.480736336356519,0.11914437424576375,-1.3414440727318038,-0.3562870289391139,506.8150009155273,517.7764735882404,495.85352824281426,0.310016083449667
GOOG,2026-05-12 04:00:00,385.0,386.44000244140625,379.7200012207031,383.8200073242187,383.34027099609375,17103900,383.8200073242187,,,,,,383.8200073242187,383.8200073242187,,,,,,,,,0.0,0.0,,,,
GOOG,2026-05-13 04:00:00,381.9049987792969,399.9299926757813,381.5799865722656,399.0400085449219,398.541259765625,18160100,399.0400085449219,0.03965400690497778,0.03888797213283684,0.03888797213283684,,,385.26953124999994,384.41687011718744,,,,,,,,,1.2141311515090365,0.2428262303018073,,,,
GOOG,2026-05-14 04:00:00,393.7900085449219,399.10400390625,392.7279968261719,397.1700134277344,396.673583984375,13805400,397.1700134277344,-0.00468623465603446,-0.004697249479163013,-0.004697249479163013,,,386.40291050502225,384.9169933842677,,,,,,,,,2.002363854579471,0.5947337551573401,,,,
GOOG,2026-05-15 04:00:00,393.2149963378906,395.8800048828125,389.760009765625,393.3200073242187,392.8283996582031,15801900,393.3200073242187,-0.009693597133098253,-0.00974088589272442,-0.00974088589272442,,,387.06168163066,385.2465233426972,,,,,,,,,2.289983133860403,0.9337836308979527,,,,
GOOG,2026-05-18 04:00:00,392.125,404.4700012207031,390.8999938964844,393.1099853515625,392.61865234375,18592800,393.1099853515625,-0.0005339722585814277,-0.0005341148725380858,-0.0005341148725380858,,,387.63771055646026,385.55489440186835,9.289978027343807,,,,,,,,2.472475310590994,1.241521966836561,,,,
GOOG,2026-05-19 04:00:00,393.2999877929687,393.3630065917969,383.0,384.8999938964844,384.4189147949219,25559400,384.8999938964844,-0.020884718681810743,-0.021105889228649234,-0.021105889228649234,,,387.3769756364626,385.5292120291082,-14.1400146484375,,,,,,,,1.9323490616347385,1.3796873857961964,,,,
GOOG,2026-05-20 04:00:00,385.0400085449219,390.7000122070313,380.0,384.8999938964844,384.4189147949219,16488100,384.8999938964844,0.0,0.0,0.0,,,387.14107261360755,385.50453680822096,-12.27001953125,,,,,,,,1.4871521536304613,1.4011803393630495,,,,
GOOG,2026-05-21 04:00:00,382.010009765625,388.6799926757813,379.4800109863281,383.4700012207031,382.99072265625,16837600,383.4700012207031,-0.0037152317444978378,-0.0037221503594433575,-0.0037221503594433575,,,386.79144676666425,385.42475109890654,-9.850006103515568,,,,,,,,1.007330064634516,1.3224102844173429,,,,
GOOG,2026-05-22 04:00:00,383.260009765625,384.8699951171875,378.260009765625,379.3800048828125,378.90582275390625,13382800,379.3800048828125,-0.010665753057268912,-0.010723039903768215,-0.010723039903768215,,,386.08559515867836,385.18770222768717,-13.72998046875,,,,,,,,0.29365401849963746,1.1166590312338018,,,,
GOOG,2026-05-26 04:00:00,380.9949951171875,385.3900146484375,379.1400146484375,384.8399963378906,384.3589782714844,16150900,384.8399963378906,0.014391879869274371,0.014289299808054256,0.014289299808054256,,,385.9669666995557,385.17406670259714,-0.05999755859375,,,,,6.669402321003801,,,0.1667145084742856,0.9266701266818986,,,,
GOOG,2026-05-27 04:00:00,382.7650146484375,389.7250061035156,382.0,384.8299865722656,384.3489990234375,16893100,384.8299865722656,-2.601020091530515e-05,-2.6010539186446654e-05,-2.6010539186446654e-05,,,385.858682877909,385.16057336415275,-0.07000732421875,1.0099792480469318,,,,6.599706225425272,,,0.06456209614270847,0.7542485205740607,,,,
GOOG,2026-05-28 04:00:00,383.8599853515625,390.0,381.25,386.1199951171875,385.6373901367187,20795400,386.1199951171875,0.0033521518331047773,0.003346545896622127,0.003346545896622127,,,385.8835697578403,385.1981977466247,2.649993896484375,-12.920013427734375,,,,5.475010772060779,,,0.08669906902605362,0.6207386302644593,,,,
GOOG,2026-05-29 04:00:00,381.2250061035156,381.6499938964844,374.2999877929687,376.4299926757813,375.9595031738281,48018600,376.4299926757813,-0.025095831772362076,-0.025416101812264346,-0.025416101812264346,,,384.9832290833585,384.85434656737596,-2.950012207031193,-20.740020751953068,,,,5.20175781770353,,,-0.6699368201265088,0.3626035401862657,,,,
GOOG,2026-06-01 04:00:00,372.5750122070313,374.6000061035156,369.7099914550781,372.5799865722656,372.11431884765625,19091900,372.5799865722656,-0.01022768158336329,-0.01028034370061504,-0.01028034370061504,,,383.8019678918258,384.3729991165873,-12.260009765625,-20.740020751953068,,0.0,,5.685616875658126,,,-1.562231102562066,-0.022363388363400623,,,,
GOOG,2026-06-02 04:00:00,363.1600036621094,369.7900085449219,355.0,358.3900146484375,357.94207763671875,34648600,358.3900146484375,-0.038085706251631546,-0.03882992402299788,-0.03882992402299788,,,381.381781868646,383.3540585492089,-26.439971923828125,-34.719970703125,70.29606686057762,0.0,,8.677661537799992,,,-3.3754824334073987,-0.6929871973722003,,,,
GOOG,2026-06-03 04:00:00,358.3349914550781,362.5,354.3800048828125,355.67999267578125,355.23541259765625,43031000,355.67999267578125,-0.007561655910850784,-0.007590390174966826,-0.007590390174966826,,,378.9339924217065,382.26880106397647,-30.44000244140625,-29.220001220703125,68.66026311712935,0.0,0.0,11.232279950860269,,,-4.973837993188681,-1.5491573565354966,,,,
GOOG,2026-06-04 04:00:00,355.44000244140625,369.8599853515625,354.79998779296875,369.2699890136719,368.8084411621094,37746200,369.2699890136719,0.03820849251500791,0.037496624415107906,0.037496624415107906,,,378.0136111447508,381.7590437286704,-7.160003662109432,-15.6300048828125,72.15903527772153,36.10518344592299,12.035061148640997,11.044478173421385,,,-5.085326681240417,-2.256391221476481,,,,
GOOG,2026-06-05 04:00:00,363.3800048828125,369.2000122070313,361.6300048828125,365.760009765625,365.3028564453125,23411500,365.760009765625,-0.009505184153800639,-0.009550646732847227,-0.009550646732847227,,,376.84660148959597,381.1316306320804,-6.819976806640625,-17.709991455078125,69.985832061818,26.93032076483931,21.011834736920765,10.972708760336266,,,-5.394721272222114,-2.8840572316256075,,,,
GOOG,2026-06-08 04:00:00,362.4849853515625,363.3800048828125,357.8900146484375,361.1700134277344,360.9356994628906,18739000,361.1700134277344,-0.012549202251038394,-0.012628608512512546,-0.012628608512512546,,,375.35359310275203,380.3488221142629,2.779998779296875,-18.209991455078125,67.13827602320882,18.035546358844183,27.023683523202163,11.360909674904656,,,-5.9417996907179145,-3.495605723444069,,,,
GOOG,2026-06-09 04:00:00,364.885009765625,369.6919860839844,354.7200012207031,362.2900085449219,362.0549621582031,19873600,362.2900085449219,0.0031010191199374315,0.003096220877215423,0.003096220877215423,,,374.1094421924825,379.6406333468378,6.610015869140625,-22.54998779296875,67.48591000777552,21.71489927395439,22.226922132545962,10.635194499399732,13.079850500565556,,-6.213365226450719,-4.0391576240454,378.82350006103513,404.98320106216624,352.663799059904,0.18398928727437724
GOOG,2026-06-10 04:00:00,361.0499877929687,366.30999755859375,352.80999755859375,353.32000732421875,353.09075927734375,19878600,353.32000732421875,-0.024759173615440444,-0.025070837064057317,-0.025070837064057317,,,372.1294960145526,378.60845193418606,-15.949981689453125,-31.509979248046875,61.84323380009766,0.0,13.25014854426619,10.164387913358151,14.196956401343947,0.2978381541804124,-7.070878319329324,-4.645501763102184,377.29850006103516,405.69241286372306,348.90458725834725,0.07775293416857848
GOOG,2026-06-11 04:00:00,353.04998779296875,358.010009765625,343.6300048828125,356.55999755859375,356.32867431640625,28771800,356.55999755859375,0.009170129534730398,0.009128339184553814,0.009128339184553814,,,370.64668663779463,377.743806664555,-9.20001220703125,-29.55999755859375,63.045163827788336,9.878022683500962,10.53097398581845,7.693607080137643,13.948556949301956,0.25670943976504174,-7.403678492268966,-5.197137108935541,375.17449951171875,403.07161341032264,347.27738561311486,0.16637226308101066
GOOG,2026-06-12 04:00:00,361.1000061035156,364.77301025390625,353.3399963378906,358.1600036621094,357.9276428222656,17637100,358.1600036621094,0.00448734046014998,0.0044773023663078155,0.0044773023663078155,,,369.4574787353484,376.9758143899493,-3.010009765625,-18.269989013671932,63.65403643061582,14.7560918877176,8.21137152373952,6.215609936760574,13.428727987496979,0.2592041908339419,-7.452411149507952,-5.648191917050024,373.2239990234375,400.08145499843147,346.36654304844353,0.21955654743781985
GOOG,2026-06-15 04:00:00,365.989990234375,370.6499938964844,364.6499938964844,367.1099853515625,366.8717956542969,17268600,367.1099853515625,0.02498878042757835,0.024681666606150628,0.024681666606150628,,,369.2339079368926,376.58891913354194,4.819976806640625,-5.470001220703125,66.93573862642161,42.04263158384428,22.225582051687613,5.2854827254631624,12.618839972638158,0.2791815014408966,-6.6917055906418454,-5.856894651768388,371.9134979248047,397.151177870081,346.67581797952835,0.40483450571411883
GOOG,2026-06-16 04:00:00,367.4649963378906,373.6000061035156,365.3200073242187,371.1000061035156,370.8592529296875,16492800,371.1000061035156,0.010868733924881191,0.010810093749996523,0.010810093749996523,,,369.4116315718091,376.37366764216836,17.779998779296875,12.709991455078125,68.3094953372493,54.20733352561896,37.00201899906028,6.112753339256865,11.590867669332546,0.28362068977614874,-5.7011602000280845,-5.8257477614203275,370.81299896240233,393.9947343010674,347.63126362373725,0.50619037222452
GOOG,2026-06-17 04:00:00,367.0499877929687,370.1499938964844,360.2300109863281,362.1000061035156,361.8650817871094,16003500,362.1000061035156,-0.024252222721574235,-0.024551150886163796,-0.024551150886163796,,,368.7152862891145,375.81391620928,5.540008544921875,6.420013427734375,62.04730894147206,37.99222996350028,44.747398357654504,5.693059453907401,11.24861839317395,0.28680278895839767,-5.578070105387383,-5.776212230213739,369.6729995727539,392.1702363591018,347.175762786406,0.3316905862449334
GOOG,2026-06-18 04:00:00,363.8900146484375,369.0,356.6080017089844,367.4599914550781,367.2215881347656,29339100,367.4599914550781,0.01480250003097261,0.01469401231008979,0.01469401231008979,,,368.5957344001586,375.4863113169584,9.29998779296875,-1.80999755859375,64.15487313758905,73.41640377049362,55.205322419870946,5.485390467290237,10.667030524214473,0.29354115387658425,-4.990487067519837,-5.619067197674958,368.8009994506836,390.13506049911257,347.46693840225464,0.46857119719116413
GOOG,2026-06-22 04:00:00,357.135009765625,358.20001220703125,340.94000244140625,348.7799987792969,348.5537109375,32211200,348.7799987792969,-0.050835446334747125,-0.0521730984961781,-0.0521730984961781,,,366.70852148388605,374.43900494293246,-18.329986572265625,-16.980010986328125,53.08995139428142,0.0,37.13621124466463,6.828748456020801,10.972252816156754,0.34285405470115193,-5.963400204950688,-5.687933799130104,367.0664993286133,389.0110049609268,345.1219936962998,0.08334671886184186
GOOG,2026-06-23 04:00:00,340.1050109863281,348.7200012207031,339.7149963378906,346.0799865722656,345.8554382324219,21820900,346.0799865722656,-0.007741304594532594,-0.007771424036153212,-0.007771424036153212,,,364.74389911135074,373.3268865754553,-25.02001953125,-15.09002685546875,51.70192066012404,0.0,24.47213459016454,8.257038742366287,11.518367581335491,0.3423306996036516,-6.873080700023536,-5.924963179308791,365.40149841308596,388.43823357575695,342.36476325041497,0.08063693261254423
GOOG,2026-06-24 04:00:00,348.7200012207031,352.8299865722656,341.5,345.0400085449219,344.816162109375,23898400,345.0400085449219,-0.0030050221558437507,-0.0030095463006324878,-0.0030095463006324878,,,362.8673381050242,372.2175972409246,-17.05999755859375,-17.25,51.14722856054262,0.0,0.0,9.298274181903357,11.420932213078933,0.33510603787519044,-7.59042884278864,-6.258056312004761,363.4114990234375,386.2533634495954,340.5696345972796,0.0978548393475908
GOOG,2026-06-25 04:00:00,336.9200134277344,343.19000244140625,335.8999938964844,342.19000244140625,341.9679870605469,27687600,342.19000244140625,-0.008259929379014541,-0.00829423161564937,-0.00829423161564937,,,360.8980680418225,371.0400445036886,-25.269989013671875,-11.1300048828125,49.57745909139615,0.0,0.0,10.45752016564809,11.18976989478618,0.33461318439190235,-8.293304041613965,-6.665105857926602,361.27949981689454,383.6590396064669,338.8999600273222,0.07350558691151068
GOOG,2026-06-26 04:00:00,340.9800109863281,344.1199951171875,333.69000244140625,334.69000244140625,334.4728698730469,82484600,334.69000244140625,-0.021917647933867523,-0.022161407925727607,-0.022161407925727607,,,358.40206179416384,369.6145526581089,-14.089996337890625,-21.8699951171875,45.61032319052794,0.0,0.0,12.517734703513579,11.089841278947414,0.3375304932954238,-9.347769749621136,-7.20163863626551,358.70800018310547,380.8876827410003,336.52831762521066,-0.04144142232437108
GOOG,2026-06-29 04:00:00,339.95001220703125,351.9700012207031,338.80999755859375,351.2799987792969,351.0520935058594,25565700,351.2799987792969,0.049568245889851426,0.048378885215218694,0.048378885215218694,,,357.7237700784622,368.8955505452143,5.20001220703125,-6.8800048828125,54.318089781925565,45.564390742303765,15.188130247434588,12.469212838515098,10.377574733270162,0.3831201633329218,-8.743972294471689,-7.510105367906746,357.45050048828125,378.2056499548216,336.6953510217409,0.35135010184022214
GOOG,2026-06-30 04:00:00,350.9599914550781,355.3900146484375,348.1099853515625,353.3299865722656,353.1007385253906,21278400,353.3299865722656,0.005835765771158297,0.00581880364941041,0.00581880364941041,,,357.3053145064435,368.28513627176534,8.28997802734375,-13.779998779296875,55.27103689778516,51.19467798971237,32.253022910672044,11.534620490604022,9.775738632247046,0.3835792280134321,-8.007733412571099,-7.609630976839617,356.4880004882813,376.0394777527754,336.93652322378716,0.4192384832794536
GOOG,2026-07-01 04:00:00,354.614990234375,359.55999755859375,353.2300109863281,357.8900146484375,357.6578063964844,19546800,357.8900146484375,0.012905862082099873,0.012823291118193421,0.012823291118193421,,,357.36100023425246,367.87748444339957,15.70001220703125,-13.209991455078125,57.399845625120925,63.71878570057574,53.49261814419729,9.748361372195026,9.771256817706618,0.3621895400739641,-6.975888933067495,-7.482882568085193,356.46300048828124,376.00551412369447,336.920486852868,0.5365105069587965
GOOG,2026-07-02 04:00:00,356.1499938964844,360.989990234375,350.32000732421875,356.17999267578125,355.94891357421875,15532900,356.17999267578125,-0.004778065614197247,-0.004789517061442901,-0.004789517061442901,,,357.24852332392186,367.418759276042,21.489990234375,-5.920013427734375,56.31739223316557,59.02221387782745,57.97855918937185,9.153135651298005,9.769787554500766,0.3615540800697581,-6.22437847049946,-7.231181748568047,356.4880004882813,376.0275755972828,336.94842537927974,0.49211835951442645
GOOG,2026-07-06 04:00:00,358.19500732421875,365.6799926757813,354.19000244140625,364.8999938964844,364.6632385253906,22652700,364.8999938964844,0.024482007412024,0.02418712623125022,0.02418712623125022,,,357.9772348070231,367.3199841631182,13.6199951171875,-2.55999755859375,60.416695655167075,82.97167925450283,68.570892944302,8.641098295919331,9.514404005207071,0.34603452541796953,-4.869042501075285,-6.758753899069495,356.2695007324219,375.298308742836,337.24069272200774,0.7267744032978624
GOOG,2026-07-07 04:00:00,367.2349853515625,370.8900146484375,362.4200134277344,363.6199951171875,363.3840942382813,16443900,363.6199951171875,-0.0035078070723673083,-0.0035139738530705782,-0.0035139738530705782,,,358.51464055084824,367.17488655347387,10.290008544921875,14.839996337890625,59.533532677166754,79.45616524583788,73.81668612605606,9.620245414175686,9.413553528844771,0.34462300941037055,-3.853790091458052,-6.177761137547207,356.1625,374.98960705768957,337.3353929423105,0.6980520717903289
GOOG,2026-07-08 04:00:00,362.2099914550781,364.9800109863281,354.70001220703125,358.7099914550781,358.4772644042969,14710400,358.7099914550781,-0.0135031178924222,-0.013595114084443553,-0.013595114084443553,,,358.5332453988701,366.84292988294857,0.819976806640625,12.6300048828125,56.14323182364398,73.29873990391197,78.57552813475088,9.655698785975229,9.360602621591449,0.3450985897175219,-3.406127782422402,-5.623434466522246,356.0394989013672,374.7607041445501,337.3182936581843,0.5713226664368561
GOOG,2026-07-09 04:00:00,351.0849914550781,356.7300109863281,348.6600036621094,356.239990234375,356.00885009765625,17217400,356.239990234375,-0.006885788741717969,-0.006909605177948068,-0.006909605177948068,,,358.3148401451087,366.4271283281026,0.05999755859375,11.199981689453125,54.46296631875166,65.76135190029493,72.83875235001493,9.300810044233115,9.24502124115886,0.34560383783884846,-3.2136160675084398,-5.141470786719485,355.7369979858398,374.22704046815755,337.2469555035221,0.5136017061349696
GOOG,2026-07-10 04:00:00,354.9540100097656,355.67999267578125,350.70001220703125,355.0299987792969,354.7996520996094,11618500,355.0299987792969,-0.003396562677542292,-0.0034023440915557455,-0.0034023440915557455,,,358.0019981102695,365.98018207128666,-9.8699951171875,12.839996337890625,53.61642497246105,67.32870602805679,68.79626594408789,8.340896252530252,9.229385956996724,0.3338137833541826,-3.1226889303882217,-4.737714415453233,355.82249755859374,374.2812694725872,337.36372564460027,0.47853327450522115
GOOG,2026-07-13 04:00:00,353.989990234375,355.75,349.82000732421875,350.6700134277344,350.4425048828125,10583500,350.6700134277344,-0.012280611121745943,-0.012356640929398451,-0.012356640929398451,,,357.3037138547899,365.3797833009513,-12.949981689453125,15.980010986328125,50.56644680196232,52.89644325153219,61.99550039329463,4.724348861232933,9.298328453450301,0.3349373659192754,-3.3636686210267612,-4.462905256567939,355.52799835205076,374.12465525895135,336.93134144515017,0.3693855312641234
GOOG,2026-07-14 04:00:00,348.8399963378906,357.8800048828125,348.8399963378906,357.3299865722656,357.09814453125,11252600,357.3299865722656,0.01899213759235141,0.018814038403511063,0.018814038403511063,,,357.306216018359,365.0641049978656,-1.3800048828125,6.04998779296875,54.79647544173143,74.94204082952074,65.0557300363699,4.310285060167794,9.28780919074985,0.34174891515161593,-2.982858058048521,-4.166895816864055,355.4864974975586,374.0621158790583,336.91087911605894,0.5496212033657794
GOOG,2026-07-15 04:00:00,356.010009765625,372.1400146484375,355.6700134277344,370.2099914550781,369.96978759765625,20258200,370.2099914550781,0.036045127380339936,0.03541070213604722,0.03541070213604722,,,358.5351470123323,365.2659044667759,13.970001220703125,16.8800048828125,61.63396440573361,100.0,75.94616136035097,5.642912513572637,9.51508468376348,0.35397767852191986,-1.6230447424645718,-3.6581256019841586,355.64149780273436,374.67166717026134,336.6113284352074,0.8827736204282919
GOOG,2026-07-16 04:00:00,372.1700134277344,374.3500061035156,351.6700134277344,353.80999755859375,353.5804443359375,23603700,353.80999755859375,-0.044299166081459895,-0.045310350136835466,-0.045310350136835466,,,358.0851327786429,364.8166532154747,-1.220001220703125,-4.08001708984375,51.046284182021985,53.828831731417736,76.25695752031282,5.880835309203389,8.794859709031613,0.38667454782242777,-1.847429324647237,-3.2959863465167745,354.7769973754883,372.3667167935515,337.18727795742507,0.4725123581021562
GOOG,2026-07-17 04:00:00,345.7699890136719,348.1700134277344,341.125,346.1199951171875,345.89544677734375,22023900,346.1199951171875,-0.021734836478533137,-0.02197451735090907,-0.02197451735090907,,,356.9455958585043,364.08345093711046,-4.550018310546875,-10.05999755859375,46.971689890820215,0.0,51.27627724380591,7.090212723338029,8.82040332781928,0.38481927190902154,-2.6156233735390515,-3.15991375192123,353.9779968261719,371.61880348181046,336.3371901705333,0.2772777100736293
GOOG,2026-07-20 04:00:00,350.1700134277344,359.489990234375,350.0050048828125,351.3699951171875,351.14202880859375,13203300,351.3699951171875,0.015168149988626034,0.015054263786242347,0.015054263786242347,,,356.4145862640932,363.5848840422115,-5.959991455078125,-13.529998779296875,49.91122184381057,21.793278530899528,25.207370087439084,6.842585003209615,8.240732840033232,0.3850318053945598,-2.7688737152800513,-3.0817057445929947,353.17349700927736,369.65496268934385,336.69203132921086,0.4452869687957698
GOOG,2026-07-21 04:00:00,350.55999755859375,350.739990234375,346.010009765625,346.19000244140625,345.96539306640625,17419500,346.19000244140625,-0.01474227380756754,-0.01485202107790573,-0.01485202107790573,,,355.44081637621827,362.9027318225721,-24.019989013671875,-17.42999267578125,47.13491386364857,0.2906074506480394,7.361295327182518,6.992228112355177,8.33323985363616,0.34112315372347424,-3.2706063193812156,-3.119485859550639,353.0439971923828,369.71047689965513,336.37751748511045,0.2943778508911564
GOOG,2026-07-22 04:00:00,347.17999267578125,349.45001220703125,341.6400146484375,341.9100036621094,341.68817138671875,23273800,341.9100036621094,-0.012363149568483833,-0.012440209093098144,-0.012440209093098144,,,354.15216754630313,362.07948758098536,-11.899993896484375,-16.79998779296875,44.91195911303181,0.0,7.361295327182518,7.851864447521505,8.565579136250065,0.3428643429675547,-3.9678542016337133,-3.289159527967254,352.835498046875,369.96665631937515,335.70433977437483,0.18112213398017007
GOOG,2026-07-23 04:00:00,321.6300048828125,324.45001220703125,314.8900146484375,318.3399963378906,318.1334533691406,46751900,318.3399963378906,-0.06893629046171945,-0.07142757274855355,-0.07142757274855355,363.643798828125,,350.74148457407335,360.36421341458947,-27.779998779296875,-37.899993896484375,35.09576083269698,0.0,0.09686915021600839,13.306446007602673,11.442163997193111,0.42532201733389163,-6.34914182525489,-3.9011559874247816,351.50049743652346,374.3848254309097,328.6161694421372,-0.22452424879523328
GOOG,2026-07-24 04:00:00,318.29998779296875,323.9800109863281,317.5,319.0899963378906,318.8829650878906,21630800,319.0899963378906,0.002355971629791398,0.002353200679963931,0.002353200679963931,362.3491986083984,,347.7270571230083,358.74561666648367,-32.279998779296875,-35.94000244140625,35.578263786998534,1.4459226346668423,0.4819742115556094,16.088908203090792,13.425454950922678,0.4255843438404951,-8.082639059428118,-4.737452601825449,350.34549713134766,377.196407033193,323.4945872295023,-0.08201939725158033
GOOG,2026-07-27 04:00:00,324.739990234375,330.10101318359375,324.4100036621094,326.57000732421875,326.3581237792969,21419600,326.57000732421875,0.023441696926178146,0.023171160086490974,0.023171160086490974,360.89979858398436,,345.71209999931403,357.48382806482624,-19.6199951171875,-24.100006103515625,40.34173137531964,15.86661222491816,5.770844953194996,17.007854241467946,14.032849914421252,0.42961455804140225,-8.75198628319663,-5.540359338099686,349.93949737548826,378.0051972043308,321.87379754664573,0.08366457644406967
GOOG,2026-07-28 04:00:00,327.79998779296875,335.2099914550781,324.5400085449219,332.6000061035156,332.38421630859375,20986900,332.6000061035156,0.01846464354979882,0.018296241845350385,0.018296241845350385,359.6083984375,,344.4633291520951,356.5079919094807,-9.30999755859375,-24.72998046875,43.940389086249354,27.49182785424987,14.934787571278287,16.498172339995687,14.551018349119099,0.3954564839605927,-8.69564034468732,-6.171415539417213,349.00549774169923,378.1075344399374,319.90346104346105,0.21813842776205447
GOOG,2026-07-29 04:00:00,333.5,341.9800109863281,330.4079895019531,335.760009765625,335.54217529296875,20242900,335.760009765625,0.009500912820566532,0.00945606300072426,0.00945606300072426,358.45719848632814,,343.63444159147895,355.69434555089816,17.420013427734375,-34.449981689453125,45.785984555174466,33.583988948481945,25.64747634254999,12.81989704871538,14.80436832538741,0.3967083903581219,-8.300318985690524,-6.5971962286718755,348.1269989013672,377.735735552142,318.5182622505924,0.29115979716381163
GOOG,2026-07-30 04:00:00,333.0799865722656,335.45001220703125,329.82000732421875,333.67999267578125,333.4635009765625,17309500,333.67999267578125,-0.006194951838653151,-0.006214220171609109,-0.006214220171609109,357.2685986328125,,342.68639883760295,354.83103759501125,14.589996337890625,-20.1300048828125,44.74183142684747,29.57393056088337,30.216582454538393,11.421998098926153,14.953102763692977,0.3926583037551298,-8.061931033692645,-6.89014318967603,346.9164978027344,376.82270333012036,317.01029227534843,0.2786996896876118
GOOG,2026-07-31 04:00:00,340.07000732421875,358.8800048828125,339.1600036621094,356.6499938964844,356.4186096191406,30514500,356.6499938964844,0.06883841322491824,0.06657246367172551,0.06657246367172551,356.7035986328125,,344.0162650336869,354.90236921467687,30.079986572265625,10.529998779296875,56.53114748626115,73.8577234720029,45.67188099378941,12.930177588124508,14.968788452285777,0.46466066116813964,-5.95092121855339,-6.702298795451502,346.9399978637695,376.87757476834105,317.002420959198,0.6621707071294758
GOOG,2026-08-03 04:00:00,365.2999877929687,376.1000061035156,363.260009765625,372.4700012207031,372.2283325195313,27165400,372.4700012207031,0.044357234249134514,0.043401609330323894,0.043401609330323894,356.4549987792969,,346.7261446705456,355.5912959600112,39.8699951171875,21.100006103515625,62.469982214126404,100.0,67.81055134429542,16.815645583245733,15.531940418684721,0.48255126257692416,-2.967184497426217,-5.955275935846445,347.3184982299805,378.3823790673499,316.25461739261107,0.904835170505575
GOOG,2026-08-04 04:00:00,366.5199890136719,377.66900634765625,366.1600036621094,375.3500061035156,375.1064758300781,19983300,375.3500061035156,0.007732179432904163,0.00770243933896558,0.00770243933896558,356.29259887695315,,349.45222671178084,356.3661473381879,39.589996337890625,29.160003662109375,63.44900652578052,100.0,91.28590782400096,20.46351029590677,16.378306038678037,0.4827938751931042,-0.36594098455321955,-4.8374089455878,347.9049987792969,380.66161085665294,315.1483867019408,0.9189231667091556
GOOG,2026-08-05 04:00:00,380.0,381.80999755859375,355.1600036621094,360.1300048828125,359.8963623046875,29436300,360.1300048828125,-0.040548823693120406,-0.04139384934506254,-0.04139384934506254,355.9075988769531,,350.4691579661648,356.51374959483985,26.45001220703125,18.220001220703125,55.24684472137659,73.30293174255823,91.10097724751942,21.322681947368697,16.430605829936162,0.5040063872845425,0.46210943082741096,-3.777505270304758,347.9759994506836,380.8372111105559,315.1147877908113,0.684929356195506
GOOG,2026-08-06 04:00:00,358.7919921875,361.9599914550781,355.8299865722656,356.6199951171875,356.38861083984375,16513400,356.6199951171875,-0.009746507422415895,-0.009794315520833046,-0.009794315520833046,355.34319885253905,,351.0549519805479,356.5179160859123,-0.029998779296875,38.279998779296875,53.52828297852837,67.1461010736019,80.14967760538671,19.77052686475013,16.440881728275894,0.5046495161904232,0.8255998954110737,-2.8568842371615917,347.99499969482423,380.876763151376,315.11323623827246,0.6311516554420794
GOOG,2026-08-07 04:00:00,355.2799987792969,357.54998779296875,352.82000732421875,353.4700012207031,353.24066162109375,14516700,353.4700012207031,-0.008832914417626125,-0.008872155854580033,-0.008872155854580033,354.7159991455078,,351.2849566700865,356.39839001276687,-19.0,34.3800048828125,51.965988408917,61.62076629566662,67.35659970394225,17.223961730090327,16.409419628004215,0.5055190458118057,0.8496957617281851,-2.1155682373836364,347.91699981689453,380.735839072903,315.0981605608861,0.5846008196769474
GOOG,2026-08-10 04:00:00,354.239990234375,355.92999267578125,351.4700012207031,355.8399963378906,355.609130859375,12789500,355.8399963378906,0.006704939907213436,0.0066825617713128236,0.0066825617713128236,354.1103991699219,,351.71876997178214,356.37649222159524,-19.510009765625,29.269989013671875,53.07567432244599,65.77792242830164,64.84826326585672,15.092798849234102,16.49556615354938,0.5039717254063675,1.0479505864333873,-1.4828644726202318,348.17549896240234,381.1666312695011,315.18436665530356,0.6161599623823626
GOOG,2026-08-11 04:00:00,354.0,355.0,342.57000732421875,343.0,342.7774658203125,18390200,343.0,-0.0360836231734285,-0.03675073416477344,-0.03675073416477344,353.4417993164063,,350.8884109268505,355.8519238991798,-17.1300048828125,10.399993896484375,46.77141773412685,43.25556821247639,56.884752312148215,13.815497914188528,16.387871112099575,0.5159819077619182,0.16706277158232297,-1.1528790237797208,347.45899963378906,380.2347418579882,314.68325740958994,0.4319771371875009
GOOG,2026-08-12 04:00:00,345.3299865722656,345.5,339.82000732421875,342.3699951171875,342.1478576660156,15608800,342.3699951171875,-0.0018367489294824901,-0.0018384378211609733,-0.0018384378211609733,352.8375994873047,,350.07713323069214,355.3232208096899,-14.25,6.6099853515625,46.47969830180456,41.37930099244492,50.137597211074315,12.961807529255974,15.51267926307532,0.49669814057133954,-0.575252148329696,-1.037353648689716,346.0669998168945,377.09235834304513,315.0416412907439,0.4404196296943534
GOOG,2026-08-13 04:00:00,344.57000732421875,345.8299865722656,342.3999938964844,343.94000244140625,343.71685791015625,14997800,343.94000244140625,0.004585703614831571,0.004575221309623759,0.004575221309623759,352.54859924316406,,349.4926445840935,354.876820089365,-9.529998779296875,10.260009765625,47.36082097951418,35.608846969794605,40.0812387249053,11.402689798930117,15.410045261193476,0.47252441692584624,-1.025039582245256,-1.034890835400824,345.57350006103513,376.3935905834221,314.75340953864816,0.473499467523589
GOOG,2026-08-14 04:00:00,344.260009765625,348.05999755859375,342.07000732421875,343.5400085449219,343.3171081542969,10946800,343.5400085449219,-0.001162975791257459,-0.0011636525723739053,-0.0011636525723739053,352.30579956054686,,348.9257268660772,354.4322392444849,-12.29998779296875,-13.1099853515625,47.147852118560166,25.590648985745613,34.192932315995044,12.052727704759397,15.416027234927752,0.4662472536736339,-1.3976641266878573,-1.1074454936582308,345.4445007324219,376.2765552022774,314.6124462625664,0.46911506190153446
GOOG,2026-08-17 04:00:00,344.05999755859375,345.04998779296875,339.57000732421875,341.45001220703125,341.2284851074219,12606100,341.45001220703125,-0.006083705786533833,-0.006102286924363739,-0.006102286924363739,351.74940002441406,,348.21375404140616,353.92313230183964,-1.54998779296875,-31.019989013671875,45.984306614683916,18.646549141926833,26.615348365822346,10.900073680522096,15.374873846776149,0.4629986807288543,-1.8404019918613699,-1.2540367932988588,344.94850158691406,375.69824928046637,314.19875389336175,0.4431135270645426
GOOG,2026-08-18 04:00:00,339.8949890136719,342.3900146484375,337.5199890136719,341.2799987792969,341.0585632324219,14254300,341.2799987792969,-0.0004979160101223901,-0.0004980400114621681,-0.0004980400114621681,351.2597998046875,,347.5533963973958,353.4273231440929,-1.089996337890625,-34.07000732421875,45.88510572250581,18.23854968680494,20.825249271492456,7.406390940226783,15.393196296041816,0.4602760361885838,-2.17986547029966,-1.439202528699019,344.70300140380857,375.4893939958922,313.9166088117249,0.4444072147414913
GOOG,2026-08-19 04:00:00,339.80999755859375,343.55999755859375,338.04998779296875,341.70001220703125,341.47833251953125,13360500,341.70001220703125,0.0012307003904028502,0.0012299436994536485,0.0012299436994536485,350.87039978027343,,346.9959312364087,352.96742859754147,-2.239990234375,-18.42999267578125,46.19392321878367,1.2327952375748608,12.705964688768873,6.309808036863484,15.395273120893648,0.45821017922100366,-2.3874797686266334,-1.6288579766845421,344.6925018310547,375.483048072842,313.9019555892674,0.4514057074446734
GOOG,2026-08-20 04:00:00,339.69000244140625,340.79998779296875,336.1700134277344,338.20001220703125,337.9805908203125,14187700,338.20001220703125,-0.010242902765480122,-0.010295722287057642,-0.010295722287057642,350.38859985351564,,346.15822466218225,352.38831422928615,-5.339996337890625,-18.41998291015625,43.943474955681666,0.0,6.490448308126596,5.620149695262626,14.200168863165702,0.3758546667391843,-2.802135076220395,-1.8635133965917128,345.68550262451174,374.08584035084317,317.2851648981803,0.3682147640353533
GOOG,2026-08-21 04:00:00,340.2799987792969,343.2900085449219,337.80999755859375,341.75,341.52825927734375,15363900,341.75,0.010496711013705085,0.010442003045460033,0.010442003045460033,350.1571997070312,,345.7383937419744,351.9711254359808,0.29998779296875,-11.720001220703125,46.77576119734986,9.555823354535455,3.5962061973701007,4.680317298419242,12.801612885787193,0.3767582771647235,-2.8118843955374473,-2.0531875963808597,346.81850280761716,372.42172857919155,321.2152770360428,0.40101827689922576
GOOG,2026-08-24 04:00:00,340.739990234375,348.0799865722656,339.6199951171875,344.5899963378906,344.3664245605469,16450600,344.5899963378906,0.008310157535890594,0.008275818288626216,0.008275818288626216,349.9177996826172,,345.6290225606331,351.6816693929185,3.30999755859375,-11.25,48.995956510624055,29.138104263556183,12.897975872697208,1.7969804199281376,11.904163863772236,0.37005729634594003,-2.5609260700932737,-2.154735291123343,347.7195022583008,371.52782998584524,323.91117453075634,0.43427707405107746
GOOG,2026-08-25 04:00:00,345.9700012207031,346.70001220703125,342.1449890136719,343.3399963378906,343.11724853515625,14031000,343.3399963378906,-0.0036274993856011406,-0.003634094716032947,-0.003634094716032947,349.6213995361328,,345.41102006322905,351.35454495938797,1.639984130859375,0.339996337890625,48.04597393369918,27.90439142060949,22.199439679567035,1.8172786999864998,11.418560069686865,0.36595220587829386,-2.434837056482138,-2.210755644195102,348.25650177001955,371.0936219093933,325.41938163064583,0.39235714919123427
GOOG,2026-08-26 04:00:00,343.17999267578125,343.1910095214844,337.010009765625,339.1000061035156,338.8800048828125,16176400,339.1000061035156,-0.012349246460066632,-0.012426132045898054,-0.012426132045898054,349.0611999511719,,344.8099711146849,350.8739748081773,0.899993896484375,-3.269989013671875,44.86812773771068,5.102010805723608,20.714835496629757,2.063948746836709,11.249346387875754,0.3679508530947007,-2.6465347761217117,-2.297911470580424,348.4235015869141,370.9221943626656,325.92480881116256,0.2927991733491497
GOOG,2026-08-27 04:00:00,336.29998779296875,338.80999755859375,335.3999938964844,337.7099914550781,337.4908752441406,17936100,337.7099914550781,-0.004099128939600072,-0.004107553398475326,-0.004107553398475326,348.3933996582031,,344.13378257567473,350.3577401668793,-4.040008544921875,-6.230010986328125,43.84429694506051,0.0,11.00213407544436,2.3025399950193606,11.004793904567457,0.3675171134918515,-2.8931192318273133,-2.416953022829802,348.62500152587893,370.63458933501386,326.615413716744,0.2520396527764458
GOOG,2026-08-28 04:00:00,337.6099853515625,345.42999267578125,337.2799987792969,342.8800048828125,342.65753173828125,17841900,342.8800048828125,0.015309033071418954,0.015193032233575184,0.015193032233575184,348.0089996337891,,344.0143751763545,350.0644956459355,-1.709991455078125,-0.660003662109375,48.54710280741358,75.14549067617679,26.749167160633462,2.2386889711436733,10.906608674432277,0.28003017779591116,-2.640919438138326,-2.461746305891507,347.93650207519534,369.7497194240599,326.1232847263308,0.384095566657753
GOOG,2026-08-31 04:00:00,340.0199890136719,340.6300048828125,333.42999267578125,335.4100036621094,335.1923828125,23202000,335.4100036621094,-0.021786050846727467,-0.022026870956806773,-0.022026870956806773,347.36799987792966,,343.1949112226169,349.4898096857855,-7.92999267578125,-6.040008544921875,42.95026507591172,0.0,25.048496892058925,2.885191555701459,9.587482392724036,0.2315434958569328,-3.009128592447894,-2.5712227632027846,346.0835021972656,365.2584669827137,326.9085374118175,0.22168140451406812
GOOG,2026-09-01 04:00:00,332.25,333.95001220703125,329.2900085449219,332.0299987792969,331.8145751953125,16313400,332.0299987792969,-0.010077233373806838,-0.010128352405609298,-0.010128352405609298,347.0329998779297,,342.131586228015,348.80511121886434,-7.07000732421875,-9.25,40.66577243842342,0.0,25.048496892058925,3.9337752018786944,7.231575899014178,0.22692895168233237,-3.5329495035136915,-2.763568111264966,343.91750183105466,358.38065362908304,329.4543500330263,0.08904175183384652
GOOG,2026-09-02 04:00:00,330.7699890136719,336.510009765625,329.5199890136719,333.7799987792969,333.5634460449219,12995900,333.7799987792969,0.005270608096960672,0.005256767054610416,0.005256767054610416,346.7870001220703,,341.3361969471847,348.21589112319504,-3.92999267578125,-7.920013427734375,42.37477209189688,13.933123727421604,4.644374575807197,4.2633537194128674,6.484092605913656,0.18783513388318576,-3.763487829807218,-2.9635520549734164,342.6000015258789,355.5681867377062,329.6318163140516,0.15993689161155836
GOOG,2026-09-03 04:00:00,336.510009765625,340.8500061035156,336.30999755859375,339.0799865722656,338.8599853515625,12858300,339.0799865722656,0.01587868599781861,0.015753938481665185,0.015753938481665185,346.6677996826172,,341.121319768621,347.8576203564919,-3.800018310546875,0.879974365234375,47.323307521132655,56.130486969283176,23.35453689890159,4.256858500225839,5.616111088948254,0.19860336083516394,-3.4784292264122314,-3.06652748926118,341.72300109863284,352.95522327652935,330.4907789207363,0.3823467660936986
GOOG,2026-09-04 04:00:00,339.17999267578125,340.17999267578125,333.75,335.30999755859375,335.30999755859375,12700500,335.30999755859375,-0.011118288200322346,-0.01118055835512573,-0.01118055835512573,346.53019958496094,,340.56786051052313,347.36555671735863,-0.100006103515625,-6.44000244140625,44.40238381701988,26.11464503870582,32.05941857847019,4.276145607627632,5.057140274643369,0.19974807792855073,-3.5161923590149513,-3.156460463211934,340.8150009155273,350.92928146481404,330.7007203662406,0.22785986456931945
GOOG,2026-09-08 04:00:00,331.989990234375,336.4800109863281,330.3900146484375,335.3800048828125,335.3800048828125,14150300,335.3800048828125,0.00020878388574296913,0.00020876209342070054,0.00020876209342070054,346.54399963378904,,340.07377902216973,346.8955350767882,3.350006103515625,-9.209991455078125,44.47092532204042,26.672028301657573,36.30572010321552,3.733814526170308,3.7611365814875253,0.19704548473413644,-3.5001236608712247,-3.2251931027437926,339.79200134277346,347.31427450574853,332.2697281797984,0.20673781951465253
GOOG,2026-09-09 04:00:00,329.1199951171875,329.3399963378906,325.6300048828125,328.3800048828125,328.3800048828125,19326900,328.3800048828125,-0.020871846556403728,-0.021092742624729925,-0.021092742624729925,346.08599975585935,,338.96008624699283,346.16943585349503,-5.399993896484375,-14.959991455078125,39.259235627975315,0.0,17.595557780121126,4.071974218479322,4.46054052815841,0.16697757100610525,-4.006051334281494,-3.381364749051333,339.0610015869141,347.9820826432309,330.13992053059724,-0.0986380258555423
GOOG,2026-09-10 04:00:00,326.0799865722656,330.8900146484375,325.6510009765625,330.3900146484375,330.3900146484375,16418900,330.3900146484375,0.006120987075148854,0.006102329928489454,0.006102329928489454,345.6272003173828,,338.14388895189234,345.55063502192417,-8.689971923828125,-8.709991455078125,41.383492978028215,12.399820019617108,13.023949440424888,4.240895953101862,4.785353718245454,0.16955095509268084,-4.196437748564051,-3.5443793489538766,338.4620025634766,348.0327099999675,328.89129512698565,0.07829721738946754
GOOG,2026-09-11 04:00:00,332.7300109863281,339.95001220703125,332.54998779296875,335.45001220703125,335.45001220703125,15820700,335.45001220703125,0.015315225443414127,0.015199131217145608,0.015199131217145608,345.1784002685547,,337.88732926190556,345.1545321664382,0.1400146484375,-2.259979248046875,46.45975524707889,43.61512061133086,18.67164687698265,4.141560285034421,4.648441733819135,0.17877611106299934,-3.894131712361343,-3.61432982163537,338.0375030517578,347.3343865193961,328.74061958411954,0.3608409552656315
GOOG,2026-09-14 04:00:00,339.1099853515625,346.45001220703125,338.739990234375,345.7099914550781,345.7099914550781,22484400,345.7099914550781,0.030585717319081995,0.0301272982084278,0.0301272982084278,344.9690002441406,,338.63234470887437,345.17631488363975,10.329986572265625,2.829986572265625,54.97436622053206,100.0,52.00498021031598,4.79886898291241,4.806280270902049,0.21064018882269267,-2.7944448013911938,-3.450352817586535,338.1460021972656,347.7585627390697,328.5334416554615,0.893442997051486
GOOG,2026-09-15 04:00:00,343.3399963378906,344.3599853515625,339.17999267578125,341.42999267578125,341.42999267578125,13361000,341.42999267578125,-0.012380315539283537,-0.012457590097030449,-0.012457590097030449,344.4996002197266,,338.89878737238934,345.02940028725317,13.04998779296875,6.019989013671875,51.30866535543009,75.3029307815711,72.97268379763399,5.20370886458383,4.805557977822474,0.21438287621306204,-2.2424456164850994,-3.208771377366248,338.14500122070314,347.7561171763481,328.5338852650582,0.6708954230829315
GOOG,2026-09-16 04:00:00,343.3599853515625,344.70001220703125,337.45001220703125,339.3599853515625,339.3599853515625,12869700,339.3599853515625,-0.00606275772083209,-0.006081210858830784,-0.006081210858830784,344.01440002441404,,338.9427109894535,344.80707028977514,8.969970703125,7.329986572265625,49.58650644589812,63.35827453162613,79.55373510439908,5.146184598371425,4.758582364383261,0.215467186074183,-1.9495414762087648,-2.9569253971347518,338.0490005493164,347.56616527808296,328.5318358205499,0.568874756275023
GOOG,2026-09-17 04:00:00,345.0,345.9649963378906,340.5,343.67999267578125,343.67999267578125,15315700,343.67999267578125,0.01272986654494157,0.012649522917806825,0.012649522917806825,343.71380004882815,,339.3938806738656,344.76287116765775,8.22998046875,9.899993896484375,53.122748083260724,88.28620685404556,75.64913738908093,5.519131014682204,4.858092469079849,0.22028903323372204,-1.3532252096590582,-2.6361853596396134,338.1479995727539,347.8641845109136,328.4318146345942,0.7846792819525686
GOOG,2026-09-18 04:00:00,351.2200012207031,355.1300048828125,343.8699951171875,344.4100036621094,344.4100036621094,34108900,344.4100036621094,0.002124100913307503,0.0021218482003915705,0.0021218482003915705,343.4772003173828,,339.871606672746,344.7490332262637,-1.29998779296875,5.33001708984375,53.7135993161939,92.49862204135108,81.38103447567426,5.938976251975973,5.056012452786183,0.21675709463772674,-0.8123699909781408,-2.271422285907319,338.4584991455078,348.57052405108016,328.34647423993545,0.7942785728960143
GOOG,2026-09-21 04:00:00,346.19000244140625,353.29998779296875,344.79998779296875,350.8699951171875,350.8699951171875,18252200,350.8699951171875,0.018756689371357105,0.018582951805470524,0.018582951805470524,343.3940002441406,,340.9190722388833,344.9890709474764,9.44000244140625,15.55999755859375,58.677160597920576,100.0,93.5949429651322,7.096072926696717,5.734266875386182,0.22333200406297987,0.13596170658126994,-1.7899454874096012,338.9144989013672,350.38303265213955,327.4459651505949,1.0212303715379116
GOOG,2026-09-22 04:00:00,353.239990234375,359.9800109863281,345.739990234375,347.4100036621094,347.4100036621094,20165100,347.4100036621094,-0.00986117793834873,-0.00991012137931203,-0.00991012137931203,343.3288000488281,,341.5372561839524,345.08400948530516,8.050018310546875,12.029998779296875,55.25916082836803,84.61541592939567,92.37134599024891,7.334587891351196,5.9130507901334095,0.22513839518498382,0.6013964907986633,-1.3116770917679483,339.0554992675781,350.88160084784494,327.2293976873113,0.8532230946025227
GOOG,2026-09-23 04:00:00,346.29998779296875,346.3299865722656,334.20001220703125,334.9800109863281,334.9800109863281,23283400,334.9800109863281,-0.03577902922988552,-0.036434787848546105,-0.036434787848546105,342.88180053710937,,340.91275664132155,344.6877742500512,-8.699981689453125,6.600006103515625,45.09613955419997,29.346416048806436,71.3206106594007,6.3300588650947756,5.889676271679124,0.26030748421167266,-0.03236651554112768,-1.0558149765225842,338.6375,350.41685254335823,326.85814745664175,0.34474999792182426
GOOG,2026-09-24 04:00:00,333.0,339.30999755859375,332.80999755859375,339.010009765625,339.010009765625,15965000,339.010009765625,0.012030564950519906,0.011958772929463457,0.011958772929463457,342.2578009033203,,340.73154265316,344.4651168192894,-5.399993896484375,8.6199951171875,48.4090579088468,47.265493546391085,53.74244184153107,5.14482573838481,5.88933868050912,0.2607906183830563,-0.2070542501877526,-0.8860628312556179,338.6330001831055,350.41167754412373,326.8543228220872,0.5160039014128717
GOOG,2026-09-25 04:00:00,338.92498779296875,343.6000061035156,337.9100036621094,341.0799865722656,341.0799865722656,13858700,341.0799865722656,0.006105945980980687,0.006087380228809604,0.006087380228809604,342.0032006835938,,340.7647277883129,344.3323666135238,-9.790008544921875,5.629974365234375,50.075413101480784,56.46948512250459,44.3604649059007,4.599474184696987,5.909714774946971,0.2611783214379228,-0.17643191241324985,-0.7441366474871444,338.80149993896487,350.6209294888588,326.98207038907094,0.5963873350944084
GOOG,2026-09-28 04:00:00,337.6000061035156,340.1099853515625,336.6000061035156,339.1600036621094,339.1600036621094,13870800,339.1600036621094,-0.0056291280219968876,-0.005645031272175384,-0.005645031272175384,341.8640008544922,,340.61189691915064,344.12952885072326,-8.25,-6.54998779296875,48.51030376621754,47.93242979189961,50.55580282026509,4.604455781697153,5.832631651194137,0.2560502364133703,-0.3035904621190184,-0.6560274104135192,338.61549987792966,350.28076318031793,326.9502365755414,0.5233386838370049
GOOG,2026-09-29 04:00:00,338.5400085449219,339.6400146484375,335.0199890136719,337.32000732421875,337.32000732421875,14002300,337.32000732421875,-0.00542515720610659,-0.005439926813978805,-0.005439926813978805,341.5830010986328,,340.2983836243952,343.86248879086037,2.339996337890625,-4.1099853515625,46.9944037288347,33.83788713253701,46.07993401564707,4.851573690057044,5.792885549758154,0.24408336491514912,-0.5465367207559098,-0.6341292724819974,338.7110000610352,350.2967711605515,327.12522896151887,0.4399697816887431
GOOG,2026-09-30 04:00:00,340.6499938964844,349.05499267578125,337.7200012207031,340.739990234375,340.739990234375,24240100,340.739990234375,0.010138689777950516,0.01008763803793732,0.01008763803793732,341.4740008544922,,340.3404413967742,343.74003786707664,1.72998046875,1.3800048828125,50.11473371683126,36.24911894569249,39.3398119567097,4.796041589356047,5.587960565258901,0.24319230171248307,-0.4578317428577634,-0.5988697665571506,339.14649963378906,350.32242076430686,327.97057850327127,0.5712912422151332
GOOG,2026-10-01 04:00:00,347.7550048828125,350.093994140625,332.6499938964844,334.92999267578125,334.92999267578125,20045000,334.92999267578125,-0.01705111734785636,-0.017198161558254862,-0.017198161558254862,341.33440063476564,,339.82516056620346,343.39454589879057,-6.149993896484375,-8.75,45.24215583690251,0.0,23.362335359409837,5.208748185334356,5.535503768766091,0.25126825371291506,-0.8465916737615089,-0.6484141479980223,339.2039993286133,350.2750068661455,328.1329917910811,0.30697300411265216
GOOG,2026-10-02 04:00:00,338.1000061035156,342.7799987792969,337.9599914550781,340.3500061035156,340.3500061035156,17469400,340.3500061035156,0.016182526337618963,0.01605298492792405,0.01605298492792405,341.7746008300781,,339.8751458554713,343.2751521813288,1.19000244140625,-4.05999755859375,50.11489688639559,34.002588441612644,23.417235795768377,5.068995638123992,5.541287815311838,0.25151633672560125,-0.7091621533253374,-0.6605637490634854,339.26750030517576,350.35007593579945,328.18492467455206,0.5488381868267452
JNJ,2026-05-12 04:00:00,223.0,227.6499938964844,221.6499938964844,224.2599945068359,221.88333129882812,8632500,224.2599945068359,,,,,,224.2599945068359,224.2599945068359,,,,,,,,,0.0,0.0,,,,
JNJ,2026-05-13 04:00:00,225.82000732421875,230.8000030517578,225.44000244140625,230.4199981689453,227.97804260253903,7464500,230.4199981689453,0.02746813436634432,0.027097654125199704,0.027097654125199704,,,224.8466615222749,224.50156327789904,,,,,,,,,0.491396303530081,0.09827926070601621,,,,
JNJ,2026-05-14 04:00:00,231.0,231.7599945068359,229.16000366210935,230.8000030517578,228.35401916503903,6974400,230.8000030517578,0.0016491836031258256,0.0016478251931539747,0.0016478251931539747,,,225.4136464298447,224.7485609160896,,,,,,,,,0.9011072293859286,0.2588448544419987,,,,
JNJ,2026-05-15 04:00:00,230.77000427246097,232.13999938964844,226.44000244140625,226.7100067138672,224.307373046875,12167000,226.7100067138672,-0.017720954435921032,-0.017879850541386806,-0.017879850541386806,,,225.5371093140373,224.8254803591397,,,,,,,,,0.8855692756305871,0.3841897386797164,,,,
JNJ,2026-05-18 04:00:00,226.7100067138672,229.6999969482422,225.86000061035156,228.9199981689453,226.4939422607422,10141600,228.9199981689453,0.009748098406028305,0.009700892227156655,0.009700892227156655,,,225.85928920498094,224.98604968501445,4.660003662109403,,,,,,,,1.0395993222315951,0.5152716553900922,,,,
JNJ,2026-05-19 04:00:00,228.94000244140625,230.8500061035156,228.0399932861328,230.0,227.56248474121097,9677900,230.0,0.004717813383248615,0.004706719380960223,0.004706719380960223,,,226.25364261403038,225.18267518756292,-0.4199981689453125,,,,,,,,1.2345848401685942,0.6591342923457927,,,,
JNJ,2026-05-20 04:00:00,231.69000244140625,232.0,229.1699981689453,229.32000732421875,226.88970947265625,7353800,229.32000732421875,-0.0029564898947010976,-0.002960868944156642,-0.002960868944156642,,,226.54567734833404,225.34492350664746,-1.4799957275390625,,,,,,,,1.319037498715943,0.7911149336198228,,,,
JNJ,2026-05-21 04:00:00,229.32000732421875,231.88999938964844,227.3500061035156,231.72999572753903,229.2741546630859,5239000,231.72999572753903,0.01050928103239146,0.010454442413513378,0.010454442413513378,,,227.03942195587737,225.59531849570203,5.019989013671847,,,,,,,,1.562422132330255,0.9453763733619093,,,,
JNJ,2026-05-22 04:00:00,233.0,235.5,232.72000122070312,234.33999633789065,231.85650634765625,5462300,234.33999633789065,0.011263110768881202,0.011200154220123793,0.011200154220123793,,,227.73471475416434,225.93824703853298,5.419998168945341,,,,,,,,1.9435078953059417,1.1450026777507158,,,,
JNJ,2026-05-26 04:00:00,233.0,233.2400054931641,229.0800018310547,230.17999267578125,229.0503387451172,6619600,230.17999267578125,-0.017752000201071816,-0.017911456891858434,-0.017911456891858434,,,227.9675983657469,226.1045900046996,0.17999267578125,,,,,2.7279524709435945,,,1.88807897991569,1.2936179381837107,,,,
JNJ,2026-05-27 04:00:00,229.97999572753903,232.88999938964844,229.02000427246097,231.2899932861328,230.15489196777344,5835500,231.2899932861328,0.004822315777527342,0.004810725658671703,0.004810725658671703,,,228.28401692959318,226.30793915299108,1.9699859619140625,7.029998779296903,,,,1.9837613816482398,,,1.9116822546674541,1.4172308014804595,,,,
JNJ,2026-05-28 04:00:00,230.02999877929688,231.8699951171875,229.72999572753903,230.8000030517578,229.66729736328125,7193400,230.8000030517578,-0.002118510305669896,-0.0021207575230238777,-0.0021207575230238777,,,228.52363465551363,226.4840985215702,-0.9299926757812216,0.3800048828125,,,,1.9884384171743692,,,1.8693017560223382,1.5076449923888353,,,,
JNJ,2026-05-29 04:00:00,231.22999572753903,231.5,224.58999633789065,225.3300018310547,224.22413635253903,13897700,225.3300018310547,-0.023700178285857576,-0.02398554536433268,-0.02398554536433268,,,228.2194791484223,226.4388398278245,-9.009994506835966,-5.470001220703125,,,,2.5437555290013005,,,1.3784417037967387,1.481804334670416,,,,
JNJ,2026-06-01 04:00:00,223.1999969482422,224.44000244140625,220.83999633789065,223.5099945068359,222.41307067871097,8041000,223.5099945068359,-0.00807707499857635,-0.008109871286944712,-0.008109871286944712,,,227.77095680160454,226.32398314857005,-6.669998168945341,-3.2000122070312784,,0.0,,3.1202765349984234,,,0.8329702329837403,1.352037514333081,,,,
JNJ,2026-06-02 04:00:00,222.5800018310547,225.5,221.1699981689453,222.88999938964844,221.79611206054688,5669000,222.88999938964844,-0.0027739033261374724,-0.002777757725439646,-0.002777757725439646,,,227.30610371475157,226.18931711880842,-8.399993896484375,-6.029998779296875,75.5752416193689,0.0,,3.769044199467533,,,0.34665570681065105,1.150961152828595,,,,
JNJ,2026-06-03 04:00:00,222.4499969482422,224.92999267578125,222.0,223.2400054931641,222.1444091796875,6507200,223.2400054931641,0.001570308692512512,0.0015690770470247802,0.0015690770470247802,,,226.91885626507658,226.07365783937138,-7.559997558593722,-6.759994506835909,75.75415019363035,3.05682267949762,1.0189408931658732,4.145067898632986,,,-0.01038972517341108,0.9186909772281938,,,,
JNJ,2026-06-04 04:00:00,227.08999633789065,228.6699981689453,225.8999938964844,228.1699981689453,227.0502014160156,7274800,228.1699981689453,0.022083822587668722,0.02184350660574783,0.02184350660574783,,,227.03801263687362,226.15586726406056,2.839996337890625,-1.1500091552734375,78.17872878154823,46.11353874733959,16.390120475612402,4.128403260387614,,,0.10326799570111689,0.7556063809227784,,,,
JNJ,2026-06-05 04:00:00,230.0,235.22000122070312,229.0,232.77000427246097,231.6276397705078,8034900,232.77000427246097,0.02016043362593911,0.01995990279630759,0.01995990279630759,,,227.58391660216765,226.4152451859586,9.260009765625057,1.0400085449219318,80.17120019944926,86.28827524997105,45.15287889226942,4.240250172272773,,,0.5580912781971961,0.716103360377662,,,,
JNJ,2026-06-08 04:00:00,232.77000427246097,234.9499969482422,230.55999755859375,232.16000366210935,231.0206298828125,7559800,232.16000366210935,-0.0026206151959236035,-0.0026240550188752713,-0.0026240550188752713,,,228.0197344174002,226.64052983208217,9.270004272460909,-2.179992675781307,79.13924580434346,80.96075758242036,71.12085719324367,3.9377241781312486,,,0.8594132738774931,0.7447653430776282,,,,
JNJ,2026-06-09 04:00:00,232.3800048828125,237.7100067138672,230.41000366210935,237.0,235.8368682861328,8354500,237.0,0.020847675144487265,0.020633336225178087,0.020633336225178087,,,228.87499780621923,227.04678356415738,13.759994506835909,6.82000732421875,81.20630854695624,100.0,89.08301094413048,4.838315498505775,3.8538477250002177,,1.4717944510214238,0.8901711646663873,229.19199981689454,236.89969526689498,221.4843043668941,1.0065067914109798
JNJ,2026-06-10 04:00:00,238.8500061035156,240.92999267578125,237.0500030517578,238.4900054931641,237.3195648193359,8350800,238.4900054931641,0.006286943009131241,0.006267262626157408,0.006267262626157408,,,229.7907128240235,227.4955373652949,10.320007324218778,7.200012207031278,81.80406670149299,99.99999999999999,93.65358586080679,5.7194151882424835,4.193944732752349,0.21773218411087475,2.053668524295148,1.1228706365921395,229.90350036621095,238.29138983171563,221.51561090070626,1.011839430065529
JNJ,2026-06-11 04:00:00,240.0,241.6000061035156,238.13999938964844,238.3300018310547,237.16033935546875,7399000,238.3300018310547,-0.0006709030081932799,-0.0006711281643273987,-0.0006711281643273987,,,230.60397844374074,227.92041832473646,5.559997558593722,7.529998779296875,81.50427435685657,98.9743359005908,99.6581119668636,6.376850868959495,4.598655553335804,0.1985669795198508,2.473385314933438,1.3929735722603993,230.29900054931642,239.49631165598802,221.1016894426448,0.9365950650463857
JNJ,2026-06-12 04:00:00,240.0,240.91000366210935,237.52000427246097,240.8699951171875,239.6878662109375,6459400,240.8699951171875,0.010657463460824967,0.010601072996173357,0.010601072996173357,,,231.58169431740234,228.4282448656169,8.709991455078153,15.539993286132812,82.59474354901398,100.0,99.6581119668636,6.930629696190704,5.171936981659651,0.20107067550372862,2.976657076122933,1.7097102730329061,230.8025001525879,241.1463741159072,220.45862618926859,0.9866404501978764
JNJ,2026-06-15 04:00:00,239.0,239.5,233.5800018310547,235.66000366210935,234.50344848632812,7732000,235.66000366210935,-0.021629889818959858,-0.021867244768139643,-0.021867244768139643,,,231.97010473118397,228.71184324979308,-1.3399963378906534,12.150009155273438,73.07742923104806,71.02339992718537,89.99924527592539,6.369204542882256,5.186376010042187,0.20675291264881795,2.9214244415942403,1.952053106745173,231.25,241.62275202008436,220.87724797991564,0.7125763564756212
JNJ,2026-06-16 04:00:00,236.3699951171875,236.3699951171875,231.02000427246097,235.17999267578125,234.0257873535156,7718100,235.17999267578125,-0.0020368793128610063,-0.002038956572759712,-0.002038956572759712,,,232.27580834495512,228.96549616845928,-3.310012817382841,12.289993286132812,72.25137799053022,68.35370526428348,79.79236839715628,5.307950831208054,5.227095316818325,0.20509807820761738,2.8065669490615903,2.1229558752084565,231.5629997253418,242.01719035897844,221.10880909170515,0.672992490628671
JNJ,2026-06-17 04:00:00,234.02999877929688,235.42999267578125,230.6999969482422,234.1999969482422,233.0506134033203,8548000,234.1999969482422,-0.004167002968190725,-0.004175709119181066,-0.004175709119181066,,,232.45906440241103,229.17077070884292,-4.1300048828125,10.959991455078097,70.49924966883468,62.90322717524783,67.42677745557224,3.6775655355291414,5.245332617343985,0.20559225222545702,2.6064189188228113,2.2196484839313277,231.77299957275392,242.2636648074419,221.28233433806594,0.6156741408287086
JNJ,2026-06-18 04:00:00,231.77999877929688,232.75,227.6000061035156,228.38999938964844,227.2691192626953,18989800,228.38999938964844,-0.024807846431687874,-0.02512074681923251,-0.02512074681923251,,,232.07153440119555,229.14015222573727,-12.479995727539062,0.220001220703125,61.047275753567206,30.589551206488466,53.948827882006604,3.630644519525539,5.272276271585173,0.2252284474431814,1.9564294155989614,2.1670046702648547,231.72649917602538,242.27105171919573,221.18194663285504,0.3417903570247756
JNJ,2026-06-22 04:00:00,228.9499969482422,231.4499969482422,227.5,231.2899932861328,230.15489196777344,8518300,231.2899932861328,0.012697552012935542,0.012617614065667578,0.012617614065667578,,,231.9971019140467,229.2244597183018,-4.370010375976534,-1.4800109863281534,63.66581597106812,46.71855335103625,46.73711057759085,3.7728452256378806,5.273178855766212,0.22671205977775805,1.656221432842841,2.064848022780452,231.7044990539551,242.25085676548753,221.15814134242265,0.48034839234738763
JNJ,2026-06-23 04:00:00,235.63999938964844,239.8000030517578,234.3500061035156,239.0800018310547,237.9066619873047,11802000,239.0800018310547,0.03368069856478706,0.033125926235317266,0.033125926235317266,,,232.67166381090462,229.61095156586074,3.9000091552734375,6.919998168945341,69.5812693162024,89.84688406342742,55.71832954031739,3.7966151547912608,5.499524871011985,0.2530317497182439,2.0235666130949994,2.056591740843362,231.94149932861328,242.94054907063725,220.9424495865893,0.8245054195530819
JNJ,2026-06-24 04:00:00,239.88999938964844,243.0399932861328,238.75,241.0,239.81723022460935,8139200,241.0,0.008030776954327079,0.007998701875848498,0.007998701875848498,,,233.46483868605657,230.05758091621917,6.8000030517578125,4.0,70.84132008676227,100.0,78.85514580482123,4.127638382023945,5.838847232709391,0.24389582615396962,2.4414743249110415,2.133568257656898,232.4824996948242,244.160194160243,220.80480522940542,0.8646910068763443
JNJ,2026-06-25 04:00:00,241.27000427246097,248.19000244140625,240.88999938964844,244.8800048828125,243.67820739746097,10130400,244.8800048828125,0.016099605322873467,0.015971381086115174,0.015971381086115174,,,234.55199737146188,230.63885244432086,16.490005493164062,6.389999389648409,73.25258493280205,100.0,96.61562802114247,4.929790737524628,6.451406397967472,0.24859383108926167,3.0505878866447063,2.31697218345446,233.1620002746582,246.06481307059315,220.25918747872325,0.9540872131325535
JNJ,2026-06-26 04:00:00,248.27000427246097,255.11000061035156,247.8699951171875,254.66000366210935,253.4102020263672,16316800,254.66000366210935,0.03993792300019372,0.03916102194890615,0.03916102194890615,,,236.46704558961878,231.58085837443022,23.370010375976534,16.33000183105466,78.15601639964788,100.0,100.0,7.496839432091301,8.009574477929691,0.278967965124328,4.273219920121903,2.708221730787949,234.3550003051758,250.37414926103517,218.3358513493164,1.1337728493843153
JNJ,2026-06-29 04:00:00,253.19000244140625,258.5799865722656,252.02999877929688,258.510009765625,257.2413024902344,8608400,258.510009765625,0.015118220561340934,0.015005079170693122,0.015005079170693122,,,238.56637551114318,232.6369035270261,19.430007934570312,17.6400146484375,79.73127555309922,100.0,100.0,9.824850380831418,9.363649258483708,0.25900444486124646,5.489547841558306,3.26448695294202,236.0140007019043,254.74129921887172,217.2867021849369,1.1006207740891922
JNJ,2026-06-30 04:00:00,259.0,259.8999938964844,253.1699981689453,253.97000122070312,252.7235870361328,8469500,253.97000122070312,-0.017562215672182413,-0.017718261083131126,-0.017718261083131126,,,240.03338748348222,233.47349559344482,12.970001220703125,18.30999755859378,73.04208923794994,84.92693565423555,94.97564521807853,10.546785760631886,9.694159404226482,0.2684476557725634,6.017786439196385,3.8151468501928933,237.53700103759766,256.9253198460506,218.1486822291447,0.9237861040313863
JNJ,2026-07-01 04:00:00,253.25,254.1999969482422,251.0800018310547,253.97999572753903,252.73353576660156,6516500,253.97999572753903,3.9353099924754886e-05,3.9352325611832383e-05,3.9352325611832383e-05,,,241.3616358876781,234.27767206929167,9.099990844726534,18.800003051757784,73.04745009000388,84.96011793641658,89.96235119688406,10.844427041385044,9.71451932342949,0.2673559502796228,6.363867108099782,4.324890901774271,239.09150085449218,258.52053950135115,219.6624622076332,0.8831505805217447
JNJ,2026-07-02 04:00:00,255.77999877929688,263.1000061035156,254.0,263.0400085449219,261.74908447265625,7998700,263.0400085449219,0.03567215123155654,0.03505063741422099,0.03505063741422099,,,243.4262428074156,235.40560683304187,8.380004882812528,28.840011596679688,77.4291922502813,100.0,89.96235119688406,11.74711454290442,10.35202734093738,0.2849543838938765,7.2852262944324195,4.916957980305901,241.08150100708008,261.78555568895484,220.3774463252053,1.0302948595152532
JNJ,2026-07-06 04:00:00,260.2300109863281,261.3800048828125,255.92999267578125,259.3299865722656,258.0572509765625,6803700,259.3299865722656,-0.014104401810124845,-0.014204814174395678,-0.014204814174395678,,,244.94088507073465,236.34381780320751,0.819976806640625,30.939987182617188,72.24938647051388,89.29286870883375,91.41766221508345,10.324436760769554,10.647159263592231,0.2907386361863172,7.6281102141742,5.459188427079561,242.6395004272461,263.9338189544306,221.34518190006165,0.8918999831742048
JNJ,2026-07-07 04:00:00,264.8900146484375,269.42999267578125,264.04998779296875,267.239990234375,265.9284362792969,9089700,267.239990234375,0.030501693100212224,0.030045764336073276,0.030045764336073276,,,247.06460937203374,237.55543240835135,13.269989013671875,35.94999694824219,75.94435423051159,100.0,96.43095623627794,9.304288104477845,11.703004911227922,0.29906248903608884,8.440818874035614,6.0555145164707715,244.3629997253418,267.7690095477976,220.95698990288597,0.9886990709344426
JNJ,2026-07-08 04:00:00,268.6000061035156,268.6000061035156,263.1300048828125,263.3999938964844,262.1072998046875,6769400,263.3999938964844,-0.014369093242829645,-0.014473328377609255,-0.014473328377609255,,,248.62036027912427,238.56894462357226,9.419998168945341,24.319992065429688,71.00185544659767,90.11583721283718,93.13623530722366,8.21042125020193,12.0676674145877,0.3069243702900632,8.675040265787203,6.579419666334059,245.92499923706055,270.06033406623595,221.78966440788514,0.8620209701482908
JNJ,2026-07-09 04:00:00,260.6300048828125,263.45001220703125,258.1300048828125,259.1000061035156,257.8283996582031,6426100,259.1000061035156,-0.01632493505166377,-0.016459655012473075,-0.016459655012473075,,,249.61842178620915,239.3740842894524,-3.94000244140625,18.100006103515625,65.83497019440173,79.04765495726163,89.7211640566996,6.311470946459845,12.218295214045492,0.31216627661348795,8.416667227227123,6.946869178512672,247.02999954223634,271.46658997032733,222.59340911414535,0.7469658481365766
JNJ,2026-07-10 04:00:00,260.19000244140625,261.29998779296875,255.52000427246097,256.9800109863281,255.7188262939453,6534700,256.9800109863281,-0.008182150008674727,-0.00821580751764706,-0.00821580751764706,,,250.31952551955382,240.06451278736913,-2.3499755859375,12.100006103515625,63.38588442687714,71.46041691514372,80.20796969508086,4.439105031730451,12.237615082059348,0.31527059621956305,7.949205353169646,7.147336413444067,247.95449981689453,272.4297299810132,223.47926965277583,0.6843805167288115
JNJ,2026-07-13 04:00:00,257.95001220703125,259.5299987792969,256.1499938964844,257.7699890136719,256.5049133300781,5272200,257.7699890136719,0.0030740835612532713,0.0030693682274643814,0.0030693682274643814,,,251.02909347137458,240.7588451884006,-9.470001220703125,3.1099853515625284,63.92443357651469,66.3707204524753,72.29293077496023,4.202253571448036,12.204922317279866,0.31485679398777966,7.555389250568908,7.228946980869035,248.9264991760254,273.33634381058516,224.51665454146567,0.6811459673349527
JNJ,2026-07-14 04:00:00,255.52999877929688,256.3900146484375,252.13999938964844,253.8500061035156,252.60418701171875,8770600,253.8500061035156,-0.015207289743680574,-0.015324106397292352,-0.015324106397292352,,,251.29775181729278,241.2722240478169,-9.549987792968778,-4.660003662109403,59.26603628958371,48.971078071064944,62.26740514622801,4.547715348713297,12.098612524192927,0.32095057271448246,6.848037379623435,7.152765060619916,249.57549972534179,273.77272477372765,225.37827467695593,0.5883263756407257
JNJ,2026-07-15 04:00:00,250.08999633789065,256.8299865722656,246.0500030517578,247.02000427246097,245.8076934814453,10547300,247.02000427246097,-0.026905659510874647,-0.02727424313131064,-0.02727424313131064,,,250.89034728921357,241.49762719388139,-12.080001831054659,-6.949996948242159,52.13691078533845,9.570665436500049,41.63748798668011,5.750961107007968,11.670000046974023,0.32694098503963864,5.670960555412535,6.85640415957844,250.14349975585938,273.4834998498074,226.80349966191133,0.4330870721759699
JNJ,2026-07-16 04:00:00,248.8999938964844,253.5500030517578,246.3000030517578,249.97000122070312,248.7432098388672,11097600,249.97000122070312,0.011942340285074016,0.011871593239188405,0.011871593239188405,,,250.80269528268877,241.82987715571753,-7.010009765625,-4.009994506835909,54.67304565975476,14.589510367607154,24.377084625057392,6.198080658178739,11.12790579626239,0.328188334799768,4.919450429119479,6.469013413486648,250.88300018310548,273.13881177563024,228.62718859058072,0.4794885268819176
JNJ,2026-07-17 04:00:00,252.58999633789065,255.66000366210935,251.9499969482422,253.0399932861328,251.7981414794922,10167700,253.0399932861328,0.012281441974787644,0.012206636919494527,0.012206636919494527,,,251.0157712830168,242.26948955298872,-4.7299957275390625,-10.000015258789062,57.213871961861784,29.77246880888532,17.97754820433085,6.05847222615807,10.415975104088343,0.3285565117689165,4.519497982922786,6.079110327373876,251.825,272.6569502081767,230.9930497918233,0.5291617749176438
JNJ,2026-07-20 04:00:00,252.0099945068359,254.17999267578125,248.6300048828125,248.82000732421875,247.5988616943359,8114700,248.82000732421875,-0.016677150149708497,-0.016817779542406985,-0.016817779542406985,,,250.80665090598842,242.5263726028409,-5.029998779296847,-10.509979248046875,52.83000350489264,8.902098424540126,17.754692533677545,6.463131498162175,8.886179915063757,0.3200518620762926,3.818003619477281,5.626888985794557,252.84650039672852,270.61886022685604,235.074140566601,0.3867203592827303
JNJ,2026-07-21 04:00:00,247.4499969482422,251.33999633789065,245.4900054931641,250.61000061035156,249.3800811767578,7793100,250.61000061035156,0.007193928275230688,0.007168175408970833,0.007168175408970833,,,250.78792230640397,242.84337762274328,3.5899963378905966,-16.629989624023438,54.42517103555246,17.754692533677535,18.809753255701004,5.18182325566216,7.334042737053714,0.3187517528461582,3.3676812479282603,5.175047438221298,253.81250076293946,268.4805862370469,239.14441528883202,0.39083441877124814
JNJ,2026-07-22 04:00:00,252.7599945068359,256.2900085449219,251.2100067138672,255.6300048828125,254.3754425048828,9100200,255.6300048828125,0.02003114105676107,0.019833157277940047,0.019833157277940047,,,251.2490730279667,243.34481398588326,5.660003662109375,-7.769989013671875,58.64862513740914,42.58163495547999,23.079475304565893,4.093241675151844,6.466664074950232,0.30588071069589934,3.376942622461627,4.815426475069364,254.64000091552734,267.5733290654278,241.70667276562688,0.5382733645899482
JNJ,2026-07-23 04:00:00,255.2400054931641,260.20001220703125,254.4199981689453,259.2699890136719,257.99755859375,8063300,259.2699890136719,0.014239267931509314,0.014138841763260456,0.014138841763260456,241.1479998779297,,252.01296978851005,243.96933065363967,6.2299957275390625,0.16998291015625,61.4390512595834,60.583547210590254,40.30662489991594,4.1203639776838274,5.681153889429305,0.30788918640228036,3.636084112976988,4.579558002650889,255.55350036621093,266.91580814506955,244.1911925873523,0.6635446213829934
JNJ,2026-07-24 04:00:00,261.42999267578125,263.7099914550781,259.6099853515625,263.3999938964844,262.1072998046875,6351800,263.3999938964844,0.015929359578114255,0.01580381876481151,0.01580381876481151,241.93079986572266,,253.0974482749838,244.73131744747673,14.579986572265625,6.41998291015625,64.37639142311062,81.00890700357772,61.39136305654933,5.133698285867869,5.349516141549857,0.30780083640426686,4.127137418272042,4.489073885775119,256.47949981689453,267.17853209999424,245.78046753379482,0.8234168238991819
JNJ,2026-07-27 04:00:00,262.54998779296875,268.79998779296875,261.3500061035156,265.95001220703125,264.6448059082031,9647900,265.95001220703125,0.009681163134533044,0.00963460095090892,0.00963460095090892,242.6414001464844,,254.32150198279786,245.56342312432201,15.340011596679688,8.180023193359375,66.093760262492,100.0,80.53081807138933,6.325493035721273,5.729590598273152,0.279122294477584,4.6682531504041265,4.524909738700921,257.04400024414065,268.50318144068694,245.58481904759435,0.8885972221808833
JNJ,2026-07-28 04:00:00,270.0,274.8999938964844,266.17999267578125,266.7300109863281,265.42095947265625,10491000,266.7300109863281,0.002932877396108813,0.0029285849020562853,0.0029285849020562853,243.3600003051758,,255.50326474503882,246.3934853934203,11.100006103515625,12.880004882812528,66.6237873073051,100.0,93.66963566785925,7.349024030963751,6.121692057240099,0.27501795002294616,5.1012268813301205,4.640173167226761,257.45500030517576,269.69838441965595,245.21161619069557,0.8787764311904114
JNJ,2026-07-29 04:00:00,268.5,269.3399963378906,264.7900085449219,265.5299987792969,264.2268371582031,6105600,265.5299987792969,-0.004498977083957634,-0.004509127938441748,-0.004509127938441748,244.13640014648436,,256.4581917959205,247.1439368987488,6.260009765625,18.50999450683591,64.94181346324365,93.91166007981637,97.97055335993879,7.152023852098763,6.317918810354547,0.26660201921121124,5.28659020521178,4.769456574823765,258.03300018310546,270.66883780381454,245.39716256239637,0.7966561782934145
JNJ,2026-07-30 04:00:00,259.0299987792969,260.5199890136719,254.55999755859375,255.82000732421875,254.56451416015625,8216500,255.82000732421875,-0.03656834067607129,-0.037253723250055916,-0.037253723250055916,244.67440032958984,,256.3974123224251,247.48417495464957,-7.579986572265625,5.850006103515625,53.23132380663711,44.64738738808475,79.5196824893004,6.653660013341331,6.269000902239238,0.30126916061722336,4.596985625452305,4.7349623849494735,258.12500076293946,270.66300256741795,245.58699895846098,0.40807971339191434
JNJ,2026-07-31 04:00:00,256.010009765625,258.4800109863281,253.2899932861328,256.3500061035156,255.09190368652344,6782100,256.3500061035156,0.002071764381685659,0.0020696212374085522,0.0020696212374085522,245.20140045166016,,256.39289744443374,247.8318546075463,-9.600006103515625,3.3100128173828125,53.7218557383136,47.33637063903408,61.96513936897841,6.431591253800117,6.170654541089854,0.2722497360602351,4.046588941362955,4.59728769623217,257.79050064086914,270.13180972304883,245.44919155868942,0.44163931363515113
JNJ,2026-08-03 04:00:00,254.97000122070312,257.75,250.91000366210935,254.41000366210935,253.1614227294922,8136300,254.41000366210935,-0.007567787771469381,-0.007596568774975878,-0.007596568774975878,245.70320037841796,,256.2040504175457,248.08982123713702,-12.320007324218778,5.589996337890597,51.58890603117425,37.493642173389404,43.159133400169424,5.663845257571821,6.204030961028517,0.269083535049497,3.4144934648689684,4.36072884995953,257.5445014953613,269.95256341741833,245.13643957330427,0.3736910787139143
JNJ,2026-08-04 04:00:00,254.41000366210935,255.52000427246097,250.44000244140625,254.92999267578125,253.67886352539065,7362400,254.92999267578125,0.002043901600514486,0.002041815675438342,0.002041815675438342,246.16720031738282,,256.08271158499673,248.35806325433876,-10.600006103515625,4.3199920654296875,52.1374382275209,34.11493077742279,39.64831452994877,5.053294929196426,5.788220141065536,0.24342651053450742,2.921830964833333,4.072949272934291,256.92900161743165,268.5054418995627,245.35256133530058,0.4136604650077114
JNJ,2026-08-05 04:00:00,255.25,259.32000732421875,254.47000122070312,257.5899963378906,256.3258056640625,6472600,257.5899963378906,0.010434251514267023,0.010380190444618074,0.010380190444618074,246.63220031738283,,256.2262625138438,248.7200998458506,1.769989013671875,1.959991455078125,54.94952886318025,48.966986155484555,40.19185303543227,4.909462059349326,5.588718547172404,0.24300636038486895,2.714738631984119,3.8013071447442566,256.638501739502,267.81593883384676,245.46106464515717,0.5425631828816138
JNJ,2026-08-06 04:00:00,261.7099914550781,262.1099853515625,255.27999877929688,256.9800109863281,255.7188262939453,6931800,256.9800109863281,-0.002368047518283123,-0.0023708557770770384,-0.0023708557770770384,247.16820068359374,,256.2980480826518,249.0440179297909,0.6300048828125,-2.28997802734375,54.16363654424373,45.56115015974441,42.881022364217266,4.999769130172838,5.559603501847913,0.23625947621779608,2.472889811741311,3.5356236781436676,256.5325019836426,267.6517089873384,245.41329497994676,0.5201232427158162
JNJ,2026-08-07 04:00:00,255.88999938964844,259.6000061035156,255.1199951171875,259.239990234375,257.96771240234375,6532100,259.239990234375,0.008794377583582147,0.008755932282286254,0.008755932282286254,247.7272006225586,,256.5782330494826,249.44385998095106,4.829986572265653,-4.160003662109375,56.63807875847757,53.5358813222887,49.35467254583923,4.834418512960617,5.592050202450099,0.2365037896112149,2.4355092822016786,3.31560079895527,256.64550094604493,267.82960135094515,245.46140054114474,0.6159900749457373
JNJ,2026-08-10 04:00:00,259.05999755859375,262.0,258.54998779296875,261.80999755859375,260.5251159667969,8985100,261.80999755859375,0.009913622207342598,0.009864804628917303,0.009864804628917303,248.34740051269532,,257.0764963360646,249.92880655262334,6.8800048828125,-4.1400146484375,59.32705737640471,60.06484981496261,53.05396043233191,4.360768794328401,5.706602603736,0.23872629996728545,2.5834822802811743,3.169177095220451,256.84750137329104,268.26070658076304,245.43429616581903,0.71740151408361
JNJ,2026-08-11 04:00:00,261.2300109863281,264.1499938964844,258.3599853515625,259.79998779296875,258.52496337890625,5945900,259.79998779296875,-0.007677360621704876,-0.0077069832679880585,-0.0077069832679880585,249.0368002319336,,257.3358764748174,250.31591169930357,2.209991455078125,-6.930023193359375,56.38216730206328,43.74984518283301,52.45019210669479,3.4381145712537378,5.697197077802838,0.23338357733023926,2.509631488011223,3.0372679737786057,257.1450004577637,268.5393946133693,245.750606302158,0.6165041027608706
JNJ,2026-08-12 04:00:00,256.0,261.4100036621094,255.2599945068359,260.8599853515625,259.5797424316406,4629300,260.8599853515625,0.004080052380289079,0.00407175153749823,0.00407175153749823,249.7838000488281,,257.67150589165027,250.7294047837059,3.879974365234375,-4.670013427734375,57.578075995569236,52.35371635513335,52.056137117643004,2.53817644348786,5.223486169612087,0.2078622331661409,2.5077296014424064,2.931360299311366,257.8369995117188,268.283971850943,247.3900271724946,0.644682389389202
JNJ,2026-08-13 04:00:00,261.7300109863281,262.6199951171875,259.6499938964844,262.0799865722656,260.79376220703125,4852700,262.0799865722656,0.004676843092891181,0.004665940641720456,0.004665940641720456,250.56759979248048,,258.09136119456605,251.17452563815922,2.839996337890625,6.259979248046875,58.972357873838355,62.256317778955854,52.78662643897408,2.763314909601009,4.958735181171767,0.2052139906073237,2.5749834389566217,2.8600849272404174,258.4424987792969,268.3599691416404,248.52502841695338,0.6833878832035744
JNJ,2026-08-14 04:00:00,260.6499938964844,261.7099914550781,259.1600036621094,260.3500061035156,259.072265625,4998100,260.3500061035156,-0.006600963665239545,-0.0066228463770437096,-0.0066228463770437096,251.3097998046875,,258.3064702335136,251.53434840150655,-1.459991455078125,4.0,56.15393574486427,48.21427686759057,54.274770333893265,2.7219940936832847,4.80663872905615,0.20411922007349864,2.460326511422693,2.7801332440768727,258.807999420166,268.4212768782783,249.19472196205373,0.5802019233330437
JNJ,2026-08-17 04:00:00,258.8699951171875,264.2799987792969,258.010009765625,262.3699951171875,261.0823669433594,5515500,262.3699951171875,0.0077587438690849275,0.007728799602735741,0.007728799602735741,251.99379974365235,,258.6934726033873,251.95927572369013,2.57000732421875,7.959991455078153,58.63955843681562,71.58268840221754,60.68442768292133,2.4435944746970475,4.2471009328283955,0.19333607237090458,2.503596401067398,2.724825875474978,259.48549880981443,267.97970067547124,250.99129694415763,0.6697920742286261
JNJ,2026-08-18 04:00:00,267.6700134277344,271.7300109863281,266.3299865722656,271.1099853515625,269.7794494628906,7838200,271.1099853515625,0.03331169873472484,0.03276888589548413,0.03276888589548413,252.76059936523438,,259.875997627023,252.71028394439102,10.25,16.17999267578125,67.28202375131407,100.0,73.26565508993605,3.9186132697364626,4.460712774588285,0.22069030330738262,3.206173496823851,2.8210953997447525,260.510498046875,269.43192359605155,251.58907249769842,1.0940467275247192
JNJ,2026-08-19 04:00:00,273.0,276.4700012207031,270.55999755859375,273.4100036621094,272.06817626953125,7728500,273.4100036621094,0.00848370932396425,0.008447924909291686,0.008447924909291686,253.58559936523437,,261.1649505827455,253.52203765881137,11.33001708984375,15.82000732421875,69.1112118941812,100.0,90.52756280073919,5.255934154697311,5.1546240071851654,0.21338927703016355,3.9035652918125265,3.0375893781583074,261.39949798583984,271.70874600021017,251.09024997146952,1.0825112394001861
JNJ,2026-08-20 04:00:00,273.3999938964844,273.3999938964844,267.3699951171875,267.3699951171875,266.0578308105469,6475900,267.3699951171875,-0.022091395574488026,-0.02233906482184039,-0.02233906482184039,254.19299926757813,,261.7559072050733,254.06509481404183,7.019989013671875,10.389984130859375,59.67579486353657,68.21048134251649,89.40349378083884,4.998003238451951,5.294805533144739,0.22775677926053037,3.923645756760777,3.2148006538788017,261.80449829101565,272.3941093573051,251.21488722472617,0.7627809837081184
JNJ,2026-08-21 04:00:00,267.8299865722656,272.6600036621094,267.0,270.239990234375,268.9137268066406,6186800,270.239990234375,0.01073417051127823,0.01067696828454887,0.01067696828454887,254.82799896240235,,262.56391511262586,254.69940443836862,7.8699951171875,11.0,62.308965125170744,82.84625788329015,83.68557974193556,5.082871675271638,5.614534651227621,0.224196921114708,4.123609882444441,3.39656249959193,262.14649810791013,273.37556741036536,250.9174288054549,0.8603812528209809
JNJ,2026-08-24 04:00:00,269.739990234375,273.9800109863281,268.57000732421875,273.0400085449219,271.70001220703125,5436100,273.0400085449219,0.010361228581004855,0.010307918971316374,0.010307918971316374,255.52219909667969,,263.56163829665405,255.4186438150962,1.930023193359375,11.230010986328125,64.72886271208102,97.74805062614,82.9349299506489,5.534962806945203,6.072480787525174,0.22454210647638098,4.45664751130073,3.60857950193369,262.50099792480466,274.645959499855,250.3560363497543,0.9338840660380409
JNJ,2026-08-25 04:00:00,271.0,273.79998779296875,270.17999267578125,273.1400146484375,273.1400146484375,4687000,273.1400146484375,0.00036626904624181833,0.0003662019861089018,0.0003662019861089018,256.1675994873047,,264.47386461587155,256.11359953405076,-0.269989013671875,13.34002685546875,64.81575025931795,98.35673077280275,92.98367976074432,5.464894550791766,6.46396958616386,0.22448216926796688,4.67476411753637,3.821816425054226,262.82149810791014,275.7494372802379,249.89355893558243,0.8990781671766426
JNJ,2026-08-26 04:00:00,271.9700012207031,272.9100036621094,269.54998779296875,270.0,270.0,7214100,270.0,-0.011495989163210152,-0.01156257888168003,-0.01156257888168003,256.8543994140625,,265.00016322388376,256.65816425820566,2.6300048828125,9.1400146484375,59.831945187941,75.93507106044714,90.67995081979664,4.994160671613052,6.637497235159929,0.22822124647491066,4.541894032318112,3.9658319465070035,263.0449981689453,276.3199926392652,249.77000369862546,0.7619587468230067
JNJ,2026-08-27 04:00:00,268.45001220703125,268.45001220703125,263.8299865722656,265.7699890136719,265.7699890136719,7306200,265.7699890136719,-0.01566670735677078,-0.01579072724405346,-0.01579072724405346,257.4661993408203,,265.07347996576834,257.01549071920437,-4.470001220703125,3.69000244140625,53.82742133050638,43.864763113462026,72.71885498223732,4.603674556865861,6.437333531847838,0.19027403825797265,4.04859728821134,3.982385014847871,263.542497253418,276.41716431711365,250.6678301897223,0.5865067713686763
JNJ,2026-08-28 04:00:00,265.7799987792969,268.3800048828125,264.2699890136719,268.0400085449219,268.0400085449219,5765600,268.0400085449219,0.008541293694124485,0.008505023229926995,0.008505023229926995,258.1429995727539,,265.3560064971163,257.4478247515855,-5.0,7.69000244140625,56.358567534003804,60.54379973675536,60.11454463688818,3.587812248841678,6.278655856934659,0.19171240311104062,3.7970575534329782,3.9453195225648927,264.12699737548826,276.68430908935755,251.56968566161893,0.655806085673249
JNJ,2026-08-31 04:00:00,267.1300048828125,267.7699890136719,265.1700134277344,265.8500061035156,265.8500061035156,7900100,265.8500061035156,-0.008170431172924042,-0.008203992075407025,-0.008203992075407025,258.89219970703124,,265.40305407867817,257.7773220595043,-7.290008544921875,3.480010986328125,53.32162769813014,42.11333099661175,48.840631282276384,2.9341093042370177,5.853536841245835,0.19213698499423398,3.38200990204507,3.832657598460928,264.6989974975586,276.4060711800503,252.9919238150669,0.5491586812030748
JNJ,2026-09-01 04:00:00,270.8299865722656,271.9100036621094,267.0199890136719,271.19000244140625,271.19000244140625,6033600,271.19000244140625,0.020086500715788436,0.01988742832379293,0.01988742832379293,259.69019989013674,,265.9541920179856,258.30330952546126,1.19000244140625,0.08001708984375,59.10787469844695,83.00151886902675,61.8862165341313,2.938194110111326,5.546427354512756,0.20212561101872,3.4442713086578465,3.754980340500312,265.51199798583986,276.6048526948654,254.41914327681434,0.7559307141626304
JNJ,2026-09-02 04:00:00,274.739990234375,281.07000732421875,273.5299987792969,275.2099914550781,275.2099914550781,7910600,275.2099914550781,0.014823514795831993,0.014714720326942765,0.014714720326942765,260.41279968261716,,266.8356967262801,258.966316659956,9.44000244140625,1.79998779296875,62.842103905308825,100.0,75.03828328854618,3.224743584752902,5.6207511550908835,0.20476702929816107,3.7744835421812013,3.7588809808364902,266.3929977416992,277.634500051881,255.15149543151745,0.8921626073675707
JNJ,2026-09-03 04:00:00,277.32000732421875,278.8900146484375,273.1600036621094,278.42999267578125,278.42999267578125,5940300,278.42999267578125,0.011700161043131097,0.011632243410411695,0.011632243410411695,261.1613995361328,,267.93991538813736,259.72959807234133,10.389984130859375,11.05999755859375,65.55540635910386,100.0,94.33383962300893,4.0254471572584585,5.774462240007099,0.20564707071477523,4.247048967337548,3.856514578136702,267.4654968261719,279.0144213061861,255.9165723461577,0.9746977031750358
JNJ,2026-09-04 04:00:00,275.1300048828125,277.79998779296875,274.75,275.2300109863281,275.2300109863281,4320100,275.2300109863281,-0.01149294894095465,-0.011559503307330346,-0.011559503307330346,261.7683996582031,,268.6342102070127,260.3374574023016,9.3800048828125,4.990020751953125,60.803663012446385,74.72369064923356,91.57456354974454,4.213143235444989,5.681866596246379,0.21197298258584277,4.313623921024032,3.947936446714168,268.2649978637695,279.62873105626227,256.90126467127675,0.8064579660828329
JNJ,2026-09-08 04:00:00,271.2799987792969,271.989990234375,266.8800048828125,269.1199951171875,269.1199951171875,8084700,269.1199951171875,-0.022199671639166363,-0.02244979302170058,-0.02244979302170058,262.0575994873047,,268.68047543655314,260.6818706460226,-2.07000732421875,-3.920013427734375,52.91659033767767,26.461335975296677,67.0616755415101,4.24548062003041,5.476172022986535,0.22847134872960703,3.8292170043395686,3.9241925582392487,268.63049774169923,279.5828417876723,257.67815369572617,0.5223466946177722
JNJ,2026-09-09 04:00:00,268.510009765625,270.1000061035156,266.7300109863281,267.0799865722656,267.0799865722656,6124600,267.0799865722656,-0.007580293482219891,-0.0076091699273667076,-0.0076091699273667076,262.2289990234375,,268.5280479256686,260.93277715293414,-8.1300048828125,-6.060028076171875,50.55853023018145,10.347529065212623,37.17751856324763,4.3682081787849425,5.0863956854072,0.22842002627840105,3.2433223907686397,3.788018524745127,268.99449768066404,279.16728905147846,258.8217063098496,0.4059004043918999
JNJ,2026-09-10 04:00:00,270.2099914550781,271.2699890136719,265.7200012207031,266.3500061035156,266.3500061035156,4929500,266.3500061035156,-0.0027331904502416737,-0.0027369324351872587,-0.0027369324351872587,262.4765991210937,,268.32061537117784,261.1452175039373,-12.079986572265625,-3.649993896484375,49.70498429885504,4.581492275390931,13.796785771966753,4.570958742571803,4.762092799436812,0.22863506371633865,2.689095150255582,3.568233849847218,269.26899871826174,278.79318431713534,259.74481311938814,0.34675893889072584
JNJ,2026-09-11 04:00:00,268.0299987792969,270.3999938964844,265.25,265.5799865722656,265.5799865722656,4701200,265.5799865722656,-0.0028910062459346353,-0.0028951932762593608,-0.0028951932762593608,262.70859893798826,,268.0596031046148,261.3191300164208,-9.6500244140625,-0.19000244140625,48.76967024624838,0.0,4.976340446867861,4.591890808705623,4.543285640177034,0.22862057570264901,2.162800510320835,3.2871471819419416,269.4439987182617,278.53056999861576,260.35742743790763,0.2873778773765638
JNJ,2026-09-14 04:00:00,271.0,271.54998779296875,266.19000244140625,266.32000732421875,266.32000732421875,4740800,266.32000732421875,0.0027864326732758293,0.002782557766197331,0.002782557766197331,262.7741989135742,,267.89392731600566,261.5152428520207,-2.79998779296875,-1.720001220703125,49.74833691790089,5.758913622232936,3.446801965874632,4.712744020799676,4.0876194241737975,0.2270774192111398,1.7848471001536836,2.98668716558429,269.74249877929685,277.91773762764444,261.56725993094926,0.29067942120309614
JNJ,2026-09-15 04:00:00,265.80999755859375,267.20001220703125,260.67999267578125,267.20001220703125,267.20001220703125,5283500,267.20001220703125,0.0033043138277673023,0.0032988665791453486,0.0032988665791453486,262.93159942626954,,267.82784016277003,261.7381749835898,0.120025634765625,1.350006103515625,50.94835311335128,12.607197395201261,6.122037005811408,4.59743455053231,3.758555104857108,0.22591241293607622,1.5385894378237026,2.697067620032173,269.98399963378904,277.50110984350323,262.46688942407485,0.31482329318784585
JNJ,2026-09-16 04:00:00,266.80999755859375,268.6499938964844,266.29998779296875,267.2799987792969,267.2799987792969,4887300,267.2799987792969,0.00029935093043209626,0.00029930613388202395,0.00029930613388202395,262.93239959716794,,267.77566479291545,261.9555014069508,0.92999267578125,-3.910003662109375,51.06274440553734,13.229660696940407,10.531923904791544,4.6668850253016645,3.7955537005122966,0.19204702590185116,1.3344994353490733,2.424553983095553,269.7925003051758,277.3836077062004,262.2013929041512,0.33451021088571375
JNJ,2026-09-17 04:00:00,268.0,270.8699951171875,267.1099853515625,270.2200012207031,270.2200012207031,6568800,270.2200012207031,0.010999709872918428,0.010939653067886095,0.010939653067886095,263.06879974365233,,268.00845873841905,262.2795994388627,4.6400146484375,-4.989990234375,55.19843330771722,36.10904626082661,20.64863478432277,4.271834422378434,3.7013934125330725,0.19381869705066207,1.3939219992734024,2.218427586331123,269.6330001831055,277.0357870081716,262.23021335803935,0.5396473011765
JNJ,2026-09-18 04:00:00,269.45001220703125,272.1099853515625,267.20001220703125,269.989990234375,269.989990234375,16428400,269.989990234375,-0.00085119896857766,-0.0008515614441268533,-0.0008515614441268533,263.2865994262695,,268.19717602374817,262.5819677053534,3.66998291015625,-8.44000244140625,54.80818659112181,34.319078345829304,27.885928434532115,2.8657431830098856,3.663252666976885,0.17602505813220806,1.40624453336153,2.0559909757372044,269.76399993896484,277.0905052729186,262.43749460501107,0.5154227892500693
JNJ,2026-09-21 04:00:00,271.739990234375,273.7300109863281,268.5,269.4700012207031,269.4700012207031,4485300,269.4700012207031,-0.0019259566372089587,-0.0019278136764609574,-0.0019278136764609574,263.53639923095704,,268.3183974710772,262.8520866667397,2.269989013671875,-5.760009765625,53.880766410310926,30.272473157605997,33.56686592142064,1.6838010012168676,3.6620328426414526,0.17198780531329083,1.358392756603621,1.9164713319104878,269.7255004882812,277.04956617356413,262.4014348029983,0.48255755214678736
JNJ,2026-09-22 04:00:00,267.510009765625,270.1000061035156,265.0400085449219,269.19000244140625,269.19000244140625,5680700,269.19000244140625,-0.0010390721714048645,-0.0010396123811372456,-0.0010396123811372456,263.7647994995117,,268.4014074682514,263.1006323833933,1.910003662109375,0.07000732421875,53.357201173321755,28.093495365367673,30.895015622934334,1.6897521577638195,3.5788771645655357,0.16750089705712212,1.2830857040248134,1.789794206333353,269.53300018310546,276.69075451223654,262.3752458539744,0.47604012893378767
JNJ,2026-09-23 04:00:00,269.4700012207031,272.1400146484375,266.5,269.1700134277344,269.1700134277344,6632700,269.1700134277344,-7.425615175371547e-05,-7.425890887824192e-05,-7.425890887824192e-05,264.0711996459961,,268.47460803582123,263.33864732630866,-1.04998779296875,2.09002685546875,53.31736976466055,27.937938912624773,28.76796914519949,1.7105819942549396,3.4769317536311712,0.16747065516636567,1.2078678275060497,1.6734089305678923,269.3345001220703,276.28836362933265,262.380636614808,0.4881729995013444
JNJ,2026-09-24 04:00:00,269.5199890136719,275.2300109863281,269.010009765625,270.67999267578125,270.67999267578125,6320600,270.67999267578125,0.005609760273137754,0.005594084166784311,0.005594084166784311,264.5443994140625,,268.68464466819836,263.6265432223664,0.69000244140625,4.329986572265625,55.99005461338415,52.8496704742388,36.29370158407709,1.7717845522927482,3.4870917953245577,0.16378719384204588,1.255625752271385,1.589852294908591,269.3684997558594,276.34268334650847,262.3943161652103,0.5940248347978903
JNJ,2026-09-25 04:00:00,271.70001220703125,272.25,269.260009765625,271.2200012207031,271.2200012207031,4085700,271.2200012207031,0.0019950072393000173,0.001993019855149128,0.001993019855149128,264.9693994140625,,268.9261071970083,263.92432588896787,1.75,5.6400146484375,56.93953390530745,100.0,60.26253646228787,1.627237912638569,3.4030173998597495,0.15265234441685258,1.3218114091351936,1.5362441177539115,269.64100036621096,276.44703516593046,262.83496556649146,0.6160000573724103
JNJ,2026-09-28 04:00:00,270.1700134277344,273.7799987792969,269.2699890136719,271.95001220703125,271.95001220703125,7185600,271.95001220703125,0.002691582416645133,0.0026879665954263406,0.0026879665954263406,265.3475997924805,,269.21409815034383,264.2390586857547,2.760009765625,5.6300048828125,58.25081592833281,100.0,84.28322349141295,1.5401435975952207,3.4184790053360476,0.15024427815949568,1.4168373852554055,1.5123627712542103,269.8365005493164,276.6734585599885,262.9995425386443,0.654565206808042
JNJ,2026-09-29 04:00:00,269.1099853515625,271.8900146484375,265.5899963378906,267.57000732421875,267.57000732421875,5620500,267.57000732421875,-0.016105919052057494,-0.016237029036692094,-0.016237029036692094,265.7225997924805,,269.05751807166524,264.3696841225572,-1.600006103515625,0.3699951171875,48.673573236618466,31.240388438818968,77.08012947960634,1.4782962563540918,3.3334896276203363,0.15902476704260438,1.1257395424442507,1.4350381254922184,269.92250061035156,276.58947986559224,263.2555213551109,0.3235712759805274
JNJ,2026-09-30 04:00:00,267.9100036621094,268.4800109863281,264.510009765625,264.739990234375,264.739990234375,6341000,264.739990234375,-0.010576735106242907,-0.010633066321301874,-0.010633066321301874,266.00519958496096,,268.64632494430424,264.3842059308638,-5.94000244140625,-2.540008544921875,43.67681240987949,0.0,43.746796146273006,2.0449475711211833,3.5116544974775548,0.1455542836951925,0.6590861422776584,1.2798477288493064,269.6,276.62330899495515,262.5766910050449,0.15400854717370496
JNJ,2026-10-01 04:00:00,263.67999267578125,263.9800109863281,258.3299865722656,258.6600036621094,258.6600036621094,8289000,258.6600036621094,-0.02296587896253599,-0.023233703252914937,-0.023233703252914937,266.06579956054685,,267.69524672695235,264.1597274105205,-12.55999755859375,-11.55999755859375,35.2939265157615,0.0,10.413462812939665,3.9357406224268012,4.031579550923583,0.1526670537112407,-0.19904962307379037,0.9840682584646872,268.7725006103516,276.8356597121988,260.7093415085044,-0.12708033045791792
JNJ,2026-10-02 04:00:00,259.3800048828125,259.3800048828125,255.1199951171875,256.0299987792969,256.0299987792969,10940400,256.0299987792969,-0.010167806562966342,-0.010219851799271432,-0.010219851799271432,266.00099975585937,,266.5842707319375,263.8409145230215,-15.920013427734375,-13.959991455078125,32.397314982359845,0.0,0.0,5.442774379936314,4.309324366543073,0.14416553519043845,-1.0789108017008289,0.571472446431584,267.65250091552736,276.2711496486135,259.0338521824412,-0.17426475403347255
JPM,2026-05-12 04:00:00,300.0199890136719,306.05999755859375,295.54998779296875,304.8800048828125,303.5126953125,9498200,304.8800048828125,,,,,,304.8800048828125,304.8800048828125,,,,,,,,,0.0,0.0,,,,
JPM,2026-05-13 04:00:00,302.2699890136719,303.0,300.07000732421875,300.25,298.9034729003906,7709500,300.25,-0.015186318579967661,-0.015302811621034182,-0.015302811621034182,,,304.43905203683033,304.69843606387866,,,,,,,,,-0.36934511885687016,-0.07386902377137404,,,,
JPM,2026-05-14 04:00:00,302.25,303.75,298.80999755859375,299.9100036621094,298.56500244140625,7364300,299.9100036621094,-0.0011323774784034457,-0.0011330191021995365,-0.0011330191021995365,,,304.0077140963807,304.5106544010642,,,,,,,,,-0.6816312290310407,-0.19542146482330738,,,,
JPM,2026-05-15 04:00:00,300.2099914550781,300.7900085449219,296.45001220703125,297.80999755859375,296.4743957519531,8699300,297.80999755859375,-0.0070021208958457315,-0.007026750786018527,-0.007026750786018527,,,303.41745537849624,304.24788354449674,,,,,,,,,-1.0860538110259768,-0.3735479340638413,,,,
JPM,2026-05-18 04:00:00,298.0,301.260009765625,297.2200012207031,300.7300109863281,299.3813171386719,7546300,300.7300109863281,0.009804954338914929,0.00975719768823317,0.00975719768823317,,,303.16150829352785,304.1099277579019,-4.149993896484375,,,,,,,,-1.157596884609859,-0.5303577241730448,,,,
JPM,2026-05-19 04:00:00,301.0899963378906,301.7900085449219,295.260009765625,295.70001220703125,294.3738708496094,8066900,295.70001220703125,-0.016725962143916306,-0.016867420619867207,-0.016867420619867207,,,302.4508896186234,303.78012714806385,-4.54998779296875,,,,,,,,-1.6017106268247971,-0.7446283047033954,,,,
JPM,2026-05-20 04:00:00,296.70001220703125,302.92999267578125,293.6700134277344,301.9800109863281,300.625732421875,9327000,301.9800109863281,0.02123773594875611,0.021015358257061502,0.021015358257061502,,,302.4060440345953,303.70953435740756,2.07000732421875,,,,,,,,-1.4304413128119222,-0.8817909063251008,,,,
JPM,2026-05-21 04:00:00,301.2300109863281,303.9800109863281,300.2099914550781,303.0,301.6411437988281,7874400,303.0,0.0033776706290604697,0.0033719791120669024,0.0033719791120669024,,,302.4626112693958,303.6817094806465,5.19000244140625,,,,,,,,-1.1985879823629375,-0.9451503215326682,,,,
JPM,2026-05-22 04:00:00,304.67999267578125,307.45001220703125,303.8399963378906,306.3800048828125,305.0059814453125,5973900,306.3800048828125,0.011155131626443993,0.011093372012293308,0.011093372012293308,,,302.8356963754355,303.7875249866138,5.649993896484375,,,,,,,,-0.7336473711900453,-0.9028497314641437,,,,
JPM,2026-05-26 04:00:00,308.489990234375,309.92999267578125,305.44000244140625,306.739990234375,305.3643493652344,7725400,306.739990234375,0.0011749635936593172,0.0011742738641546096,0.0011742738641546096,,,303.2075338858107,303.9033079375064,11.03997802734375,,,,,3.5986074446867113,,,-0.33230022759732947,-0.7887398306907809,,,,
JPM,2026-05-27 04:00:00,305.0,305.8999938964844,295.75,299.2799987792969,297.93780517578125,11779200,299.2799987792969,-0.024320244156551207,-0.024620865424725934,-0.024620865424725934,,,302.83348292328554,303.72200169600796,-2.70001220703125,-5.600006103515625,,,,3.4894028142122546,,,-0.6091665960981913,-0.752825183772263,,,,
JPM,2026-05-28 04:00:00,297.57000732421875,301.07000732421875,295.75,296.7300109863281,295.3992614746094,9757700,296.7300109863281,-0.00852040832454437,-0.008556914516570204,-0.008556914516570204,,,302.25219988167055,303.4478059819029,-6.269989013671875,-3.519989013671875,,,,3.7604343517373375,,,-1.0225604512448285,-0.8067722372667762,,,,
JPM,2026-05-29 04:00:00,296.3999938964844,299.8800048828125,295.20001220703125,299.30999755859375,297.9676818847656,13969000,299.30999755859375,0.008694727451698414,0.008657145992222965,0.008657145992222965,,,301.9719901366156,303.2855389849104,-7.07000732421875,-0.600006103515625,,,,3.78140210381259,,,-1.1289805205807397,-0.8712138939295689,,,,
JPM,2026-06-01 04:00:00,297.69000244140625,299.54998779296875,295.2699890136719,296.5799865722656,295.2499084472656,7930000,296.5799865722656,-0.00912101502988949,-0.009162866165074548,-0.009162866165074548,,,301.4584659876299,303.0225761451988,-10.160003662109375,-1.230010986328125,,7.970798157884553,,3.9061844202589935,,,-1.4172708470828184,-0.9804252845602189,,,,
JPM,2026-06-02 04:00:00,296.5,302.07000732421875,295.2699890136719,300.9599914550781,299.6102600097656,8296200,300.9599914550781,0.014768376428344165,0.014660385888832514,0.014660385888832514,,,301.41099222262494,302.9416904710764,1.67999267578125,0.22998046875,27.34026181554563,47.64483439205215,,3.9074304291540782,,,-1.2775860028691568,-1.0398574282220066,,,,
JPM,2026-06-03 04:00:00,299.9200134277344,301.9599914550781,296.55999755859375,300.8500061035156,299.50079345703125,7003900,300.8500061035156,-0.0003654484140258596,-0.000365515206570832,-0.000365515206570832,,,301.35756497318596,302.85966363313287,4.1199951171875,5.149993896484375,27.279295548225875,46.648588282774675,34.08807361090379,3.498137425497213,,,-1.1623606856996958,-1.0643580797175445,,,,
JPM,2026-06-04 04:00:00,305.739990234375,312.9100036621094,304.44000244140625,310.8900146484375,309.4957580566406,10345200,310.8900146484375,0.03337214007390554,0.03282737702805406,0.03282737702805406,,,302.26541732320993,303.17457935922323,11.58001708984375,8.910003662109375,40.35450124481337,100.0,64.76447422494228,4.664528364166061,,,-0.25792580187572867,-0.9030716241491814,,,,
JPM,2026-06-05 04:00:00,314.2900085449219,315.0,309.6000061035156,312.3699951171875,310.9691162109375,9118800,312.3699951171875,0.004760463183173025,0.004749168010963519,0.004749168010963519,,,303.2277580654935,303.53518389875126,15.790008544921875,9.3699951171875,42.00970830764989,100.0,82.21619609425822,5.698228380016191,,,0.5716774727227971,-0.6081218047747857,,,,
JPM,2026-06-08 04:00:00,313.25,316.29998779296875,310.7799987792969,311.1099853515625,309.7147521972656,6827000,311.1099853515625,-0.00403370933611058,-0.004041866685254569,-0.004041866685254569,,,303.9784463784525,303.83223493611644,10.149993896484375,4.72998046875,40.967354431008644,92.4414453667056,97.48048178890186,6.18468791743455,,,1.114623105731937,-0.26357282267344123,,,,
JPM,2026-06-09 04:00:00,313.510009765625,316.4200134277344,309.010009765625,312.70001220703125,311.2976379394531,11594600,312.70001220703125,0.005110819100428321,0.005097803193616544,0.005097803193616544,,,304.80907169546,304.1799909075249,11.850006103515625,5.96002197265625,42.8929731622345,100.0,97.48048178890186,6.790993806026196,5.424050079515097,,1.654145352477542,0.11997081235675541,302.9080017089844,313.7561018680146,292.0599015499542,0.9513237504493255
JPM,2026-06-10 04:00:00,312.55999755859375,314.75,309.0299987792969,309.1400146484375,307.75360107421875,7446200,309.1400146484375,-0.011384705531244932,-0.011450007392661525,-0.011450007392661525,,,305.2215424528864,304.37450164246263,-1.75,9.860015869140625,39.76536089859465,77.91568301903938,90.11904279524833,6.73250456584212,5.586769477201555,0.21727510227675895,1.7740088989291394,0.4507784296712322,303.1210021972656,314.29454115166874,291.9474632428625,0.7693422592311269
JPM,2026-06-11 04:00:00,309.55999755859375,314.7200012207031,308.8800048828125,313.489990234375,312.0840759277344,9116600,313.489990234375,0.014071214918212505,0.0139731343776286,0.0139731343776286,,,306.00901367017104,304.73197178332197,1.1199951171875,16.759979248046875,45.03891999899702,100.0,92.63856100634648,6.509751305802285,5.997965720331315,0.21350642490009017,2.194709058714693,0.7995645554799244,303.7830017089844,315.778933149647,291.78707026832177,0.9045950317991494
JPM,2026-06-12 04:00:00,315.9700012207031,321.29998779296875,315.54998779296875,320.7200012207031,319.28167724609375,7426200,320.7200012207031,0.023062972380466507,0.022801041654107103,0.022801041654107103,,,307.41006010355505,305.35895332988594,9.610015869140625,21.410003662109375,52.48496089264897,100.0,92.63856100634648,7.270858552974175,7.010313085329684,0.22519683132993804,3.0760595297214195,1.2548635503282235,304.82350158691406,318.8441277575734,290.8028754162547,1.0668969217314745
JPM,2026-06-15 04:00:00,323.9200134277344,325.9200134277344,318.8399963378906,319.3999938964844,317.96759033203125,7988900,319.3999938964844,-0.004115762407067347,-0.004124255468789436,-0.004124255468789436,,,308.5519585600245,305.9095823717133,6.699981689453125,22.82000732421875,51.12317129524789,94.5318702434831,98.17729008116105,6.5238664050294,7.5174316503455865,0.2236526280454488,3.6262217414873135,1.7291351885600417,305.9030014038086,320.9378647044998,290.8681381031174,0.9488565084610799
JPM,2026-06-16 04:00:00,324.29998779296875,331.75,324.0199890136719,331.1400146484375,329.6549377441406,11094900,331.1400146484375,0.03675648395834963,0.036097074244256205,0.036097074244256205,,,310.7032019970162,306.8990110884476,22.0,30.180023193359375,60.85202447683157,100.0,98.17729008116105,8.075641132197346,9.28392040955613,0.2512658846855902,4.952461919049597,2.3738005346579527,307.4235015869141,325.9913424060263,288.85566076780185,1.138644883176496
JPM,2026-06-17 04:00:00,332.17999267578125,337.7699890136719,331.5,333.4599914550781,331.9645080566406,12246400,333.4599914550781,0.007006029788044987,0.006981601591432449,0.006981601591432449,,,312.8705152787364,307.9406181616488,19.970001220703125,32.6099853515625,62.44294899794664,100.0,98.17729008116105,8.65747354053518,10.530157656196241,0.23787253764539648,6.120170043663165,3.1230744364589955,309.3115005493164,330.3718158617089,288.2511852369239,1.0733174111489214
JPM,2026-06-18 04:00:00,336.95001220703125,338.0899963378906,324.1600036621094,325.2200012207031,323.761474609375,20111000,325.2200012207031,-0.02471058131567505,-0.025021012356239235,-0.025021012356239235,,,314.0466567970189,308.61824102670977,4.5,14.329986572265625,54.04248432024417,77.65729624885394,92.55243208295131,8.638418926116536,10.95234889999504,0.2548755976285931,6.307974395605015,3.7600544282882,310.47350006103517,332.3781978610252,288.5688022610451,0.8366059028596744
JPM,2026-06-22 04:00:00,329.70001220703125,332.7699890136719,326.75,331.4800109863281,329.993408203125,10182500,331.4800109863281,0.019248538657303582,0.019065628973056966,0.019065628973056966,,,315.70697624361975,309.5147810251262,12.08001708984375,19.110015869140625,58.59929171983944,93.92830003631042,90.52853209505479,9.138760411176373,11.751796567961573,0.26062490872501903,6.88260280768219,4.384564104166998,311.8975006103516,335.40109374627474,288.39390747442843,0.916585461268184
JPM,2026-06-23 04:00:00,329.4700012207031,335.3699951171875,327.2099914550781,334.1400146484375,332.6414794921875,7582200,334.1400146484375,0.008024627651587402,0.007992601544750802,0.007992601544750802,,,317.46250371074524,310.4804764613345,3.0,23.030029296875,60.39622764546455,100.0,90.52853209505479,9.329276656460623,12.66936938870566,0.2598143400622612,7.466570057339027,5.000965294801404,313.28550109863284,338.62423987604416,287.9467623212215,0.9115144351303665
JPM,2026-06-24 04:00:00,333.07000732421875,334.5299987792969,329.7699890136719,333.45001220703125,331.95458984375,7907400,333.45001220703125,-0.002065009909490323,-0.0020671449822574485,-0.0020671449822574485,,,318.9851235675344,311.38124256900886,-0.009979248046875,20.75,59.67270254221576,97.239990234375,97.05609675689514,9.065696612002554,13.33345224281982,0.2605912339582377,7.783962208526816,5.557564677546487,314.6210021972656,341.28790668290526,287.954097711626,0.8530407891906842
JPM,2026-06-25 04:00:00,334.9599914550781,343.45001220703125,334.760009765625,335.1199951171875,333.6170654296875,10043100,335.1199951171875,0.005008195678575689,0.004995696381843436,0.004995696381843436,,,320.5217780008347,312.31217404148646,9.899993896484375,25.97998046875,60.89375954759731,100.0,99.07999674479167,7.561152576574486,13.569460842381265,0.23735522006187834,8.077143160740206,6.061480374185231,316.41300201416016,343.5519236989227,289.27408032939763,0.8446524758854109
JPM,2026-06-26 04:00:00,336.0,336.3999938964844,327.5,329.04998779296875,327.57427978515625,17640900,329.04998779296875,-0.018112936896218734,-0.018278984264111887,-0.018278984264111887,,,321.3339884572284,312.9685588944858,-2.430023193359375,15.55999755859375,54.44127490506453,76.63582799255737,91.29193940897746,5.659765132574707,13.015212379201035,0.2473735492365863,7.7305790129840375,6.395300101944993,318.0290008544922,344.0594256128943,291.9985760960901,0.7116943353934166
JPM,2026-06-29 04:00:00,328.2799987792969,332.3900146484375,327.20001220703125,329.3900146484375,327.91278076171875,7981800,329.3900146484375,0.0010333592708797745,0.001032825722721407,0.001032825722721407,,,322.10122904686733,313.6125375515035,-4.75,8.670013427734375,54.730653963813204,77.94463134549966,84.86015311268568,4.794199293624668,12.464582436197578,0.2474282208094049,7.398081278705547,6.5958563372971035,319.5330017089844,344.46216658137956,294.6038368365892,0.6977004241800351
JPM,2026-06-30 04:00:00,328.8900146484375,330.44000244140625,326.67999267578125,327.3299865722656,325.86199951171875,8080100,327.3299865722656,-0.006254069597011247,-0.0062737082139417205,-0.0062737082139417205,,,322.5992059540481,314.1504767287883,-6.120025634765625,7.92999267578125,52.55276510779764,70.01534102655665,74.86526678820456,3.2042563768595227,11.32910651690993,0.24547242784420165,6.888936013251964,6.654472272488076,321.07050170898435,343.7287147428042,298.4122886751645,0.6381283875727162
JPM,2026-07-01 04:00:00,328.3699951171875,335.6400146484375,325.010009765625,334.07000732421875,332.5718078613281,15210200,334.07000732421875,0.02059090528959251,0.020381778467124724,0.020381778467124724,,,323.69166322739767,314.9316347913542,-1.04998779296875,2.92999267578125,58.387270625869135,95.14568859943677,81.03522032383103,3.3513030306398193,10.633525189066265,0.24929004799304072,6.949192107274541,6.71341623944537,322.7260025024414,343.99305288057394,301.4589521243089,0.7667037652161113
JPM,2026-07-02 04:00:00,338.0199890136719,340.0,331.7699890136719,334.4700012207031,332.9700012207031,8413900,334.4700012207031,0.001197335551575529,0.0011966193170223833,0.0011966193170223833,,,324.71817160771246,315.697845239564,5.420013427734375,1.010009765625,58.71175692489605,95.8651790966254,87.00873624087295,3.438685098132247,9.600472534555557,0.24888728383010442,6.949116570319234,6.760556305620143,324.4070022583008,343.6079473274119,305.20605718918966,0.7620443662065062
JPM,2026-07-06 04:00:00,335.0,339.7200012207031,334.1099853515625,337.7200012207031,337.7200012207031,8673500,337.7200012207031,0.009716865453220258,0.009669960318587318,0.009669960318587318,,,325.95644109466394,316.5614591996087,8.329986572265625,12.5,61.348973941683724,100.0,97.00362256535406,3.218798050496703,9.486131048737704,0.2275748288387992,7.129124436575694,6.834269931811253,325.7485015869141,344.72076368438945,306.7762394894387,0.8155000593045277
JPM,2026-07-07 04:00:00,340.9800109863281,341.3999938964844,337.0899963378906,339.2200012207031,339.2200012207031,7115800,339.2200012207031,0.004441549196311012,0.004431714626410532,0.004431714626410532,,,327.2196372971439,317.4500294749457,11.8900146484375,7.739990234375,62.538296271156334,100.0,98.6217263655418,3.793043855333803,9.392599799386867,0.22756632769551374,7.308570776958106,6.929130100840624,327.0910018920898,345.87620149086354,308.3058022933161,0.822833922121463
JPM,2026-07-08 04:00:00,336.5299987792969,336.5299987792969,330.1300048828125,330.6199951171875,330.6199951171875,18505200,330.6199951171875,-0.025352296658711193,-0.025679203186040205,-0.025679203186040205,,,327.5434808990528,317.966498715818,-3.45001220703125,-3.52001953125,52.553632034713786,38.571384974888396,79.52379499162946,3.878691678438246,8.627454855221563,0.24974335167079995,6.679833710288278,6.879270822730155,328.0665023803711,345.32141209081425,310.81159266992796,0.5739932222094142
JPM,2026-07-09 04:00:00,331.4599914550781,337.0,330.80999755859375,335.4700012207031,335.4700012207031,15570600,335.4700012207031,0.01466942766663748,0.014562872418268957,0.014562872418268957,,,328.2983875963528,318.65291057875464,1.0,2.019989013671875,56.74760642919521,73.21428571428571,70.59522356305804,3.9540533589696465,7.970292615463549,0.2530156388955281,6.498005057077648,6.8030176695996545,329.2050018310547,345.1455870619818,313.26441660012756,0.6965109592555422
JPM,2026-07-10 04:00:00,337.4700012207031,338.5899963378906,335.7699890136719,336.4700012207031,336.4700012207031,6299000,336.4700012207031,0.002980892468361418,0.002976458417840585,0.002976458417840585,,,329.07663651295763,319.3516200156938,-1.25,1.350006103515625,57.58020143611282,76.87134893175775,62.88567320697729,4.047096607051257,6.568729030061682,0.246804909976355,6.36126745063541,6.714667625806806,330.57150115966795,343.7089592197913,317.43404309954457,0.7244916799749533
JPM,2026-07-13 04:00:00,338.3399963378906,338.3500061035156,332.5,334.5299987792969,334.5299987792969,7120300,334.5299987792969,-0.005765751580729228,-0.005782437695950464,-0.005782437695950464,,,329.5960043478471,319.94685055544295,-4.69000244140625,5.480010986328125,55.35402381802219,60.55511637218566,70.21358367274304,3.756038110879102,5.239392342590421,0.24642932689424596,6.0268857414230865,6.577111248930063,331.6235015869141,342.10228627209494,321.1447169017332,0.638684841787673
JPM,2026-07-14 04:00:00,327.0,344.7300109863281,325.75,342.8900146484375,342.8900146484375,14537900,342.8900146484375,0.02499033240560311,0.024683180746480203,0.024683180746480203,,,330.86210056695097,320.8465824806584,12.27001953125,13.5,62.14589079789034,100.0,79.14215510131446,4.326183499600195,5.155711864843748,0.2484919707967349,6.363119164035197,6.53431283195109,332.7320022583008,343.04342598798826,322.4205785286133,0.9925610980805166
JPM,2026-07-15 04:00:00,345.8500061035156,351.239990234375,344.04998779296875,346.9100036621094,346.9100036621094,10750000,346.9100036621094,0.011723843920603993,0.011655652124962753,0.011655652124962753,,,332.3904722902994,321.8686774289506,11.44000244140625,19.58001708984375,64.91022106095753,100.0,86.85170545739521,4.739883547301633,5.080816225424127,0.2485165103706613,6.874718614020992,6.602393988365071,334.10750274658204,344.2691351974303,323.9458702957338,1.1299431207265649
JPM,2026-07-16 04:00:00,349.2799987792969,349.3399963378906,341.1099853515625,343.1499938964844,343.1499938964844,12432400,343.1499938964844,-0.010838574056478478,-0.010897739299897794,-0.010897739299897794,,,333.4151886337456,322.70323885905,6.67999267578125,9.079986572265625,60.46274567917908,80.79669824407183,93.5988994146906,4.931615201053106,5.410651567537537,0.22302220062571235,6.897256223287343,6.661366435349525,334.7080017089844,345.5293048440595,323.8866985739093,0.8900635663803259
JPM,2026-07-17 04:00:00,339.0299987792969,346.1300048828125,335.04998779296875,341.1000061035156,341.1000061035156,9250900,341.1000061035156,-0.00597402835328964,-0.005991944249690522,-0.005991944249690522,,,334.1470760118189,323.4246807117741,6.57000732421875,6.6300048828125,58.12441439290877,70.32690251528216,83.70786691978465,4.827216690624113,5.584798713401756,0.22376330547919884,6.6727808940906925,6.663649327097759,335.0900024414062,346.25959986820976,323.9204050146027,0.769034031955676
JPM,2026-07-20 04:00:00,341.79998779296875,344.260009765625,337.3699951171875,338.8699951171875,338.8699951171875,7723300,338.8699951171875,-0.006537704328423155,-0.006559168720411391,-0.006559168720411391,,,334.5968778313778,324.03037931590796,-4.02001953125,1.149993896484375,55.60515080678634,58.93768372095923,70.0204281601044,4.8120916949807695,5.130737407648535,0.2038541315689931,6.242974208271221,6.579514303332452,335.77250213623046,346.0339769515275,325.5110273209334,0.6509282552805923
JPM,2026-07-21 04:00:00,340.1199951171875,345.739990234375,337.29998779296875,345.2300109863281,345.2300109863281,6015300,345.2300109863281,0.018768306314465022,0.018594354799919808,0.018594354799919808,,,335.6095571794683,324.86173742063033,-1.67999267578125,6.010009765625,60.82077975669151,89.68697486469424,72.98385370031187,5.211996644929587,5.437350017078844,0.2033387858947286,6.342437766398007,6.532098995945564,336.46000213623046,347.33470217038814,325.5853021020728,0.903229920023121
JPM,2026-07-22 04:00:00,345.07000732421875,349.07000732421875,344.25,348.2099914550781,348.2099914550781,8040200,348.2099914550781,0.008631869692429461,0.008594828111342118,0.008594828111342118,,,336.8095985390502,325.7773552259028,5.05999755859375,17.589996337890625,63.013376146024285,100.0,82.87488619521781,4.827104673073948,6.002247051330306,0.20358400870925433,6.58580580213669,6.542840357183789,337.1635009765625,349.1679950792231,325.1590068739019,0.9600981259204985
JPM,2026-07-23 04:00:00,346.5799865722656,349.9200134277344,345.4200134277344,349.8999938964844,349.8999938964844,10913000,349.8999938964844,0.004853400197806446,0.0048416604209664225,0.0048416604209664225,321.3904016113281,,338.05630285880585,326.7233410561217,8.79998779296875,14.42999267578125,64.23576789218939,100.0,96.56232495489807,5.048075172706796,6.567105353748766,0.20320208379480617,6.836241856207778,6.601520656988588,337.98600006103516,351.1202107685327,324.85178935353764,0.9535481461648948
JPM,2026-07-24 04:00:00,350.6400146484375,353.3699951171875,347.5,353.2099914550781,353.2099914550781,7520800,353.2099914550781,0.009459838857765135,0.009415374777564975,0.009415374777564975,322.35700134277346,,339.4995112965461,327.7620332286298,14.339996337890625,16.739990234375,66.56640080283645,100.0,100.0,5.498498407618993,7.350632314619944,0.20454979394079484,7.218591939072041,6.724934913405279,338.8904998779297,353.5917645071696,324.1892352486898,0.9870156390718875
JPM,2026-07-27 04:00:00,357.8900146484375,359.04998779296875,352.5799865722656,356.20001220703125,356.20001220703125,7884900,356.20001220703125,0.008465277948779049,0.00842964841811415,0.00842964841811415,323.47600158691404,,341.09003519278275,328.87724809052787,10.970001220703125,21.670013427734375,68.5595721263983,100.0,100.0,5.446362480703155,7.9224247376897265,0.18977915608060755,7.674410987750321,6.9148301282742874,340.2480010986328,356.0928505740123,324.40315162325334,1.0033815920178186
JPM,2026-07-28 04:00:00,357.29998779296875,359.29998779296875,354.1499938964844,357.30999755859375,357.30999755859375,6533800,357.30999755859375,0.003116185607869415,0.0031113403646732428,0.0031113403646732428,324.62400146484373,,342.63479351333615,329.99225787358927,9.100006103515625,14.41998291015625,69.2914663274032,100.0,100.0,6.218823792601119,8.356437927618638,0.18949655431533713,8.032622338973283,7.138388570414087,341.6440002441406,358.35687609937787,324.93112438890336,0.968680478756262
JPM,2026-07-29 04:00:00,356.5,357.3699951171875,343.7799987792969,344.7099914550781,344.7099914550781,8265300,344.7099914550781,-0.035263514006347974,-0.03590028644313343,-0.03590028644313343,325.56200134277344,,342.8324314125497,330.5694238963928,-5.19000244140625,-2.20001220703125,53.941124645331996,44.68829333315471,81.5627644443849,6.300401942355381,7.664604662944259,0.2347250002431084,7.216603710289519,7.154031598389174,342.51300048828125,357.8422098141698,327.1837911623927,0.571660283322197
JPM,2026-07-30 04:00:00,347.5400085449219,352.2799987792969,345.3699951171875,350.8500061035156,350.8500061035156,7606500,350.8500061035156,0.017812116853705096,0.017655340047404072,0.017655340047404072,326.5644012451172,,343.59600995454645,331.3647408456917,-2.3599853515625,7.70001220703125,58.73813329818726,71.64182703578916,72.11004012298129,6.138910219014649,7.609966592546113,0.23216913582513155,6.984834116064576,7.120192101924254,343.3520004272461,358.5719336123383,328.1320672421539,0.7463218985617419
JPM,2026-07-31 04:00:00,353.29998779296875,354.4700012207031,349.70001220703125,351.7900085449219,351.7900085449219,6603400,351.7900085449219,0.002679214550530551,0.0026756318530101815,0.0026756318530101815,327.686201171875,,344.37639077267744,332.1657317358576,-4.410003662109375,10.69000244140625,59.43468961259786,70.0651394639896,62.131753277644485,5.603086321875978,7.531097556332917,0.23212255414553096,6.798634952199222,7.055880671979248,344.218000793457,359.28019590612286,329.15580568079116,0.7513580422649532
JPM,2026-08-03 04:00:00,353.75,355.6199951171875,350.8399963378906,352.6400146484375,352.6400146484375,6436600,352.6400146484375,0.002416231509903888,0.0024133171161717596,0.0024133171161717596,328.6994012451172,,345.1634025703689,332.9686447912529,-4.66998291015625,13.77001953125,60.09077208249463,74.67471642156619,72.12722764044831,4.175689028040224,7.592264611011904,0.23058384877201543,6.643081849711109,6.973320907525621,344.96400146484376,360.14853068686756,329.77947224281996,0.7527576940765595
JPM,2026-08-04 04:00:00,355.0,363.0,353.8699951171875,357.5199890136719,357.5199890136719,8477200,357.5199890136719,0.013838402230386349,0.013743525832079776,0.013743525832079776,329.7898010253906,,346.3402203268739,333.9314426038968,12.80999755859375,12.28997802734375,63.71876075927731,100.0,81.57995196185192,4.0949507183549425,7.9575252811720265,0.23414142964886564,6.834790828752375,6.945614891770973,345.8790008544922,361.7940514168362,329.9639502921481,0.8657226256862471
JPM,2026-08-05 04:00:00,358.9700012207031,362.1700134277344,358.20001220703125,359.239990234375,359.239990234375,5269500,359.239990234375,0.004810923231028941,0.004799387722696735,0.004799387722696735,330.84700073242186,,347.56876984187403,334.92393466783716,8.389984130859375,11.029998779296875,64.92890683770909,100.0,91.55823880718872,4.367083537834773,7.6359452539399495,0.20890591089805413,7.044308891718288,6.965353691760436,347.31000061035155,362.58189111823145,332.03811010247165,0.8905865360240725
JPM,2026-08-06 04:00:00,362.80999755859375,362.80999755859375,354.95001220703125,356.29998779296875,356.29998779296875,5820100,356.29998779296875,-0.008183950900032433,-0.008217623267376415,-0.008217623267376415,331.83820068359375,,348.40031440864493,335.7622112609796,4.509979248046875,6.399993896484375,61.17296518816883,85.56699486429638,95.18899828809879,4.27542158292959,7.351281325724238,0.20949648815644595,6.89365408655982,6.951013770720313,348.3514999389648,363.0540625904133,333.64893728751633,0.7703096066460512
JPM,2026-08-07 04:00:00,355.760009765625,358.8500061035156,353.3299865722656,357.5199890136719,357.5199890136719,4566200,357.5199890136719,0.00342408437412578,0.003418235544679512,0.003418235544679512,333.00300048828126,,349.2688548472189,336.6154574473597,4.879974365234375,4.30999755859375,62.15139105481018,88.16241317821805,91.24313601417145,4.40479458499161,7.061837714771644,0.20950136242761255,6.794381569223276,6.919687330420906,349.4039993286133,363.5276747581566,335.28032389906997,0.7873186135416956
JPM,2026-08-10 04:00:00,357.9599914550781,359.989990234375,356.5,359.7900085449219,359.7900085449219,5327500,359.7900085449219,0.006349349969249296,0.00632927776556017,0.00632927776556017,334.26420043945313,,350.2708694850954,337.5242633727543,2.27001953125,3.589996337890625,63.970688364342195,100.0,91.24313601417145,4.703259490581513,6.49798096868257,0.20713905067946017,6.82025928526474,6.899801721389673,350.66699981689453,363.6629617542597,337.67103787952937,0.8509939768982182
JPM,2026-08-11 04:00:00,360.04998779296875,363.1199951171875,358.6000061035156,362.0400085449219,362.0400085449219,4576500,362.0400085449219,0.006253647812788143,0.0062341748996310705,0.0062341748996310705,335.5188006591797,,351.39173987174553,338.4856651442119,2.800018310546875,4.730010986328125,65.72908583993619,100.0,96.05413772607267,5.1991279290874495,6.699485811469213,0.19208552628161152,6.942297276063414,6.9083008323244215,351.62449951171874,365.02347113465714,338.22552788878033,0.8886682249319895
JPM,2026-08-12 04:00:00,362.9700012207031,366.0899963378906,361.2999877929687,365.1799926757813,365.1799926757813,4366800,365.1799926757813,0.008673030761101153,0.00863563609100662,0.00863563609100662,336.89080078125,,352.7049068054632,339.532501517999,8.880004882812557,20.470001220703182,68.07102536966161,100.0,100.0,4.586195293557833,7.246103822419778,0.190514338375975,7.209279652215685,6.968496596302675,352.53799896240236,367.0302066072419,338.0457913175628,0.9361652145482672
JPM,2026-08-13 04:00:00,366.5,366.5,361.5199890136719,363.1099853515625,363.1099853515625,5102700,363.1099853515625,-0.005668457653036363,-0.005684584330251147,-0.005684584330251147,338.1338006591797,,353.6958666669965,340.45710872715836,5.589996337890625,12.259979248046875,64.92134413394601,89.88760527222041,96.6292017574068,4.304264762010876,7.259572938182304,0.18648395337300067,7.1711680560757145,7.009030888257283,353.53599853515624,368.05514441152087,339.0168526587916,0.8297021359910546
JPM,2026-08-14 04:00:00,363.0,365.8999938964844,361.4500122070313,362.8399963378906,362.8399963378906,5058600,362.8399963378906,-0.0007435461005306232,-0.0007438226680347212,-0.0007438226680347212,339.3736004638672,,354.5667361594626,341.33486902561845,3.04998779296875,11.04998779296875,64.50212871125024,88.56865560162238,92.81875362461426,3.7720370727936468,6.919102825301901,0.1841075835889753,7.038048245404468,7.014834359686721,354.622998046875,368.4612036974788,340.7847923962712,0.7968953670180886
JPM,2026-08-17 04:00:00,361.94000244140625,365.75,360.9599914550781,360.9599914550781,360.9599914550781,5282600,360.9599914550781,-0.005181360659759715,-0.005194830456966727,-0.005194830456966727,340.375,,355.1756176161879,342.10448166991097,-1.08001708984375,8.319976806640625,61.52302908572168,79.38446033684107,85.94690707022795,2.8721052318992606,5.9701348017813665,0.18322082116808333,6.703574519948802,6.952582391739138,355.72749786376954,367.6677674673323,343.7872282602068,0.7191111995388827
JPM,2026-08-18 04:00:00,362.3399963378906,363.5700073242187,359.2699890136719,363.25,363.25,5525100,363.25,0.006344217085363146,0.006324177253519808,0.006324177253519808,341.39260009765627,,355.94460641464616,342.9337176828557,-1.9299926757813068,5.730010986328125,63.721034142590824,86.53179006101358,84.82830199982567,2.7931006097169218,5.6538877584705265,0.17447771373588697,6.547807188546244,6.8716273511005594,356.6284973144531,367.93627283139415,345.3207217975121,0.7927853792121498
JPM,2026-08-19 04:00:00,363.010009765625,363.0499877929687,355.6499938964844,357.260009765625,357.260009765625,6696200,357.260009765625,-0.016489993762904387,-0.016627467094870084,-0.016627467094870084,342.3156005859375,,356.0698829242632,343.49553305865055,-5.8499755859375,-1.97998046875,54.88854301395164,40.85143915963726,68.92256318583064,2.996324020805257,5.2954544282057165,0.18549884285309276,5.873314392385623,6.671964759357572,357.0809982299805,367.6719070863919,346.49008937356905,0.5084511885651887
JPM,2026-08-20 04:00:00,357.6000061035156,357.95001220703125,351.54998779296875,351.54998779296875,351.54998779296875,6799700,351.54998779296875,-0.015982818721866576,-0.0161119214338094,-0.0161119214338094,343.09260009765626,,355.63941672128277,343.8113940286238,-11.290008544921875,-4.75,48.05101237974293,0.0,42.4610764068836,4.0013255541686075,5.189483513731798,0.19484314610046638,4.8224329344138255,6.3020583943688235,357.1634979248047,367.5424649522683,346.7845308973411,0.22957279289055804
JPM,2026-08-21 04:00:00,354.07000732421875,356.8599853515625,350.3699951171875,351.5799865722656,351.5799865722656,8112100,351.5799865722656,8.533289813272837e-05,8.532925748808621e-05,8.532925748808621e-05,343.9413995361328,,355.2528043261383,344.11604471660974,-9.3800048828125,-5.94000244140625,48.08760042209095,0.22009367975138056,13.69051094646287,4.82437364844844,5.267060417890416,0.19180372164215664,3.946529325127244,5.830952580520508,357.0819976806641,367.6161185164449,346.54787684488326,0.2388481110967516
JPM,2026-08-24 04:00:00,353.29998779296875,358.2799987792969,352.82000732421875,356.3900146484375,356.3900146484375,4394400,356.3900146484375,0.01368117714283823,0.013588434764686118,0.013588434764686118,344.79940002441407,,355.3611100711192,344.59737687079905,-6.8599853515625,-3.399993896484375,53.71642476181282,35.51008893307167,11.910060870941008,4.940129467969589,5.265557003391072,0.1957273215366448,3.5990113088266753,5.384564326181742,357.09149780273435,367.6226118095165,346.5603837959522,0.4666947317327925
JPM,2026-08-25 04:00:00,357.0,357.3699951171875,353.07000732421875,356.69000244140625,356.69000244140625,4298000,356.69000244140625,0.0008417401740750119,0.0008413861094876803,0.0008413861094876803,345.5188000488281,,355.48767124924177,345.0715974814111,-0.57000732421875,-5.350006103515625,54.051053170553054,37.711025730585476,24.480402781136167,4.914007970669096,5.266027951071427,0.19541844607165182,3.309655634995238,4.9695825879444415,357.060498046875,367.5925539490179,346.52844214473214,0.48241105018283376
JPM,2026-08-26 04:00:00,356.5,358.3500061035156,354.6000061035156,356.5,356.5,5796500,356.5,-0.0005326822734188497,-0.0005328241990241309,-0.0005328241990241309,346.26080017089845,,355.58408351121875,345.51977012919895,4.95001220703125,-8.679992675781307,53.78581018617179,36.3170244588336,36.51271304083024,4.419462470968991,4.3992755812742015,0.14265384758060332,3.0300787084909757,4.581681812053748,357.6499984741211,366.4485496366695,348.8514473115727,0.43464841808182303
JPM,2026-08-27 04:00:00,354.67999267578125,357.57000732421875,352.2300109863281,354.2200012207031,354.2200012207031,5209900,354.2200012207031,-0.0063955084973263965,-0.006416047379692194,-0.006416047379692194,346.72239990234374,,355.45417091212204,345.8609556621991,2.6400146484375,-8.889984130859375,50.57832746415793,19.589233097790473,31.205761095736506,4.16718916048272,4.184407325973688,0.13210331065069905,2.594625900961205,4.18427062983524,357.8184982299805,366.1873128819279,349.4496835780331,0.28500557373199736
JPM,2026-08-28 04:00:00,355.6700134277344,358.7300109863281,354.2200012207031,357.6199951171875,357.6199951171875,3914500,357.6199951171875,0.009598537306666488,0.009552764018764634,0.009552764018764634,347.2055999755859,,355.66043988403305,346.32209446435553,1.22998046875,-5.220001220703125,54.897725812296024,44.53415370285767,33.480137086493905,3.6687529677438433,3.9381621892964183,0.13582381784451383,2.495115369414293,3.8464395777510507,358.10999755859376,365.9863219371866,350.23367318000095,0.46889396513822823
JPM,2026-08-31 04:00:00,355.8999938964844,357.7699890136719,354.7699890136719,356.0199890136719,356.0199890136719,7962900,356.0199890136719,-0.004474039833794352,-0.004484078302875302,-0.004484078302875302,347.8215997314453,,355.69468265828436,346.70240405452483,-0.670013427734375,-4.94000244140625,52.56928052469666,32.79530168283211,32.30622949449341,3.334066736718324,3.7595458747303567,0.1369538592726772,2.2610811000367903,3.5293678822081986,358.2789962768555,365.7980880263162,350.7599045273948,0.3497819059499021
JPM,2026-09-01 04:00:00,355.7300109863281,359.92999267578125,354.1199951171875,354.95001220703125,354.95001220703125,5079000,354.95001220703125,-0.0030053840785876362,-0.0030099093143061972,-0.0030099093143061972,348.2909997558594,,355.62376166292694,347.0258396683486,-1.54998779296875,-8.29998779296875,51.01111389650327,29.0600074076779,35.46315426445589,2.198175474401246,3.8301114617014713,0.12805132602474115,1.9665993363191205,3.216814173030383,358.15049743652344,365.8107203599264,350.4902745131205,0.2910971220097069
JPM,2026-09-02 04:00:00,357.54998779296875,361.4700012207031,353.7900085449219,356.2200012207031,356.2200012207031,5341400,356.2200012207031,0.003577937653179042,0.0035715520612211596,0.0035715520612211596,348.7325994873047,,355.68054638271514,347.3863950233429,2.0,-1.040008544921875,52.7994105794828,39.91460303714794,33.92330404255264,2.117089729475223,3.844402128404043,0.1274679304002535,1.814778282231316,2.9364069948705698,357.99949798583987,365.688302242648,350.31069372903175,0.38428000598655687
JPM,2026-09-03 04:00:00,358.67999267578125,362.8500061035156,356.3900146484375,362.05999755859375,362.05999755859375,5414200,362.05999755859375,0.016394352697428616,0.016261416267236626,0.016261416267236626,349.30479919433594,,356.28811316137023,347.96183041688215,4.44000244140625,10.510009765625,60.02576787109835,89.82904957405852,52.93455333962811,2.6578209162167314,3.925286198297363,0.1368808138181027,2.1410175826810587,2.7773291124326676,358.2874984741211,366.1380708707158,350.4369260775264,0.7402690462487185
JPM,2026-09-04 04:00:00,361.0,362.8599853515625,355.20001220703125,358.6400146484375,358.6400146484375,4873500,358.6400146484375,-0.009445901047388627,-0.009490796513110751,-0.009490796513110751,349.77519958496094,,356.5121037791862,348.38058273968824,2.620025634765625,7.060028076171875,54.74039112985436,60.598456907659646,63.44736983962202,2.1819424213001115,3.921747979251363,0.14120953290744845,2.0993999639021013,2.6417432827265546,358.3434997558594,366.1869957143621,350.50000379735667,0.5189019599262155
JPM,2026-09-08 04:00:00,357.1000061035156,358.54998779296875,353.2300109863281,353.510009765625,353.510009765625,5631400,353.510009765625,-0.014304050505466459,-0.014407339587185672,-0.014407339587185672,350.26440002441404,,356.22619006360895,348.58173674070537,-1.44000244140625,-2.8800048828125,47.923789656164224,18.649097540012544,56.35886800724356,2.4365033452174405,4.049173766389628,0.14819827913133465,1.633637622766571,2.440122150734558,358.02949981689454,366.1278473496738,349.9311522841153,0.22096220661213667
JPM,2026-09-09 04:00:00,352.0,356.3299865722656,348.69000244140625,354.7099914550781,354.7099914550781,6318200,354.7099914550781,0.003394477260343143,0.0033887290268997767,0.0033887290268997767,350.7707995605469,,356.0817901961298,348.8220604549945,-1.510009765625,-1.980010986328125,49.50768617686346,30.06661014193129,36.438054863201145,2.5115558391953456,3.9984790108085533,0.14672334986997404,1.345832189721989,2.221264158532044,357.66299896240236,365.65995698401946,349.66604094078525,0.315366824526166
JPM,2026-09-10 04:00:00,353.510009765625,354.2200012207031,351.1199951171875,353.55999755859375,353.55999755859375,4184200,353.55999755859375,-0.0032420679546322217,-0.003247334843766004,-0.003247334843766004,351.29539978027344,,355.8416194687454,349.00786191003766,-8.5,-2.94000244140625,48.000930998776234,18.89321479635071,22.536307492764834,2.67139319518811,3.6802965076783116,0.14234641989268101,1.0132690787598335,1.9796651425776022,357.08199920654295,364.4425922218996,349.7214061911863,0.2607528604963533
JPM,2026-09-11 04:00:00,358.32000732421875,360.04998779296875,354.7900085449219,356.2300109863281,356.2300109863281,5354600,356.2300109863281,0.007551797279588657,0.0075234252090646695,0.0075234252090646695,351.7385998535156,,355.87860913708664,349.2910834424412,-2.410003662109375,2.010009765625,51.67812414529378,31.812925194349063,26.92425004421034,2.5841513334684625,3.3979067078026595,0.14503594234916165,0.9541592330245976,1.7745639606670014,356.7380004882813,363.5338139038866,349.94218707267595,0.4626248198054817
JPM,2026-09-14 04:00:00,354.2300109863281,355.2799987792969,347.54998779296875,350.1300048828125,350.1300048828125,9609900,350.1300048828125,-0.017123784957437937,-0.01727209245851643,-0.01727209245851643,352.05179992675784,,355.33112301763197,349.3239823224558,-3.3800048828125,-7.489990234375,44.01924869041724,0.0,16.902046663566576,3.190193106940897,3.38513537269159,0.15615477158292532,0.41036431733306244,1.5017240320002136,356.10250091552734,362.87277166091053,349.33223017014416,0.05891748961534254
JPM,2026-09-15 04:00:00,351.0,354.70001220703125,343.07000732421875,352.489990234375,352.489990234375,14026500,352.489990234375,0.006740311651817432,0.006717697312823323,0.006717697312823323,352.3471997070312,,355.0605389430361,349.4481394954722,-2.220001220703125,-3.529998779296875,47.27491069806197,19.781951386721648,17.19829219369022,3.331113761773848,3.2734310133428846,0.15841147013231724,0.16789859300041599,1.2349589442002542,355.6790008544922,362.22586288117793,349.13213882780644,0.25644739364305963
JPM,2026-09-16 04:00:00,353.3800048828125,355.6000061035156,344.69000244140625,348.9200134277344,348.9200134277344,8303400,348.9200134277344,-0.010127881374069392,-0.0101795173021861,-0.0101795173021861,352.54119995117185,,354.4757269891978,349.4274286692864,-4.639984130859375,-6.029998779296875,43.18361942762098,0.0,6.593983795573869,3.890294985250677,3.0923344834990294,0.15886381960846735,-0.308765279220097,0.926214099516184,354.9625015258789,361.14717049287697,348.77783255888085,0.01149462239710961
JPM,2026-09-17 04:00:00,352.25,353.489990234375,345.2699890136719,349.30999755859375,349.30999755859375,6480100,349.30999755859375,0.0011176892005368977,0.0011170650509892473,0.0011170650509892473,352.915,,353.9837527577117,349.42282352769064,-6.920013427734375,-6.910003662109375,43.75624431464741,2.9679193443125524,7.583290243678053,4.182556988665709,3.286337273932957,0.14941820543268255,-0.6475913421252244,0.6114530111879024,354.5650009155273,361.13767546339324,347.9923263676614,0.10023858486650458
JPM,2026-09-18 04:00:00,347.8900146484375,349.6700134277344,345.010009765625,349.6700134277344,349.6700134277344,18312400,349.6700134277344,0.0010306486263114145,0.001030117872664996,0.001030117872664996,353.1990002441406,,353.572920440571,349.43251724926097,-0.459991455078125,-12.389984130859375,44.314201022401505,5.707769450334556,2.891896264882355,3.2453017328513925,3.4019663360329906,0.13861318884769439,-0.876954184274723,0.3137715720953773,354.47100219726565,361.2749348693316,347.6670695251997,0.1471901618572686
JPM,2026-09-21 04:00:00,353.6700134277344,354.5,350.0799865722656,352.0400085449219,352.0400085449219,6414700,352.0400085449219,0.0067778048622326725,0.0067549388058221384,0.0067549388058221384,353.510400390625,,353.42692883146157,349.5347718098751,-0.449981689453125,-6.600006103515625,47.97321185989871,23.74428375343439,10.806657516027153,2.4901609696093896,3.3828927349043814,0.1408426057795344,-0.8576011973025857,0.07949701821578473,354.49400329589844,361.2597887657072,347.7282178260897,0.3186467216609862
JPM,2026-09-22 04:00:00,352.0,352.1000061035156,337.29998779296875,340.0,340.0,11485600,340.0,-0.034200682458469855,-0.03479921216799164,-0.03479921216799164,353.61980041503904,,352.1481737046557,349.16085918988,-8.920013427734375,-13.510009765625,35.28772954851699,0.0,9.817351067922969,4.482263718429702,4.648060972883793,0.1788305538403282,-1.7931218897563213,-0.2950267633786365,353.67450256347655,362.97062450924415,344.37838061770896,-0.2354950076629737
JPM,2026-09-23 04:00:00,337.6099853515625,341.44000244140625,336.9800109863281,337.5299987792969,337.5299987792969,7068500,337.5299987792969,-0.007264709472656228,-0.007291225975693518,-0.007291225975693518,353.5126000976563,,350.75596656890724,348.704747016916,-11.779998779296875,-17.17999267578125,33.33999920822332,0.0,7.914761251144783,5.858290750013794,5.820478463115594,0.1792327746414798,-2.7026823941592966,-0.7765578895347685,352.7165023803711,364.35745930660227,341.0755454541399,-0.15228759531158714
JPM,2026-09-24 04:00:00,338.1199951171875,339.3699951171875,335.2799987792969,338.55999755859375,338.55999755859375,6934300,338.55999755859375,0.0030515769947025984,0.0030469303842184303,0.0030469303842184303,353.3455999755859,,349.59444571078217,348.3069137048249,-11.110015869140625,-15.0,34.95235512511718,4.8791947181932915,1.6263982393977496,6.448223821320636,6.54410546902059,0.18027035159957697,-3.3023360788141645,-1.2817135273906477,351.81950225830076,364.90771319634194,338.7312913202596,-0.006543818802918017
JPM,2026-09-25 04:00:00,340.7699890136719,343.30999755859375,338.6400146484375,343.05999755859375,343.05999755859375,11460300,343.05999755859375,0.013291587997549037,0.013204029846389565,0.013204029846389565,353.34380004882814,,348.97211731533565,348.10115228732565,-8.980010986328125,-13.170013427734375,41.598641330809876,29.57216668135426,11.483787133182503,5.774040867544669,6.79945916824666,0.1880216192511811,-3.375542400651284,-1.700479302042775,351.2615020751953,364.86042041168866,337.662583738702,0.19845011516127542
JPM,2026-09-28 04:00:00,341.8299865722656,342.0,336.29998779296875,336.5899963378906,336.5899963378906,10483700,336.5899963378906,-0.01885967838496838,-0.01903979028300097,-0.01903979028300097,353.25359985351565,,347.7928676984361,347.64973440695564,-3.410003662109375,-13.540008544921875,35.916432543020804,0.0,11.483787133182503,6.305594688090078,7.366816991126515,0.19285668711644904,-3.910555514845896,-2.1424945446033994,350.21000213623046,364.9436361184835,335.47636815397743,0.037792040485550994
JPM,2026-09-29 04:00:00,337.0,338.75,333.3299865722656,334.9800109863281,334.9800109863281,7254900,334.9800109863281,-0.004783224008672815,-0.004794700234829438,-0.004794700234829438,353.1758001708984,,346.5725956306163,347.1528825081075,-2.54998779296875,-17.509979248046875,34.64813782178251,0.0,9.857388893784739,6.368990873754106,7.970975335470041,0.19289089239918086,-4.413592478344128,-2.596714131351545,349.15800323486326,365.0999539058033,333.2160525639232,0.05532442229984988
JPM,2026-09-30 04:00:00,334.8900146484375,336.3399963378906,330.8299865722656,330.8299865722656,330.8299865722656,9113300,330.8299865722656,-0.01238887180713566,-0.012466253659584621,-0.012466253659584621,352.8877996826172,,345.073299529821,346.51276894199606,-7.730010986328125,-18.09002685546875,31.554939577414245,0.0,0.0,7.053778897712988,8.827208395799103,0.19576673905011396,-5.0884684858722835,-3.095065002255693,347.952001953125,365.60641874472316,330.2975851615268,0.015078419667541787
JPM,2026-10-01 04:00:00,328.75,333.5799865722656,325.8699951171875,333.17999267578125,333.17999267578125,8160000,333.17999267578125,0.007103364866843265,0.0070782548110960505,0.0070782548110960505,352.58719970703123,,343.94060363896006,345.98991497077196,-9.8800048828125,-16.1300048828125,35.08880867813181,10.84951849581898,3.616506165272979,6.848939627198785,9.187471159161923,0.19783600484898406,-5.371764375411658,-3.550404876886886,346.8000015258789,365.17494384420274,328.425059207555,0.1293863508753579
JPM,2026-10-02 04:00:00,334.0,334.8500061035156,330.0,332.3800048828125,332.3800048828125,6658200,332.3800048828125,-0.0024010679229086174,-0.0024039551089729667,-0.0024039551089729667,352.23679992675784,,342.8395942336127,345.4561930065383,-4.209991455078125,-17.290008544921875,34.436981480244626,7.156131341096575,6.001883278971838,6.187101411238671,8.987730308048507,0.1839079322842799,-5.596319846422489,-3.959587870794007,345.31600189208984,363.29146250818684,327.34054127599285,0.14017620228064756
META,2026-05-12 04:00:00,594.8200073242188,603.75,592.5999755859375,603.0,601.9666137695312,11351600,603.0,,,,,,603.0,603.0,,,,,,,,,0.0,0.0,,,,
META,2026-05-13 04:00:00,598.8300170898438,619.9000244140625,596.6599731445312,616.6300048828125,615.5732421875,14634400,616.6300048828125,0.022603656522077076,0.022351979368377264,0.022351979368377264,,,604.298095703125,603.5345099954044,,,,,,,,,1.087293836805543,0.21745876736110858,,,,
META,2026-05-14 04:00:00,616.0,623.72998046875,615.0,618.4299926757812,617.3701171875,10651200,618.4299926757812,0.0029190726671026734,0.0029148204475002823,0.0029148204475002823,,,605.6439906529018,604.1186465711055,,,,,,,,,2.070360184319611,0.5880390507528092,,,,
META,2026-05-15 04:00:00,613.989990234375,621.2000122070312,609.3099975585938,614.22998046875,613.1773681640625,13272600,614.22998046875,-0.006791410922453722,-0.006814577502366525,-0.006814577502366525,,,606.461703968697,604.5151694690524,,,,,,,,,2.4819313040694624,0.9668175014161399,,,,
META,2026-05-18 04:00:00,609.1099853515625,615.5900268554688,603.6900024414062,611.2100219726562,610.1625366210938,13772400,611.2100219726562,-0.004916657591003681,-0.004928784116247305,-0.004928784116247305,,,606.9139247309788,604.7777127044878,8.21002197265625,,,,,,,,2.535194822087419,1.2804929655503958,,,,
META,2026-05-19 04:00:00,608.9199829101562,613.9299926757812,600.5499877929688,602.6099853515625,601.5772705078125,11749900,602.6099853515625,-0.014070509827927014,-0.014170437918204189,-0.014170437918204189,,,606.504025742463,604.6927037886869,-14.02001953125,,,,,,,,1.8619915821329869,1.396792688866914,,,,
META,2026-05-20 04:00:00,600.760009765625,608.0,597.8099975585938,605.0599975585938,604.0230712890625,11329700,605.0599975585938,0.004065668121317145,0.004057425625961704,0.004057425625961704,,,606.3664992487612,604.7071074659382,-13.3699951171875,,,,,,,,1.5087764382037676,1.4191894387342847,,,,
META,2026-05-21 04:00:00,600.0,609.5999755859375,594.8099975585938,607.3800048828125,606.3390502929688,13476100,607.3800048828125,0.003834342600039564,0.003827010245648098,0.003827010245648098,,,606.4630235948613,604.8119269724823,-6.8499755859375,,,,,,,,1.399918702433979,1.4153352914742237,,,,
META,2026-05-22 04:00:00,607.8800048828125,614.8099975585938,606.9500122070312,610.260009765625,609.2141723632812,11688600,610.260009765625,0.004741685369389348,0.0047304789901055425,0.0047304789901055425,,,606.8246413254102,605.0255772780957,-0.95001220703125,,,,,,,,1.5284217923835968,1.4379525916560985,,,,
META,2026-05-26 04:00:00,608.8900146484375,614.469970703125,605.2999877929688,612.3400268554688,611.2905883789062,12234200,612.3400268554688,0.003408411261689226,0.0034026157931846004,0.0034026157931846004,,,607.3499161377968,605.3124184379927,9.73004150390625,,,,,5.524390558511207,,,1.7776102285153002,1.5058841190279388,,,,
META,2026-05-27 04:00:00,609.4000244140625,638.5,609.0,635.260009765625,634.1713256835938,23143600,635.260009765625,0.03743015629381041,0.03674665162179339,0.03674665162179339,,,610.0080202928281,606.4868337841745,30.20001220703125,32.260009765625,,,,9.142375876304358,,,3.780960372408458,1.9608993697040429,,,,
META,2026-05-28 04:00:00,639.5,643.0,629.3099975585938,635.2899780273438,634.2012329101562,16772400,635.2899780273438,4.717479655269585e-05,4.717368385697495e-05,4.717368385697495e-05,,,612.4158257913534,607.616368852534,27.90997314453125,18.65997314453125,,,,11.490903774360289,,,5.309839459044156,2.6306873875720655,,,,
META,2026-05-29 04:00:00,633.5,634.5,623.3499755859375,632.510009765625,631.426025390625,19806500,632.510009765625,-0.004375904481211723,-0.004385506773942161,-0.004385506773942161,,,614.329557598427,608.5925900648122,22.25,14.08001708984375,,,,12.725955901121443,,,6.2254043583619705,3.349630781730047,,,,
META,2026-06-01 04:00:00,630.4000244140625,635.75,599.530029296875,600.469970703125,599.4408569335938,29138800,600.469970703125,-0.05065538658332436,-0.05198341307870981,-0.05198341307870981,,,613.0095969417315,608.274055972197,-11.87005615234375,-13.760009765625,,0.0,,13.71774809637596,,,4.315881954170891,3.5428810162182156,,,,
META,2026-06-02 04:00:00,603.239990234375,608.8800048828125,596.6799926757812,597.6300048828125,596.6057739257812,18252000,597.6300048828125,-0.004729571766906249,-0.004740791582047653,-0.004740791582047653,,,611.5448738885011,607.8566422039858,-37.6300048828125,-13.58001708984375,69.35453962158239,0.0,,14.791108117086628,,,2.544083572581144,3.3431215274908013,,,,
META,2026-06-03 04:00:00,603.0,624.1500244140625,600.27001953125,622.97998046875,621.912353515625,23020100,622.97998046875,0.042417508121782355,0.04154254265999393,0.04154254265999393,,,612.6339316580486,608.4497142928001,-12.30999755859375,20.3699951171875,74.37514689355478,67.31278189883326,22.437593966277756,14.465491227924232,,,3.1491503166802204,3.3043272853286854,,,,
META,2026-06-04 04:00:00,623.6699829101562,642.4000244140625,622.4299926757812,627.5700073242188,626.4944458007812,21469200,627.5700073242188,0.007367856109942839,0.007340846047808919,0.007340846047808919,,,614.0564150548267,609.1995297057969,-4.94000244140625,22.510009765625,75.1684095359621,79.50085977624748,48.937880558360256,14.338979371943672,,,3.953473693642195,3.4341565669913874,,,,
META,2026-06-05 04:00:00,623.4600219726562,629.1500244140625,582.9099731445312,593.0,591.9837646484375,30091600,593.0,-0.05508549949927577,-0.05666083124217305,-0.05666083124217305,,,612.0510421924623,608.5642540310597,-7.469970703125,-14.3800048828125,60.082471062890114,0.0,48.937880558360256,16.148115346521436,,,1.780866368319721,3.103498527257054,,,,
META,2026-06-08 04:00:00,592.0,592.0,579.219970703125,585.3900146484375,584.3867797851562,19512400,585.3900146484375,-0.012833027574304379,-0.012916082199326898,-0.012916082199326898,,,609.511896712079,607.6554603297805,-12.239990234375,-24.8699951171875,57.35369794348298,0.0,26.500286592082492,18.93082915815738,,,-0.5486779900297734,2.3730632237996887,,,,
META,2026-06-09 04:00:00,591.0,597.6300048828125,581.010009765625,584.5900268554688,583.588134765625,16977400,584.5900268554688,-0.0013665894069770923,-0.0013675240418858764,-0.0013675240418858764,,,607.1383852971637,606.7509335268663,-38.38995361328125,-27.75,57.06031287058943,0.0,0.0,21.145299994218192,15.057696014864275,,-2.431383530739481,1.412173872891855,610.7920013427735,640.907393372502,580.6766093130449,0.06497371076160521
META,2026-06-10 04:00:00,580.72998046875,591.3200073242188,570.5999755859375,570.97998046875,570.00146484375,17064000,570.97998046875,-0.02328135233494777,-0.023556644190179003,-0.023556644190179003,,,603.6947276944577,605.348151053999,-56.59002685546875,-64.280029296875,52.1708059680607,0.0,0.0,22.813908472901247,17.443091853606845,0.37324874616709713,-4.964431360939898,0.13685282612550434,609.1910003662109,644.0771840734246,574.3048166589972,-0.0476526211372282
META,2026-06-11 04:00:00,565.8300170898438,572.1699829101562,557.010009765625,568.4299926757812,567.455810546875,17628000,568.4299926757812,-0.004465984588242988,-0.004475986888603294,-0.004475986888603294,,,600.3361815022027,603.9003801372062,-24.57000732421875,-66.8599853515625,51.28410561731479,0.0,0.0,22.76109946732247,19.562217229511436,0.3612964772752124,-7.09585610756244,-1.3096889606120845,606.7809997558594,645.9054342148822,567.6565652968366,0.009884198834295504
META,2026-06-12 04:00:00,572.9500122070312,576.0700073242188,560.9000244140625,566.97998046875,566.0082397460938,14326400,566.97998046875,-0.002550907280957415,-0.0025541663885694566,-0.0025541663885694566,,,597.1594004513977,602.4525213266785,-18.4100341796875,-65.530029296875,50.755838496280596,0.0,0.0,21.215867660257725,21.259045663826516,0.3604147208283687,-8.800581813225676,-2.807867531134803,604.2084991455079,646.7265904731609,561.6904078178549,0.06220378767866863
META,2026-06-15 04:00:00,579.9000244140625,601.27001953125,579.2999877929688,593.47998046875,593.011962890625,17653300,593.47998046875,0.04673886365104307,0.045679486883729435,0.045679486883729435,,,596.8089795006694,602.1006569793087,8.88995361328125,-6.989990234375,59.05653107383073,38.793735832400365,12.931245277466788,21.01272951007278,21.25055581722883,0.4014698755498393,-7.921941476486381,-3.830682320205119,603.1709991455078,645.6721107799655,560.6698875110502,0.38599099759897953
META,2026-06-16 04:00:00,593.6500244140625,605.8099975585938,592.0,600.2100219726562,599.7366943359375,11344400,600.2100219726562,0.011339963815781395,0.011276148415824264,0.011276148415824264,,,597.1328883075253,602.0265144300282,29.23004150390625,2.58001708984375,60.86090647478917,48.64594157744299,29.146559136614453,21.117353677854123,21.173752154973602,0.40386478925939234,-6.606400107202489,-4.385825877604593,602.6209991455078,644.968503455455,560.2734948355605,0.4715334207748674
META,2026-06-17 04:00:00,592.0,593.8099975585938,566.1900024414062,567.5800170898438,567.1324462890625,20478300,567.5800170898438,-0.05436431197128366,-0.05589789189536283,-0.05589789189536283,,,594.3183291439366,600.6756713970798,-0.8499755859375,-55.39996337890625,49.476182089108484,0.9156666455547648,29.451781351799372,19.068132527996493,22.577053085385042,0.4469065392949107,-8.103382043774673,-5.129337110838609,600.8695007324219,646.023606903192,555.7153945616518,0.13137922034510727
META,2026-06-18 04:00:00,572.8200073242188,580.219970703125,563.0999755859375,577.219970703125,576.7647705078125,28824600,577.219970703125,0.016984307627157635,0.01684168688558637,0.01684168688558637,,,592.6899140543355,599.7558399973169,10.239990234375,-50.35003662109375,52.314203295612394,16.900455018449552,22.154021080482437,12.246672100549581,23.155913018374957,0.4518585880566282,-8.414885756624813,-5.7864468399958495,599.4774993896484,645.7893254263984,553.1656733528985,0.25969929722851637
META,2026-06-22 04:00:00,572.02001953125,575.8099975585938,559.8099975585938,563.8499755859375,563.4053344726562,15405500,563.8499755859375,-0.02316273829005122,-0.023435210199502732,-0.023435210199502732,,,589.9432532478214,598.3477668831451,-29.6300048828125,-29.1500244140625,48.26480050000672,0.0,5.938707221334773,12.483337548128446,24.38707329429126,0.45724183067761714,-9.62959755516772,-6.555076983030224,597.3009979248047,646.0751445133873,548.5268513362222,0.1570824434814639
META,2026-06-23 04:00:00,562.25,572.2000122070312,561.02001953125,562.2000122070312,561.7566528320312,13103300,562.2000122070312,-0.002926245367292357,-0.0029305351940348474,-0.0029305351940348474,,,587.3010398153652,596.9302078762387,-38.010009765625,-23.19000244140625,47.773344379982056,0.0,5.633485006149851,13.071469872688542,25.390127148335008,0.4561717305852776,-10.603176840033825,-7.364696954430944,594.897998046875,645.6782523435451,544.117743750205,0.1780442881517038
META,2026-06-24 04:00:00,561.8900146484375,569.0399780273438,555.5499877929688,557.6699829101562,557.230224609375,13963600,557.6699829101562,-0.00805768267256246,-0.008090321243322048,-0.008090321243322048,,,584.4790343958215,595.3905912109021,-9.9100341796875,-26.9200439453125,46.37707574484504,0.0,0.0,13.757347238619518,26.338657433288716,0.4554879212176455,-11.606488567357246,-8.213055277016204,592.1644958496094,644.8418107161867,539.487180983032,0.17258664354075562
META,2026-06-25 04:00:00,555.5499877929688,556.3400268554688,540.1799926757812,542.8699951171875,542.44189453125,16968600,542.8699951171875,-0.026538971518130117,-0.026897487347296307,-0.026897487347296307,,,580.5162687502373,593.3309599915408,-34.3499755859375,-28.1099853515625,42.0527105700809,0.0,0.0,16.733963264328402,26.484058139121366,0.4342521309713332,-13.440917139857675,-9.258627649584499,587.5449951171875,640.5131113954302,534.5768788389447,0.07828404010706044
META,2026-06-26 04:00:00,543.3400268554688,556.8499755859375,540.4000244140625,550.25,549.8161010742188,18867700,550.25,0.013594423985837434,0.013502848811789085,0.013502848811789085,,,577.6337669645004,591.6415105801078,-13.5999755859375,-18.17999267578125,44.815913817460284,12.870598929809603,4.290199643269868,17.877849374359158,25.211155372767035,0.4400884896535651,-14.136256319799031,-10.234153383627406,583.2929962158203,633.7153069613544,532.8706854702862,0.17233754535191667
META,2026-06-29 04:00:00,560.0,570.9000244140625,558.0,562.5999755859375,562.1563110351562,15011400,562.5999755859375,0.022444299111199495,0.022196132254121426,0.022196132254121426,,,576.2019773093991,590.5026268548463,0.39996337890625,-4.3800048828125,49.1829175697528,34.40873949794509,15.759779475918231,17.965344325091227,22.754942534758445,0.45227768193263224,-13.534757552842962,-10.894274217470517,579.797494506836,625.3073795763529,534.287609437319,0.31105732419858867
META,2026-06-30 04:00:00,560.9400024414062,565.5399780273438,551.4299926757812,563.2899780273438,562.8457641601562,18111100,563.2899780273438,0.001226453024082641,0.00122570154494565,0.00122570154494565,,,574.9722630920605,589.4354641557286,5.6199951171875,-30.19000244140625,49.423733762587794,35.61209163997577,27.63047668924349,15.54239569071535,22.49443208406661,0.4184766371146204,-12.854212654029197,-11.286261904782254,577.9384948730469,622.9273590411801,532.9496307049137,0.3371984143569566
META,2026-07-01 04:00:00,607.9099731445312,628.280029296875,595.0999755859375,612.9099731445312,612.4266357421875,45536300,612.9099731445312,0.08808961112881497,0.08442350821195795,0.08442350821195795,,,578.585378335153,590.3560331356816,70.03997802734375,12.699951171875,63.00201510194259,100.0,56.67361037930696,18.913035291512163,23.438121079976654,0.5211930148259375,-8.216245243570143,-10.672258572539832,578.7024932861328,625.5787354460862,531.8262511261795,0.8648701163125878
META,2026-07-02 04:00:00,607.9000244140625,610.0,580.4199829101562,582.9000244140625,582.4403686523438,21705900,582.9000244140625,-0.04896306153496388,-0.05020237548230075,-0.05020237548230075,,,578.9962970093349,590.0636406367946,32.6500244140625,15.32000732421875,53.62511122826232,57.15311515552902,64.25506893183494,19.657123249716147,21.044274290583655,0.5288381822033964,-6.882833692580334,-9.914373596547932,576.6984954833985,618.7870440645657,534.6099469022312,0.5736724018732133
META,2026-07-06 04:00:00,594.8400268554688,603.5800170898438,581.760009765625,600.2899780273438,599.8165893554688,17674100,600.2899780273438,0.02983350983860711,0.029397148242849627,0.029397148242849627,,,581.0242666300976,590.4646734756396,37.69000244140625,23.07000732421875,57.5663543207179,81.98172604757153,79.71161373436685,22.114848284760143,18.275386754720575,0.5404070051970881,-4.372468414904006,-8.805992560219147,575.3344940185547,611.8852675279958,538.7837205091136,0.8413810654696958
META,2026-07-07 04:00:00,607.5900268554688,625.3699951171875,603.6599731445312,615.5800170898438,615.0946044921875,18560800,615.5800170898438,0.025471088344246162,0.0251521053920136,0.0251521053920136,,,584.3152904834068,591.4495889114908,52.2900390625,51.73004150390625,60.72675390061158,100.0,79.71161373436685,26.216661339223155,20.036735508310752,0.5081666673392955,-1.1361110964692216,-7.272016267469162,576.4634948730469,616.5369658896684,536.3900238564254,0.9880600709702968
META,2026-07-08 04:00:00,614.3900146484375,616.0,598.010009765625,603.1199951171875,602.6444091796875,13606500,603.1199951171875,-0.02024110859147288,-0.020448766762634237,-0.020448766762634237,,,586.106214734243,591.9072518999495,-9.78997802734375,40.91998291015625,57.001041419470205,82.8634050236678,88.28171035707977,27.16347098819676,20.829019819731194,0.5117640862919588,0.4184817574370072,-5.733916662487928,577.3499938964844,619.0080335359468,535.6919542570221,0.8093040556364941
META,2026-07-09 04:00:00,583.989990234375,633.27001953125,577.0700073242188,631.47998046875,630.9819946289062,26579700,631.47998046875,0.04702212757189739,0.04595006592667653,0.04595006592667653,,,590.4275257565771,593.4591236085299,48.5799560546875,73.80999755859375,62.62207675112717,100.0,94.28780167455592,30.50178133627022,24.073153039431666,0.5352796231269433,3.8940336025600573,-3.8083266094783315,579.6944915771485,627.8407976560118,531.5481854982852,1.037792959721326
META,2026-07-10 04:00:00,660.3400268554688,677.8599853515625,658.010009765625,669.2100219726562,668.6823120117188,40608900,669.2100219726562,0.05974859484207107,0.058031705316322596,0.058031705316322596,,,597.930620634299,596.4297470737898,68.9200439453125,126.34002685546875,68.5183983313532,100.0,94.28780167455592,36.06643950654591,31.17476009562515,0.5577336681654199,9.582471736770799,-1.1301669402285055,584.6059936523437,646.9555138435941,522.2564734610934,1.1784657529103584
META,2026-07-13 04:00:00,661.3800048828125,676.6199951171875,654.2000122070312,656.72998046875,656.2120971679688,19840700,656.72998046875,-0.018648916026568707,-0.018824999676927696,-0.018824999676927696,,,603.5305596661515,598.7944621088864,41.14996337890625,106.47998046875,64.87301259439116,90.12186255256756,96.70728751752252,35.73788959005873,34.804574523793335,0.5642569400894205,12.93446443720245,1.6827593352576857,589.0209930419921,658.6301420895788,519.4118439944054,0.9863512078022255
META,2026-07-14 04:00:00,652.0,666.5,649.0499877929688,661.0399780273438,660.5186767578125,16748200,661.0399780273438,0.00656281529208913,0.0065413737798066165,0.0065413737798066165,,,609.0076471291221,601.2354627331396,57.91998291015625,98.44000244140625,65.55458713579819,93.53328937102498,94.55171730786418,34.83493810761797,37.887904995417465,0.5630897941894377,15.75708570931215,4.497624610068579,593.7239929199219,669.4998029107568,517.948182929087,0.9441785915291684
META,2026-07-15 04:00:00,663.5999755859375,686.0800170898438,656.6599731445312,681.3099975585938,680.7727661132812,19003400,681.3099975585938,0.030663833058537815,0.030203092756913113,0.030203092756913113,,,615.8935852652622,604.3756405694319,49.83001708984375,118.02001953125,68.63674843479258,100.0,94.55171730786418,33.586883131530215,42.649067753915176,0.551802326002237,19.405954808651018,7.479290649785067,598.1154937744141,683.4136292822444,512.8173582665837,0.9876689466239414
META,2026-07-16 04:00:00,677.280029296875,681.9000244140625,660.1599731445312,664.5399780273438,664.0159301757812,15816000,664.5399780273438,-0.02461437464787497,-0.024922372997344264,-0.024922372997344264,,,620.5265750521271,606.7350263520951,-4.6700439453125,51.6300048828125,63.5688013094976,87.20431875198797,93.57920270767097,34.37802028848461,45.166839561130715,0.5628451248482731,20.705825567079955,10.124597633244045,601.3319915771484,691.6656706994098,510.998312454887,0.8498583643684378
META,2026-07-17 04:00:00,647.7000122070312,652.2000122070312,626.0,646.010009765625,645.5006103515625,22267900,646.010009765625,-0.02788390296205223,-0.028280040257188093,-0.028280040257188093,,,622.953568834365,608.2752217800767,-10.719970703125,63.1099853515625,58.43461796645477,70.26368354889213,85.8226674336267,28.753134337832506,45.48579353853802,0.5307776800584889,20.01010489748319,12.101699086091875,605.2534912109375,696.2250782880135,514.2819041338614,0.7240068567791196
META,2026-07-20 04:00:00,646.7000122070312,653.2999877929688,636.010009765625,645.8499755859375,645.3406982421875,10225200,645.8499755859375,-0.0002477270897792705,-0.0002477577792032815,-0.0002477577792032815,,,625.1341790011815,609.7487415371693,-15.19000244140625,45.55999755859375,58.39075538368138,69.95423139777829,75.80741123288614,24.547861442243466,45.84693254723099,0.5298148971648261,19.224222957995153,13.526203860472531,608.6849914550781,700.3788565495402,516.9911263606161,0.7026579645899559
META,2026-07-21 04:00:00,654.1799926757812,655.8800048828125,643.2000122070312,643.8099975585938,643.3023071289062,9140500,643.8099975585938,-0.0031585942625343977,-0.003163593150473268,-0.003163593150473268,,,626.9128283876016,611.0844770674213,-37.5,28.22998046875,57.79521217143551,61.89410605272184,67.37067366646409,21.957406984784985,45.213406492176645,0.5198646593485253,18.226690735896,14.466301235557225,612.682992553711,703.1098055380643,522.2561795693576,0.6721115893483316
META,2026-07-22 04:00:00,647.7000122070312,649.0,624.0,627.1699829101562,626.6754150390625,11019600,627.1699829101562,-0.025846157579935802,-0.02618603871567201,-0.02618603871567201,,,626.9373192945116,611.7152812181168,-37.3699951171875,24.04998779296875,53.04285598627049,44.98523582673478,58.944524425744966,16.96360006099368,43.70419535212388,0.5319509210832213,15.910028245362923,14.755046637518365,615.9314910888672,703.339881793115,528.5231003846195,0.5642872596711866
META,2026-07-23 04:00:00,608.4099731445312,614.6500244140625,597.219970703125,606.0999755859375,605.6220092773438,15494800,606.0999755859375,-0.033595369514419327,-0.03417266033378101,-0.03417266033378101,606.2299951171875,,624.9528103698855,611.4950731541098,-39.9100341796875,-25.3800048828125,47.694934273118434,7.171064129838666,38.01680200309843,21.724264542996334,41.5971021817456,0.5485653903616576,12.232870117282687,14.25061133347123,618.3529907226563,701.5471950861474,535.1587863591651,0.4263589619585576
META,2026-07-24 04:00:00,605.2999877929688,609.97998046875,594.4500122070312,595.1900024414062,594.7206420898438,11503500,595.1900024414062,-0.01800028639497009,-0.018164262272286083,-0.018164262272286083,606.0737951660157,,622.1182572338398,610.8556586163568,-50.65997314453125,-74.02001953125,45.15618914382053,0.0,17.385433318857817,26.585102673353223,38.09823281623091,0.542852921652589,8.342188596661344,13.068926786109254,620.9689910888671,697.165456721329,544.7725254564053,0.3308386850132434
META,2026-07-27 04:00:00,607.219970703125,611.260009765625,593.1300048828125,593.8699951171875,593.4016723632812,11195300,593.8699951171875,-0.002217791493143717,-0.0022202544348985716,-0.0022202544348985716,605.6185949707032,,619.4279465560634,610.1895541654089,-49.94000244140625,-62.8599853515625,44.845160935772206,0.0,2.390354709946222,30.115938691758515,34.95566832584233,0.5423018318081504,5.093566438155335,11.47385471651847,623.1499908447265,693.0613274964112,553.2386541930418,0.29059193308362063
META,2026-07-28 04:00:00,596.8200073242188,601.0,587.0,593.4099731445312,592.9420166015625,12009300,593.4099731445312,-0.0007746173008209567,-0.0007749174718241008,-0.0007749174718241008,605.1181945800781,,616.9500443263937,609.5315313802765,-33.760009765625,-67.6300048828125,44.72953273323698,0.0,0.0,31.549602380402636,32.75650013557774,0.5380884904223471,2.4536063966278334,9.669805052540344,624.6904907226562,690.2034909938118,559.1774904515007,0.2612648066135251
META,2026-07-29 04:00:00,593.25,599.969970703125,582.219970703125,585.6099853515625,585.148193359375,22371100,585.6099853515625,-0.0131443490099028,-0.013231500507594106,-0.013231500507594106,604.5457946777344,,613.9652768049812,608.5934315360132,-20.489990234375,-95.70001220703125,42.71830066019996,0.0,0.0,28.534305385379955,30.881037893294895,0.5410407039806818,-0.26492094015202383,7.682859854001871,625.8064910888672,687.568566875457,564.0444153022775,0.17458585851131248
META,2026-07-30 04:00:00,526.0,539.8800048828125,524.489990234375,539.030029296875,538.60498046875,42271500,539.030029296875,-0.07954091839250976,-0.08288273165174885,-0.08288273165174885,603.1021948242187,,606.8285865661139,605.8654549776156,-56.15997314453125,-125.50994873046875,33.136206271434546,0.0,0.0,33.934687305835155,36.42588247450098,0.5285511255789288,-6.107582203357424,4.9247714425300115,622.1124938964844,694.9642588454863,549.2607289474824,-0.0702158668205856
META,2026-07-31 04:00:00,543.5999755859375,558.3300170898438,540.219970703125,556.7100219726562,556.27099609375,24261500,556.7100219726562,0.03279964327561391,0.03227321515481961,0.03227321515481961,602.1841955566406,,602.0553899381656,603.9377909382055,-37.15997314453125,-89.29998779296875,38.75193995203709,12.426199479648151,4.14206649321605,34.45120695534742,38.33070991304368,0.5189349635886541,-9.205193951637057,2.098778363696598,620.8029937744141,697.4644136005014,544.1415739483267,0.08197374933077214
META,2026-08-03 04:00:00,562.239990234375,597.52001953125,559.3599853515625,590.239990234375,589.7745361328125,25938100,590.239990234375,0.060228785073615176,0.05848471981006719,0.05848471981006719,601.8877954101563,,600.9301137758998,603.4006222831533,-3.16998291015625,-55.6099853515625,47.71979388217966,35.992389907833804,16.13952979582732,30.218453318058387,38.67808190961927,0.5517337747035378,-8.852439944919752,-0.09146529802667196,620.3004943847657,697.6566582040042,542.9443305655271,0.3057006535339941
META,2026-08-04 04:00:00,581.5,592.7899780273438,578.25,587.9400024414062,587.4763793945312,17959200,587.9400024414062,-0.0038966993613147594,-0.00390431127493151,-0.00390431127493151,601.4989953613281,,599.6929603154719,602.79432346583,2.33001708984375,-55.8699951171875,47.20917174222597,38.9690009750262,29.129196787502718,24.41068576789874,39.34369901827602,0.5431492779560272,-8.658658026333455,-1.8049038436880287,618.9184936523437,697.6058916888958,540.2310956157917,0.30315468560450254
META,2026-08-05 04:00:00,600.4600219726562,601.0,580.1199951171875,588.77001953125,588.3057250976562,14897200,588.77001953125,0.001411737739220209,0.0014107421743722033,0.0014107421743722033,601.0691955566406,,598.6526802407841,602.2443507625131,49.739990234375,-38.39996337890625,47.427798559447695,46.494671261324996,40.485354048061666,20.125873847066014,39.77545410920253,0.5389866019037834,-8.341948230800085,-3.11231272111044,618.2009948730469,697.7519030914519,538.6500866546418,0.3150179803039154
META,2026-08-06 04:00:00,586.9500122070312,595.3099975585938,586.0,589.9000244140625,589.4348754882812,11811500,589.9000244140625,0.0019192636264193652,0.001917424193181013,0.001917424193181013,600.6203955078125,,597.8190939715726,601.7602595331622,33.19000244140625,-16.199951171875,47.74508395319287,47.62218750749941,44.3619532479502,18.72453388563508,40.129931784449056,0.509763929233656,-7.908605998852522,-4.071571376658857,616.1219970703125,696.3818606392107,535.8621335014144,0.3366433015816174
META,2026-08-07 04:00:00,585.6400146484375,598.739990234375,585.6199951171875,592.0999755859375,591.633056640625,11250300,592.0999755859375,0.003729362740847675,0.003722425908913686,0.003722425908913686,599.7571948242188,,597.2744160300836,601.3814248685652,1.8599853515625,-3.09002685546875,48.3980304551582,50.648942893840854,48.25526722088841,18.508154748354148,38.4291817852157,0.45663412953597105,-7.303471609697226,-4.7179514232665305,612.2664947509766,689.1248583214079,535.4081311805452,0.36880725643762313
META,2026-08-10 04:00:00,599.1300048828125,608.2100219726562,592.030029296875,594.9199829101562,594.4508666992188,14967300,594.9199829101562,0.0047627215681407264,0.004751415693383746,0.004751415693383746,598.949794921875,,597.0501843043762,601.1280349878433,6.97998046875,1.04998779296875,49.273036769853924,63.41046406548091,53.89386482227372,18.587311224728687,37.12859187791682,0.45560230252388945,-6.521175175125677,-5.07859617363836,609.1759948730469,683.4331786288806,534.9188111172132,0.40400920663941375
META,2026-08-11 04:00:00,598.0,612.4299926757812,593.4000244140625,599.1199951171875,598.6475219726562,13146900,599.1199951171875,0.007059793464132991,0.007034989793029515,0.007034989793029515,598.2819946289062,,597.2473091436916,601.049288326249,10.3499755859375,5.71002197265625,50.61615670373443,89.59298336296973,67.8841301074305,19.063065213739073,35.10260189050485,0.45577065861266536,-5.49890576770531,-5.16265809245175,606.0799957275391,676.2851995085488,535.8747919465294,0.45043102052618605
META,2026-08-12 04:00:00,601.0700073242188,604.5,578.2100219726562,578.8499755859375,578.3934936523438,16186900,578.8499755859375,-0.03383298787630218,-0.03441856931623866,-0.03441856931623866,597.8495947265625,,595.4951821381912,600.1787270423152,-11.050048828125,-6.760009765625,44.49324112192176,66.26721407719951,73.09022050188338,19.05778554595991,30.75255962514326,0.44737114759648494,-6.25229846503737,-5.380586166968874,600.9569946289063,662.4621138791928,539.4518753786198,0.32028309746862416
META,2026-08-13 04:00:00,580.7100219726562,595.8499755859375,579.3900146484375,594.969970703125,594.5007934570312,11164200,594.969970703125,0.027848312683904197,0.027467600390594933,0.027467600390594933,597.7963940429687,,595.4451620015183,599.9744620878372,2.8699951171875,55.93994140625,49.703967363578094,93.09364823659186,82.98461522558704,12.040401908393775,26.871749916720994,0.45979745035227776,-5.48538659787198,-5.401546253149496,597.4784942626953,651.2219940961373,543.7349944292533,0.47666207478723405
META,2026-08-14 04:00:00,596.97998046875,601.8599853515625,589.2899780273438,589.8499755859375,589.3848266601562,8758000,589.8499755859375,-0.008605468123268123,-0.008642708967933106,-0.008642708967933106,597.1337939453125,,594.9122871047963,599.5774234014882,-5.07000732421875,33.13995361328125,48.15762113992817,84.57309901128882,81.3113204416934,5.3977895700108345,24.349339941757865,0.45212998123794684,-5.230450852627655,-5.367327173045128,594.6704925537109,643.3691724372267,545.9718126701952,0.45050669772462215
META,2026-08-17 04:00:00,589.75,590.239990234375,564.75,568.969970703125,568.5213012695312,17225600,568.969970703125,-0.035398839954296824,-0.03604056872959436,-0.03604056872959436,595.9617932128906,,592.4415903046371,598.3771311388073,-30.1500244140625,-21.27001953125,42.368595387505685,49.82519293783532,75.83064672857199,8.740198612900114,21.777061010437198,0.46527567722780006,-6.636750007516866,-5.621211739939476,590.8264923095703,634.3806143304447,547.2723702886959,0.24908779476750748
META,2026-08-18 04:00:00,557.47998046875,560.6599731445312,543.2100219726562,543.6699829101562,543.2412719726562,27094900,543.6699829101562,-0.044466297160996704,-0.045485243460232985,-0.045485243460232985,594.9751928710938,,587.7966753146866,596.2317527768994,-35.17999267578125,-44.27001953125,36.623757766963855,7.721677904021679,47.37332328438194,16.681343966061554,20.423993581296507,0.48527006094490904,-9.68115150543008,-6.433199693037597,585.8194915771485,626.6674787397415,544.9715044145555,-0.015931280765667015
META,2026-08-19 04:00:00,541.3400268554688,554.0700073242188,537.27001953125,546.030029296875,545.5994262695312,16971700,546.030029296875,0.004340953999494079,0.004331559237023195,0.004331559237023195,594.1879931640625,,583.8188995034665,594.2630577384671,-48.93994140625,-42.739990234375,37.47542386237531,4.256169282537124,20.601013374798036,20.41315674207357,19.8279498818445,0.4825624541008708,-11.767774032712964,-7.500114560972671,581.7624938964843,621.4183936601734,542.1065941327953,0.0494684925504099
META,2026-08-20 04:00:00,546.9500122070312,549.989990234375,539.3099975585938,545.8300170898438,545.3995971679688,13872200,545.8300170898438,-0.00036630257733039073,-0.00036636968250717,-0.00036636968250717,593.41279296875,,580.200910702169,592.3637228110701,-44.01995849609375,-44.07000732421875,37.42951698607349,3.895462045387251,5.291103077315347,22.635649592941753,20.50290199413505,0.4720530363026378,-13.28444195484633,-8.656980039747403,578.7489959716797,619.7547999599499,537.7431919834096,0.09860585965766488
META,2026-08-21 04:00:00,546.8900146484375,553.8699951171875,543.22998046875,549.9000244140625,549.4663696289062,13848000,549.9000244140625,0.007456547270739078,0.007428884648795397,0.007428884648795397,592.9911938476563,,577.3151120080637,590.6984797366777,-19.0699462890625,-42.199951171875,39.0652763197585,11.235419535428452,6.462350287784271,23.11143300756048,21.0843021852624,0.47149854813836506,-13.996651942564768,-9.724914420310876,576.4844970703125,618.6531014408373,534.3158926997877,0.18478358421992108
META,2026-08-24 04:00:00,550.2000122070312,561.4199829101562,546.2999877929688,559.02001953125,558.5792236328125,12990600,559.02001953125,0.016584823990333897,0.016448797717717515,0.016448797717717515,592.8029943847656,,575.5727222483672,589.4561871796021,15.35003662109375,-35.89996337890625,42.681292669370535,27.682656883432234,14.271179488082643,21.768651963198103,21.01181944025444,0.4770351981099286,-13.667624237639075,-10.513456383776516,574.7419982910156,616.7656371715245,532.7183594105068,0.3129388699004632
META,2026-08-25 04:00:00,563.8800048828125,570.7999877929688,561.4000244140625,570.0499877929688,569.6004638671875,9769100,570.0499877929688,0.019730900283262853,0.01953876923700041,0.01953876923700041,592.86439453125,,575.0467475383292,588.6951597526753,24.01995849609375,-29.07000732421875,46.79367199516716,47.574389676089964,28.83082203165021,18.83871428517757,20.563984611845623,0.4837082792104233,-12.374199089111244,-10.885604924843463,573.5739990234375,614.7019682471288,532.4460297997463,0.45715797184998364
META,2026-08-26 04:00:00,590.3099975585938,593.3400268554688,561.8800048828125,576.1400146484375,575.6856689453125,31416300,576.1400146484375,0.010683320736567525,0.010626657277602909,0.010626657277602909,592.5175952148437,,575.1508682154824,588.2028011211365,30.30999755859375,-2.7099609375,48.970613478499075,58.557303138274044,44.60478323259874,18.631120901084806,20.38046956130882,0.48377970920963886,-10.734001185536613,-10.855284176982094,573.1005004882812,613.8614396108989,532.3395613656636,0.5372846434059427
META,2026-08-27 04:00:00,576.47998046875,588.3900146484375,567.6199951171875,571.0999755859375,570.6495971679688,15221400,571.0999755859375,-0.00874794135862178,-0.008786429221739573,-0.008786429221739573,591.9353942871094,,574.7650689174305,587.5321020805405,21.199951171875,-23.8699951171875,47.24769981096414,49.46796508063353,51.86655263166585,15.561739678042988,18.755614276910283,0.3767175988261382,-9.72867544629105,-10.629962430843886,574.7039978027344,612.215226356555,537.1927692489138,0.451960754742731
META,2026-08-28 04:00:00,571.5499877929688,589.1900024414062,571.0,578.02001953125,577.564208984375,16042400,578.02001953125,0.012117044722708359,0.012044221018157969,0.012044221018157969,592.1441943359375,,575.0750642139848,587.1590792354704,19.0,-11.8299560546875,49.85627978825355,61.947753037172546,56.65767375202671,13.531279504192042,18.278827708169242,0.36236029282000476,-8.278132681201441,-10.159596480915397,575.769497680664,612.3271530970025,539.2118422643256,0.5307804456406712
META,2026-08-31 04:00:00,577.6300048828125,578.6799926757812,569.1400146484375,572.3400268554688,571.888671875,13383800,572.3400268554688,-0.00982663659363825,-0.009875236632384292,-0.009875236632384292,592.0465954589844,,574.8145844655546,586.5779399264507,2.2900390625,3.37005615234375,47.76830065763522,55.887038533061904,55.76758555028932,13.79474835540601,17.968599784740455,0.2958700638448476,-7.5004346863223645,-9.62776412199679,574.8744995117188,610.8116990811997,538.9372999422379,0.46473747695128687
META,2026-09-01 04:00:00,558.3499755859375,584.9500122070312,556.0999755859375,578.5399780273438,578.083740234375,15796900,578.5399780273438,0.01083263598727946,0.010774383295284672,0.010774383295284672,592.3403955078124,,575.1693838523917,586.2627257343288,2.39996337890625,34.8699951171875,50.21902712652415,67.97271620787176,61.9358359260354,13.265407568455522,17.730217039745128,0.29888671314847576,-6.311069101850649,-8.964425117967563,574.4044982910157,609.8649323705059,538.9440642115254,0.5583111832057348
META,2026-09-02 04:00:00,578.7899780273438,600.3800048828125,577.0,592.8499755859375,592.3824462890625,16552700,592.8499755859375,0.024734673664881024,0.024433724120551652,0.024433724120551652,592.9533947753906,,576.8532497317769,586.5210492579213,21.75,46.8199462890625,55.418414435701315,100.0,74.61991824697789,14.176122236374393,17.926584873510517,0.3120347864135295,-4.165770686529413,-8.004694231679933,574.60849609375,610.461665840771,538.7553263467289,0.7543914474075636
META,2026-09-03 04:00:00,604.489990234375,619.4600219726562,604.3499755859375,610.6799926757812,610.1984252929688,19737100,610.6799926757812,0.0300750912104224,0.029631703671959286,0.029631703671959286,594.0135949707031,,580.0748442978726,587.4684588037197,32.65997314453125,64.8499755859375,60.89840871398109,100.0,89.32423873595725,16.797244929047338,19.401055495656095,0.32893662224401016,-1.0151706139509997,-6.606789508134146,575.647494506836,614.4496054981482,536.8453835155237,0.9514251579867524
META,2026-09-04 04:00:00,612.3499755859375,617.4600219726562,605.27001953125,616.77001953125,616.2836303710938,15966200,616.77001953125,0.0099725337795733,0.009923136205746813,0.009923136205746813,595.4915954589844,,583.5696228915276,588.617539616564,44.42999267578125,66.8699951171875,62.58988446406891,100.0,100.0,18.533277937315436,21.202737546534458,0.3301686085962044,1.9506312503452818,-4.895305356438261,576.8809967041016,619.2864717971705,534.4755216110326,0.9703286867981368
META,2026-09-08 04:00:00,616.2100219726562,624.7999877929688,609.739990234375,613.47998046875,612.9962158203125,18909700,613.47998046875,-0.005334304454358008,-0.005348582655179799,-0.005348582655179799,596.7561950683594,,586.4182283750727,589.592537297042,34.94000244140625,54.4599609375,61.05333251355185,95.36222307686351,98.45407435895451,18.84924834939097,22.405852646681456,0.3310143233091597,3.989582515103507,-3.1183277821299074,577.8089965820312,622.6207018753942,532.9972912886683,0.8980096679338155
META,2026-09-09 04:00:00,648.6400146484375,657.8599853515625,638.5599975585938,653.6900024414062,653.1744995117188,35900700,653.6900024414062,0.065544146920544,0.0634856047536238,0.0634856047536238,598.5779956054688,,592.8250640004378,592.1061633811347,60.84002685546875,83.6400146484375,70.56447725186933,100.0,98.45407435895451,26.856735297747687,27.808836659147786,0.3974378312342018,8.749223207361297,-0.7448175842316666,580.5374969482422,636.1551702665378,524.9198236299466,1.157637232274335
META,2026-09-10 04:00:00,653.7100219726562,663.5,642.1400146484375,644.3800048828125,643.8718872070312,21531900,644.3800048828125,-0.014242221119831533,-0.014344614923892487,-0.014344614923892487,600.1997961425782,,597.7350583701877,594.156117949828,33.70001220703125,68.239990234375,66.51426991095373,91.02996480436579,95.46406262707643,29.67008450766928,31.247404426450558,0.37734044307437914,11.635902312491794,1.7313263951130258,583.813998413086,646.3088072659871,521.3191895601849,0.9845682992029422
META,2026-09-11 04:00:00,653.510009765625,664.239990234375,646.2000122070312,648.030029296875,647.51904296875,16925000,648.030029296875,0.0056643973841588036,0.005648415010569557,0.005648415010569557,600.902197265625,,602.5250556013008,596.2688203555945,31.260009765625,76.9300537109375,67.30655716735512,94.02136456504626,95.01710978980401,30.39120880279357,34.34352754331181,0.3682257383756542,14.056112649399665,4.196283645970354,586.4670013427734,655.1540564293971,517.7799462561497,0.9481414138112507
META,2026-09-14 04:00:00,657.8300170898438,668.5999755859375,649.219970703125,665.5999755859375,665.0751342773438,19332300,665.5999755859375,0.027112858192892997,0.02675181604115336,0.02675181604115336,602.5561962890625,,608.5321908379328,598.987689188157,52.1199951171875,87.5799560546875,70.87843763744237,100.0,95.01710978980401,32.42161915995811,38.64396172011291,0.37316261221162444,17.193696376310868,6.7957661920384576,590.2545013427734,667.5424247829992,512.9665779025477,0.98743368232319
META,2026-09-15 04:00:00,659.2999877929688,678.8699951171875,656.2000122070312,670.239990234375,669.7114868164062,19502800,670.239990234375,0.0069711761097239755,0.00694698980116747,0.00694698980116747,603.9551965332031,,614.4091241137845,601.7818970723224,16.54998779296875,97.89996337890625,71.75603542434332,100.0,98.0071215216821,31.315362322295766,42.18107964289883,0.3384502055310639,19.826121303808236,9.401837214392414,595.318002319336,679.6801616051337,510.9558430335383,0.9440497288673128
META,2026-09-16 04:00:00,679.9099731445312,685.3099975585938,671.9099731445312,673.3099975585938,672.779052734375,17217800,673.3099975585938,0.004580459788955826,0.004570001406988257,0.004570001406988257,605.1097961425781,,620.0187311085283,604.5869206208037,28.92999267578125,94.77001953125,72.34975929226837,100.0,100.0,28.409995458325163,43.75802654766563,0.273584839278323,21.90752465117191,11.902974701748313,601.8000030517578,689.3160561470891,514.2839499564266,0.9085535851859092
META,2026-09-17 04:00:00,682.4400024414062,683.2000122070312,667.0499877929688,682.3099975585938,681.77197265625,15928000,682.3099975585938,0.013366799888065994,0.01327825240999581,0.01327825240999581,606.6935961914063,,625.9512326752013,607.6348844222856,34.27996826171875,89.46002197265625,74.07059415712658,100.0,100.0,26.304051169976532,45.203336285219216,0.2726672961816512,24.006544086842382,14.323688578767127,608.6140014648438,699.0206740352822,518.2073288944054,0.9075805136857088
META,2026-09-18 04:00:00,688.6199951171875,690.1500244140625,660.7999877929688,665.75,665.2250366210938,27596400,665.75,-0.024270489393161232,-0.024569871751326747,-0.024569871751326747,607.3789965820313,,629.7415914680392,609.9139085625882,0.1500244140625,55.07000732421875,65.93884358715165,84.94134584858703,94.98044861619569,23.244517164738777,44.3829887602329,0.29852371893659413,24.056470687473052,16.270245000508314,614.6100006103516,703.3759781308173,525.8440230898858,0.7880608134904934
META,2026-09-21 04:00:00,680.2999877929688,753.0,679.5999755859375,741.25,741.25,48720500,741.25,0.11340593315809233,0.10742372561789355,0.10742372561789355,608.8197961425781,,640.3614398996546,615.0643435209181,71.010009765625,124.47998046875,77.86836616174895,100.0,94.98044861619569,32.82963258360069,49.97194576263827,0.45658332962803183,29.84423117870824,18.9850422361483,624.1774993896485,724.121390914925,524.233607864372,1.0856911254088155
META,2026-09-22 04:00:00,731.4000244140625,757.27001953125,730.0,736.5999755859375,736.5999755859375,28122100,736.5999755859375,-0.006273220120151746,-0.0062929794452316,-0.0062929794452316,610.4171960449219,,649.5270147269196,619.8304467391541,63.28997802734375,123.1199951171875,76.10052081985928,96.86656088338091,93.93596891065597,34.08889904143608,53.44121011658044,0.4626756229066175,33.667754047030485,21.92158459832474,633.0564971923828,739.9389174255438,526.1740769592219,0.9843803039249932
META,2026-09-23 04:00:00,747.5999755859375,763.9000244140625,739.510009765625,744.0999755859375,744.0999755859375,30829200,744.0999755859375,0.010181917253030193,0.010130430726321367,0.010130430726321367,612.0783959960937,,658.5339633801593,624.7037615958908,61.78997802734375,90.40997314453125,77.00722438005948,100.0,98.9555202944603,38.58372883787083,56.712321036813904,0.462331133346519,36.878004111419386,24.91286850094367,641.7589965820313,755.183638655659,528.3343545084035,0.9511408505810989
META,2026-09-24 04:00:00,744.3599853515625,779.8200073242188,743.010009765625,777.5900268554688,777.5900268554688,34808500,777.5900268554688,0.045007461857742515,0.04402402592500573,0.04402402592500573,614.0039965820313,,669.8726360920936,630.6993014099919,111.84002685546875,133.21002197265625,80.55477837205731,100.0,98.9555202944603,44.686697809261894,62.07998762822965,0.47477951389099515,41.644466182097744,28.259188037174486,651.8314971923828,775.9914724488422,527.6715219359235,1.0064374787580486
META,2026-09-25 04:00:00,768.8499755859375,769.5700073242188,746.5399780273438,751.6599731445312,751.6599731445312,25826700,751.6599731445312,-0.033346690177852745,-0.033915369196507755,-0.033915369196507755,615.746396484375,,677.6619062875639,635.4428571642876,10.40997314453125,103.62994384765625,71.37268068604293,84.199593942083,94.73319798069434,43.16248052492234,62.845936438002916,0.49922189598775135,42.835798663014884,31.174510162342568,660.8594970703125,786.5513699463183,535.1676241943067,0.8612026537459299
META,2026-09-28 04:00:00,750.0399780273438,750.5800170898438,713.1900024414062,715.6199951171875,715.6199951171875,27943100,715.6199951171875,-0.047947182655705745,-0.04913476532608198,-0.04913476532608198,617.1385961914062,,681.2769623665756,638.5870586526366,-20.97998046875,50.02001953125,60.97025958937199,53.47945235606844,79.22634876605049,40.128801894984896,60.798315528931596,0.5469260767753621,40.40603755997938,33.02081564186993,667.7394958496094,789.3361269074726,546.1428647917462,0.6968825075622104
META,2026-09-29 04:00:00,725.0,740.4500122070312,715.0999755859375,738.7899780273438,738.7899780273438,23591100,738.7899780273438,0.032377495134637835,0.031864390033715675,0.031864390033715675,618.9973962402344,,686.754392429506,642.5165849026251,-5.30999755859375,68.54998779296875,64.54770230541722,70.8730257276818,69.51735734194442,37.222912342342546,58.39705349137851,0.5461907715327841,39.89022863664525,34.394698240824994,676.0619934082031,792.8561003909601,559.267886425446,0.7685408803562389
META,2026-09-30 04:00:00,730.27001953125,738.25,721.2999877929688,725.1799926757812,725.1799926757812,19293000,725.1799926757812,-0.018421995095145638,-0.018593793227627373,-0.018593793227627373,620.6247961425781,,690.4139734053417,645.7582871682391,-52.4100341796875,51.8699951171875,61.01020484767662,59.547672763744096,61.30005028249812,32.94413373534701,54.58984431593579,0.5574421195414998,37.94581849901772,35.10492229246354,683.393994140625,792.5736827724966,574.2143055087533,0.6913634260125476
META,2026-10-01 04:00:00,728.530029296875,735.8800048828125,721.510009765625,725.9299926757812,725.9299926757812,12408400,725.9299926757812,0.0010342259957181188,0.0010336915524713343,0.0010336915524713343,622.5999963378906,,693.7964514310979,648.9022756195153,-25.72998046875,43.6199951171875,61.13660406512714,53.870871926511505,61.4305234726458,28.875816645136698,50.96260149635199,0.5563146113770068,36.049818322825104,35.29390149853585,690.0479949951172,791.9731979878211,588.1227920024132,0.6760212225588239
META,2026-10-02 04:00:00,733.25,741.5800170898438,726.2000122070312,728.0800170898438,728.0800170898438,12944900,728.0800170898438,0.0029617517333007104,0.002957374387580182,0.002957374387580182,625.0395971679687,,697.061552922407,652.00728508894,12.46002197265625,62.33001708984375,61.521706308275625,55.731403901031825,56.383316197095816,17.35679771707428,48.01565802728703,0.5519503035373544,34.32503587795179,35.10012837441904,695.9179962158203,791.9493122703943,599.8866801612462,0.6674558997803695
MSFT,2026-05-12 04:00:00,414.4800109863281,415.5,406.6400146484375,407.7699890136719,406.1241760253906,38594200,407.7699890136719,,,,,,407.7699890136719,407.7699890136719,,,,,,,,,0.0,0.0,,,,
MSFT,2026-05-13 04:00:00,403.2000122070313,406.30999755859375,401.0299987792969,405.2099914550781,403.5745239257813,29667100,405.2099914550781,-0.006278043082047158,-0.0062978328654040286,-0.0062978328654040286,,,407.5261797223772,407.66959695255053,,,,,,,,,-0.20421632946045065,-0.040843265892090135,,,,
MSFT,2026-05-14 04:00:00,404.4800109863281,411.8399963378906,400.8800048828125,409.4299926757813,407.7774963378906,27077500,409.4299926757813,0.010414356283638293,0.010360500468285752,0.010360500468285752,,,407.70749524174903,407.73863207895175,,,,,,,,,-0.025249352549053583,-0.037724483223482826,,,,
MSFT,2026-05-15 04:00:00,414.2699890136719,428.1700134277344,412.9100036621094,421.9200134277344,420.2170715332031,50771200,421.9200134277344,0.03050587640227831,0.030049823808855416,0.030049823808855416,,,409.06106840231905,408.29476468086483,,,,,,,,,1.1116096135920088,0.19214233613961554,,,,
MSFT,2026-05-18 04:00:00,416.6199951171875,425.1199951171875,415.6099853515625,423.5400085449219,421.83056640625,32564100,423.5400085449219,0.003839578748650485,0.003832226380156052,0.003832226380156052,,,410.44001508256696,408.8926173814161,15.77001953125,,,,,,,,2.1188735466851085,0.5774885782487141,,,,
MSFT,2026-05-19 04:00:00,429.8999938964844,432.7000122070313,416.489990234375,417.4200134277344,415.7352600097656,33018700,417.4200134277344,-0.014449626938935034,-0.01455503947843467,-0.01455503947843467,,,411.1047768297258,409.227025069507,12.21002197265625,,,,,,,,2.3956890000543467,0.9411286626098407,,,,
MSFT,2026-05-20 04:00:00,414.1700134277344,422.1000061035156,411.2999877929687,421.05999755859375,419.3605346679687,27864000,421.05999755859375,0.008720195519541285,0.008682394212164468,0.008682394212164468,,,412.05289308961795,409.691063206334,11.630004882812443,,,,,,,,2.8756350095711127,1.3280299320020952,,,,
MSFT,2026-05-21 04:00:00,424.75,426.3399963378906,415.7099914550781,419.0899963378906,418.3025207519531,31393500,419.0899963378906,-0.004678671049555105,-0.004689650289837887,-0.004689650289837887,,,412.72309339897726,410.0596488193362,-2.83001708984375,,,,,,,,3.0617392215344807,1.6747717899085723,,,,
MSFT,2026-05-22 04:00:00,419.5400085449219,424.3999938964844,416.3299865722656,418.5700073242187,417.7835388183594,22390300,418.5700073242187,-0.001240757398687009,-0.001241527775447916,-0.001241527775447916,,,413.27994234423835,410.3933883685473,-4.970001220703182,,,,,,,,3.131175144671147,1.9660524608610874,,,,
MSFT,2026-05-26 04:00:00,416.4299926757813,419.7699890136719,413.0199890136719,416.0299987792969,415.248291015625,30398000,416.0299987792969,-0.0060683004048934786,-0.006086787367366781,-0.006086787367366781,,,413.54185248091056,410.61443191406687,-1.3900146484375,,,,,6.350804127719519,,,2.947271837053165,2.162296336099503,,,,
MSFT,2026-05-27 04:00:00,411.010009765625,415.94000244140625,409.5799865722656,412.6700134277344,411.8946228027344,28901500,412.6700134277344,-0.008076305462157207,-0.008109095484610435,-0.008109095484610435,,,413.45882019013186,410.69504295381853,-8.389984130859375,4.9000244140625,,,,5.811004071387151,,,2.501567886093312,2.2301506460982647,,,,
MSFT,2026-05-28 04:00:00,412.9800109863281,429.489990234375,412.6700134277344,426.989990234375,426.1876831054687,47250500,426.989990234375,0.034700793226276616,0.03411229625288361,0.03411229625288361,,,414.74750305148837,411.3340604942325,7.899993896484375,21.779998779296875,,,,5.15654814306129,,,3.2661960699326755,2.437359730865147,,,,
MSFT,2026-05-29 04:00:00,432.5499877929687,450.3299865722656,432.3599853515625,450.239990234375,449.3940124511719,79654400,450.239990234375,0.05445092515456418,0.0530201813564115,0.0530201813564115,,,418.127739926049,412.8597832291401,31.669982910156307,40.80999755859369,,,,10.455659592887047,,,5.682742982400157,3.086436381172149,,,,
MSFT,2026-06-01 04:00:00,464.8399963378906,466.3200073242187,458.2699890136719,460.5199890136719,459.6546936035156,53628900,460.5199890136719,0.022832265019252507,0.02257550971290651,0.02257550971290651,,,422.1650969820131,414.72881090696484,44.489990234375,38.5999755859375,,100.0,,15.848389026210498,,,8.331345246842488,4.135418154306217,,,,
MSFT,2026-06-02 04:00:00,446.8800048828125,453.5,440.4299926757813,441.30999755859375,440.4807739257813,37036800,441.30999755859375,-0.04171369737114239,-0.042608691140752344,-0.042608691140752344,,,423.98842084644934,415.7712103834993,28.639984130859375,17.769989013671875,55.016267051806295,65.26850062734565,,16.450343140565664,,,8.779095904939595,5.0641537044328935,,,,
MSFT,2026-06-03 04:00:00,438.4500122070313,440.3900146484375,424.25,427.3399963378906,426.53704833984375,39037000,427.3399963378906,-0.03165575513355168,-0.032167630063060046,-0.032167630063060046,,,424.3076185123009,416.2248882640637,0.350006103515625,9.91998291015625,47.34767810437892,35.05579359148726,66.77476473961097,16.00848876652471,,,7.915434973820709,5.6344099583104565,,,,
MSFT,2026-06-04 04:00:00,435.80999755859375,436.1499938964844,426.4100036621094,428.0499877929687,427.2456970214844,26899500,428.0499877929687,0.0016614205577816232,0.0016600419254275758,0.0016600419254275758,,,424.6640346342693,416.6886176573541,-22.190002441406307,6.989990234374943,47.74631967487489,32.142073589175034,44.155455936002646,15.755344706032105,,,7.205210656980853,5.948570098044536,,,,
MSFT,2026-06-05 04:00:00,428.3399963378906,429.4700012207031,414.3999938964844,416.6700134277344,415.8870849609375,34782200,416.6700134277344,-0.026585620113925512,-0.026945408848183135,-0.026945408848183135,,,423.90269928126594,416.687888079722,-43.8499755859375,-2.41998291015625,42.2276453231066,8.359460900489047,25.185776027050448,15.960175204111607,,,5.658852218275854,5.8906265220908,,,,
MSFT,2026-06-08 04:00:00,414.1400146484375,417.1600036621094,408.55999755859375,411.739990234375,410.9663391113281,32086700,411.739990234375,-0.011831960627074034,-0.011902515359320368,-0.011902515359320368,,,422.7443460387049,416.4938528701005,-29.57000732421875,-6.830017089843693,40.067044502065194,0.0,13.500511496554694,16.62816805724809,,,3.9895512811503977,5.51041147390272,,,,
MSFT,2026-06-09 04:00:00,409.0299987792969,411.9800109863281,398.4800109863281,403.4100036621094,402.6520080566406,35317300,403.4100036621094,-0.020231181740505533,-0.02043863488144832,-0.02043863488144832,,,420.9029800980768,415.98076074429696,-23.92999267578125,-12.6199951171875,36.65445205287527,0.0,2.7864869668296826,18.144793146554687,14.569174645507248,,1.9717290963710639,4.802674998396389,421.9489990234375,451.087348314452,392.81064973242303,0.1818797939414315
MSFT,2026-06-10 04:00:00,398.5499877929687,405.0400085449219,397.1600036621094,397.3599853515625,396.61334228515625,32576000,397.3599853515625,-0.014997194555478321,-0.015110789647077107,-0.015110789647077107,,,418.6607901222183,415.25053425830737,-30.690002441406193,-15.310028076171875,34.36510386824045,0.0,0.0,20.111406841892492,15.271426719377287,0.3695380773824327,-0.1142781113072715,3.8192843764556574,421.42849884033205,451.9713522790866,390.8856454015775,0.1059878043642441
MSFT,2026-06-11 04:00:00,395.2099914550781,396.8500061035156,384.0,390.3399963378906,389.6065673828125,47224100,390.3399963378906,-0.017666572560045224,-0.0178244891134849,-0.0178244891134849,,,415.96357166656804,414.273650418291,-26.33001708984375,-36.649993896484375,31.877220638300926,0.0,0.0,23.101609433278274,16.4212830051357,0.3738485539165964,-2.3073110516181714,2.5939652908408917,420.6849990844727,453.5275650947441,387.84243307420127,0.03802326625313401
MSFT,2026-06-12 04:00:00,391.4299926757813,391.739990234375,382.2699890136719,390.739990234375,390.00579833984375,34865800,390.739990234375,0.0010247320290952544,0.0010242073496361669,0.0010242073496361669,,,413.561325815883,413.35076178362766,-21.0,-59.5,32.178508257133046,0.5699543149459615,0.18998477164865382,22.881061533741814,17.585991361802073,0.3712576198360255,-3.967296764659409,1.2817128797408317,419.75049896240233,454.92248168600645,384.5785162387982,0.08759065481175994
MSFT,2026-06-15 04:00:00,396.7999877929687,401.75,392.8500061035156,399.760009765625,399.0088806152344,32266400,399.760009765625,0.023084454513702557,0.022822039293822094,0.022822039293822094,,,412.24691476347743,412.817791116255,-3.649993896484375,-60.759979248046875,38.756423428336426,13.42264806332072,4.664200792755561,17.369556593114513,18.131731894760627,0.3637048260072592,-4.503098295008954,0.12475064479087467,418.6424987792969,454.90596256881815,382.3790349897756,0.23964857406798254
MSFT,2026-06-16 04:00:00,395.7900085449219,396.8399963378906,390.69000244140625,393.8299865722656,393.0899963378906,31506800,393.8299865722656,-0.014833957996038927,-0.014945081454071895,-0.014945081454071895,,,410.49292160240964,412.0731713302162,-3.529998779296875,-47.480010986328125,36.26610199377598,4.972913363639289,6.3218385806353234,14.278361894617131,18.909723506015315,0.365337319044072,-5.34461874253077,-0.9691232326734542,417.15699768066406,454.9764446926947,379.3375506686334,0.1916003147669248
MSFT,2026-06-17 04:00:00,390.25,390.3699951171875,377.3200073242187,378.9100036621094,378.1980285644531,41987800,378.9100036621094,-0.03788432424867805,-0.03862059048154452,-0.03862059048154452,,,407.48502465571437,410.7726549510748,-11.42999267578125,-48.42999267578125,30.888326044902925,0.0,6.13185380898667,14.41992778261023,20.752409562024024,0.384368015026473,-7.133220365273644,-2.2019426591934925,415.2314971923828,456.7363163164308,373.72667806833476,0.06244245491448698
MSFT,2026-06-18 04:00:00,377.8200073242187,381.3699951171875,373.2799987792969,379.3999938964844,378.6871032714844,59714200,379.3999938964844,0.0012931572923366996,0.0012923218845768704,0.0012923218845768704,,,404.810259821502,409.5423545175615,-11.339996337890625,-48.64999389648432,31.24889248883487,0.6004047571681358,1.857772706935808,12.371409993659517,22.178385597644677,0.38180641662505294,-8.414168622341151,-3.4443878518230244,413.1484970092773,457.5052682045667,368.79172581398797,0.11957890302465249
MSFT,2026-06-22 04:00:00,375.739990234375,381.6300048828125,367.0700073242187,367.3399963378906,366.6497802734375,45171100,367.3399963378906,-0.03178702623248908,-0.03230320168250443,-0.03230320168250443,,,401.2416632992533,407.88736007914304,-32.420013427734375,-49.33001708984375,27.4525831834749,0.0,0.20013491905604527,13.121558451260483,24.360180149198797,0.39370441933676525,-10.283923687426125,-4.812295018943645,410.56099700927734,459.28135730767497,361.8406367108797,0.05643800244219226
MSFT,2026-06-23 04:00:00,372.3800048828125,377.2200012207031,370.6700134277344,373.94000244140625,373.23736572265625,40647600,373.94000244140625,0.01796702283800511,0.017807523534874563,0.017807523534874563,,,398.6415051223155,406.556091152173,-19.889984130859375,-37.79998779296875,32.29986526063587,10.871367208804918,3.8239239886576843,11.967476948590324,25.600483436276388,0.4028372135545951,-11.105139577027899,-6.0708639305604954,408.3294967651367,459.5304636376895,357.1285298925839,0.16417143635850395
MSFT,2026-06-24 04:00:00,371.5700073242187,378.8800048828125,364.7799987792969,365.4599914550781,364.7733154296875,44509900,365.4599914550781,-0.022677464114465473,-0.02293855257082976,-0.02293855257082976,,,395.48136096353096,404.94447939934577,-13.45001220703125,-37.95001220703125,29.56641157763002,0.0,3.623789069601639,12.373023601077948,27.244449713339144,0.4075007471863386,-12.298456155231804,-7.316382375494758,405.8009963989258,460.2898958256041,351.3120969722475,0.1298236396008365
MSFT,2026-06-25 04:00:00,362.7699890136719,364.2300109863281,349.20001220703125,352.8299865722656,352.1670227050781,66179000,352.8299865722656,-0.03455919985256439,-0.03517049422135125,-0.03517049422135125,,,391.41932530722,402.9007737982838,-26.57000732421875,-44.529998779296875,26.03276512313127,0.0,3.623789069601639,14.706793426448987,29.63163655167576,0.4200636745688613,-14.100759206809869,-8.67325774175778,402.80899505615236,462.0722681595039,343.5457219528008,0.07833067710649068
MSFT,2026-06-26 04:00:00,357.1499938964844,376.6099853515625,355.42999267578125,372.9700012207031,372.2691955566406,186201600,372.9700012207031,0.05708135763656941,0.05551167425391712,0.05551167425391712,,,389.6622468227898,401.72701801092774,5.6300048828125,-17.3699951171875,38.62870819973311,34.18776675682242,11.39592225227414,14.271417434767754,29.77316070993472,0.45390925756423484,-13.74551673444654,-9.687709540295533,400.1079956054688,459.65431702533823,340.5616741855993,0.2721270286924036
MSFT,2026-06-29 04:00:00,377.5,380.5,359.8999938964844,368.5700073242187,367.8774719238281,51229900,368.5700073242187,-0.011797179081651565,-0.011867317971901962,-0.011867317971901962,,,387.6534621086402,400.4267430820372,-5.369995117187557,-22.169982910156307,37.14065703793053,31.119049888802028,21.768938881874817,13.699776014107357,28.088496791822955,0.3952010772943021,-13.661545458845012,-10.482476724005428,396.0244964599609,452.20149004360684,339.847502876315,0.2556429475452146
MSFT,2026-06-30 04:00:00,371.0299987792969,374.1499938964844,367.4500122070313,373.0199890136719,372.319091796875,44945700,373.0199890136719,0.012073640288203569,0.012001335301083138,0.012001335301083138,,,386.2597980043575,399.35196841268953,7.55999755859375,-26.740020751953125,39.6718123271651,43.02150535536737,36.10944066699727,10.669851795139571,24.03619605113274,0.3852965106528331,-13.085084575852193,-11.002998294374782,391.6494964599609,439.7218885622264,343.5771043576954,0.3062348613039885
MSFT,2026-07-01 04:00:00,380.8299865722656,388.8299865722656,374.8900146484375,384.2799987792969,383.5579528808594,48065800,384.2799987792969,0.030186076074363744,0.029739442308022564,0.029739442308022564,,,386.07124569720884,398.76091078000746,31.45001220703125,-9.54998779296875,45.636919339915856,67.0146956404689,47.05175029487943,8.829980942359322,21.029501558551097,0.3909651443591042,-11.586089263704196,-11.119616488240665,388.7979965209961,430.8569996380983,346.7389934038939,0.4462897666746874
MSFT,2026-07-02 04:00:00,384.4800109863281,392.2000122070313,383.7000122070313,390.489990234375,389.7562561035156,42128900,390.489990234375,0.01616006941502235,0.016030885383640066,0.016030885383640066,,,386.4920785102723,398.43656095468856,17.519989013671875,11.579986572265625,48.65239003884421,80.2471447903275,63.42778192872125,10.488276997466606,18.990357283812436,0.3870961251913446,-9.784243598069736,-10.85254191020648,386.9554962158203,424.9362107834452,348.9747816481954,0.5465301148068387
MSFT,2026-07-06 04:00:00,387.0400085449219,389.1499938964844,381.2200012207031,386.739990234375,386.0133056640625,34224500,386.739990234375,-0.009603319147180267,-0.009649728377271917,-0.009649728377271917,,,386.51568915066304,397.9778719068331,18.169982910156307,7.339996337890625,46.95848116397264,72.25652440527168,73.17278827868937,11.229777409471666,16.34819020323089,0.3867872419611457,-8.560185101084642,-10.394070548382112,384.88999633789064,417.58637674435244,352.19361593142884,0.5282904999496327
MSFT,2026-07-07 04:00:00,392.489990234375,395.5700073242187,388.2200012207031,388.8399963378906,388.109375,29297500,388.8399963378906,0.0054300205733650575,0.0054153311635238436,0.0054153311635238436,,,386.73705173992283,397.619523845306,15.82000732421875,21.5,48.04929658397907,87.8292921112805,80.11098710229322,11.941357395337862,14.590751679181933,0.37950621209090785,-7.33609108976367,-9.782474656658424,383.4984954833984,412.67999884176226,354.3169921250346,0.5915220300492376
MSFT,2026-07-08 04:00:00,384.0299987792969,385.30999755859375,381.3299865722656,383.3399963378906,382.6197204589844,25908300,383.3399963378906,-0.014144635458798516,-0.014245624245687366,-0.014245624245687366,,,386.413522654015,397.059542374427,-0.94000244140625,9.399993896484375,45.4150184447816,81.01435687411217,80.36672446355477,12.154272223186556,12.991952509658319,0.38028818744206067,-6.7321873362812426,-9.172417192582989,382.07849578857423,408.06240080789087,356.0945907692576,0.524274652874127
MSFT,2026-07-09 04:00:00,374.4500122070313,384.6499938964844,373.3500061035156,384.3599853515625,383.6377868652344,31083200,384.3599853515625,0.0026607946559606965,0.0026572610086787393,0.0026572610086787393,,,386.2179476728291,396.5615205303931,-6.1300048828125,18.899993896484375,46.006220331675614,83.7227714107207,84.18880679870445,11.680432849175771,12.006692381283917,0.37551003489916585,-6.1009566413080165,-8.558125082327996,381.12599487304686,405.1393796356147,357.112610110479,0.567337247757692
MSFT,2026-07-10 04:00:00,387.7999877929687,391.9100036621094,381.5,385.1000061035156,384.37640380859375,24644600,385.1000061035156,0.0019253324491523838,0.001923481372210687,0.001923481372210687,,,386.1114770471802,396.1120493763979,-1.639984130859375,32.27001953125,46.45930538207613,85.68777587166736,83.47496805216673,7.494652133904401,11.433532264173587,0.37273164178194046,-5.477843112141159,-7.942068688290629,380.5129959106445,403.3800604389917,357.64593138229736,0.600297311602563
MSFT,2026-07-13 04:00:00,387.75,393.6499938964844,384.1499938964844,390.989990234375,390.2553405761719,28914900,390.989990234375,0.015294687191659273,0.015178902564042165,0.015178902564042165,,,386.57609735072253,395.9111843120049,2.149993896484375,18.019989013671875,50.05191288714729,100.0,89.80351576079602,7.307443976888965,11.463819260569734,0.3720488189797344,-4.457366905208119,-7.2451283316741275,380.5454956054688,403.4731341266082,357.61785708432933,0.7277708325538265
MSFT,2026-07-14 04:00:00,382.8200073242187,388.19000244140625,378.6499938964844,384.9299926757813,384.2067260742187,27863900,384.9299926757813,-0.01549911176744212,-0.015620478686443676,-0.015620478686443676,,,386.41932547691863,395.4805493458785,1.5899963378906818,16.359985351562614,46.58817902704319,84.11950477716826,89.93576021627854,5.06157121916593,11.263756919711017,0.3761590331184915,-4.090470914077628,-6.614196848154828,380.25499572753904,402.7825095669611,357.727481888117,0.6037619371042456
MSFT,2026-07-15 04:00:00,387.7999877929687,398.9599914550781,386.3999938964844,395.6300048828125,394.8866271972656,36253700,395.6300048828125,0.027797294081065793,0.027417962843460368,0.027417962843460368,,,387.2965330393847,395.4864103473269,11.27001953125,22.610015869140625,52.799284755394794,100.0,94.70650159238943,3.9367202029091417,10.919959190840045,0.38030958624667743,-2.902839509479179,-5.8719253804196985,380.0484954833984,401.8884138650785,358.20857710171833,0.8567208706348522
MSFT,2026-07-16 04:00:00,398.30999755859375,405.989990234375,392.0499877929687,401.1000061035156,400.3463439941406,37047400,401.1000061035156,0.013826052506617614,0.01373134460185696,0.01373134460185696,,,388.6111495216829,395.70655135737354,16.0,16.82000732421875,55.639282116822265,100.0,94.70650159238943,5.6449559767689115,11.508026053744937,0.37950413738344974,-1.5029248984188257,-4.998125284019524,380.41199645996096,403.42804856745084,357.3959443524711,0.9494256779341921
MSFT,2026-07-17 04:00:00,394.8599853515625,398.3900146484375,389.3900146484375,393.8200073242187,393.08001708984375,33049800,393.8200073242187,-0.018150083940457806,-0.018316817278041613,-0.018316817278041613,,,389.10723121716245,395.6325692384263,2.830017089843693,3.330017089843693,51.22200638366468,77.620660767039,92.54022025567967,5.827911314322624,11.882454938470433,0.357665536316391,-0.9697389958120652,-4.192448026378033,381.1574966430664,404.92240652000726,357.39258676612553,0.7664119230142497
MSFT,2026-07-20 04:00:00,391.4100036621094,403.1799926757813,389.6499938964844,402.2900085449219,401.53411865234375,27915800,402.2900085449219,0.021507290292974268,0.02127927210075705,0.02127927210075705,,,390.3627338198062,395.89364528966144,17.360015869140568,15.550018310546875,55.635157375017535,100.0,92.54022025567967,6.9756233237422025,12.773242132179384,0.36417043060725274,0.1347200166659377,-3.327014417769239,382.30199737548827,407.848481639847,356.7555131111295,0.8912086485677392
MSFT,2026-07-21 04:00:00,398.80999755859375,401.4700012207031,396.3200073242187,397.75,397.0026245117187,24126600,397.75,-0.011285412136739392,-0.01134957559776861,-0.01134957559776861,,,391.0662829798246,395.9664435135963,2.1199951171875,8.910003662109375,52.87379612017167,76.04218669981995,84.55428248895298,7.227871709415515,12.70826393104264,0.3443388982729011,0.6363357121273907,-2.5343443917899133,383.82249755859374,409.239025420679,358.40596969650846,0.7739851508628447
MSFT,2026-07-22 04:00:00,399.5799865722656,401.0,386.9599914550781,390.3399963378906,389.6065673828125,28142500,390.3399963378906,-0.018629801790344125,-0.018805522396685516,-0.018805522396685516,,,390.9971128234499,395.7457985263137,-10.760009765625,7.0,48.631167317403225,36.9392901889673,70.99382562959575,6.616520713573811,12.565335694693465,0.34932396562560647,0.4309763698605593,-1.941280239459819,384.64249725341796,409.7731686428049,359.51182586403104,0.6133574785208248
MSFT,2026-07-23 04:00:00,389.9700012207031,391.7799987792969,377.3900146484375,381.5799865722656,380.8630065917969,30351800,381.5799865722656,-0.022441998892785864,-0.022697652711874124,-0.022697652711874124,399.7005975341797,,390.10024365667044,395.19027648890005,-12.240020751953068,-2.779998779296875,44.123655441996284,0.0,37.66049229626242,7.04704422644265,11.761407211111985,0.3490955003065461,-0.43363331116603376,-1.6397508538010621,385.44849700927733,408.9713114315013,361.92568258705336,0.4177710972935959
MSFT,2026-07-24 04:00:00,387.0499877929687,389.0299987792969,380.6499938964844,381.7000122070313,380.9828186035156,27659400,381.7000122070313,0.0003145490827332065,0.00031449962254198236,0.00031449962254198236,399.1791979980469,,389.30022161384767,394.66124651706207,-20.589996337890568,-3.399993896484318,44.199970584179084,0.5795533917064573,12.506281193557918,7.503123221846858,8.993252699727536,0.3203067727932996,-1.0965176737421416,-1.5311042177892782,386.8919982910156,404.8785036904707,368.9054928915605,0.35566996009848556
MSFT,2026-07-27 04:00:00,390.0799865722656,394.2000122070313,387.989990234375,389.1000061035156,388.368896484375,27856200,389.1000061035156,0.019386936494177,0.019201403944868193,0.019201403944868193,398.8569982910156,,389.28115347000653,394.44315865770733,-8.649993896484375,-1.889984130859375,48.839359076704184,36.31101667192238,12.296856687876279,7.5553770774679005,8.381488787171886,0.263683038598828,-1.0130626877361806,-1.4274959117786588,387.69849853515626,404.46147610950004,370.9355209608125,0.5418036581551123
MSFT,2026-07-28 04:00:00,393.1600036621094,400.3200073242187,391.2999877929687,393.3500061035156,392.61090087890625,32367500,393.3500061035156,0.010922641823010837,0.01086342061525974,0.01086342061525974,398.5353985595703,,389.66866324462643,394.40028993009196,3.010009765625,8.420013427734318,51.34158502164968,56.832482103544514,31.241017389057784,7.160580090773736,7.145391139945746,0.2600134991101123,-0.5971015142245051,-1.261417032267828,388.93749847412107,403.2282807540126,374.64671619422955,0.6543829981793009
MSFT,2026-07-29 04:00:00,393.3999938964844,401.25,388.739990234375,390.5400085449219,389.8061828613281,47209000,390.5400085449219,-0.007143758777149345,-0.007169397599894727,-0.007169397599894727,397.90779846191407,,389.7516485113212,394.24890634635983,8.96002197265625,-5.089996337890625,49.613780665547495,43.264183806691754,45.46922752738622,7.107186569257576,6.086780555987714,0.2603635630214745,-0.4885607816547122,-1.106845782145205,389.8134994506836,401.987060562659,377.6399383387082,0.529839628994165
MSFT,2026-07-30 04:00:00,437.8999938964844,458.69000244140625,432.44000244140625,451.1000061035156,450.2524108886719,110160700,451.1000061035156,0.15506733300956488,0.14415863925253233,0.14415863925253233,398.45899841308596,,395.5943492343873,396.47836123879733,69.39999389648432,50.0,71.71013876153323,100.0,66.69888863674542,19.996969604600142,14.878631184008455,0.5621767321465233,4.433042854310884,0.0011319451460128423,393.15449981689454,422.9117621849115,363.3972374488776,1.4736363777351513
MSFT,2026-07-31 04:00:00,450.0,466.8399963378906,449.3299865722656,464.7200012207031,463.8468017578125,60846000,464.7200012207031,0.030192850660396786,0.029746018366382666,0.029746018366382666,399.4049981689453,,402.1777446616555,399.1545039831858,75.6199951171875,70.89999389648443,74.42642852270394,100.0,81.08806126889725,29.154476126864978,21.818770655702718,0.5668586721151377,9.324976449053167,1.865900845927444,396.8660003662109,440.50354167761634,353.2284590548055,1.277472777055354
MSFT,2026-08-03 04:00:00,476.1300048828125,491.6499938964844,475.0,487.6499938964844,486.7337036132813,66762100,487.6499938964844,0.049341523101114504,0.04816284659081634,0.04816284659081634,400.73679809570314,,410.31795887449636,402.62491535233477,94.29998779296875,85.3599853515625,78.21826348847323,100.0,100.0,39.26186675200746,29.62500034533182,0.5790499418319272,14.880593621930132,4.4688394011279815,401.91150054931643,461.16150123998005,342.6614998586528,1.2235315809935363
MSFT,2026-08-04 04:00:00,480.8999938964844,499.44000244140625,479.1700134277344,492.80999755859375,491.884033203125,50455500,492.80999755859375,0.010581367223813976,0.010525776365323286,0.010525776365323286,402.21119812011716,,418.17434351107704,406.1615852427763,102.26998901367188,95.05999755859375,78.97379018441598,100.0,100.0,46.125596940935324,35.70814203354008,0.5786108811151979,19.475329948404465,7.470137510583278,407.11000061035156,478.5262846774317,335.6937165432714,1.1000031930234957
MSFT,2026-08-05 04:00:00,496.3599853515625,498.239990234375,485.6799926757813,487.4599914550781,486.5440673828125,33388900,487.4599914550781,-0.010856123313284671,-0.010915481007189708,-0.010915481007189708,403.58899780273435,,424.77297664860095,409.3497580354156,36.3599853515625,97.1199951171875,76.02918808162175,95.19014153098193,98.39671384366063,48.798253498992636,39.45378108671933,0.5767367553634302,22.42647239594976,10.461404487656575,412.3160003662109,491.2235625396496,333.4084381927722,0.9761520253515172
MSFT,2026-08-06 04:00:00,488.5499877929687,501.55999755859375,488.5199890136719,499.8599853515625,498.9207458496094,36441500,499.8599853515625,0.02543797258000624,0.025119811649815322,0.025119811649815322,405.2655975341797,,431.92412033459726,412.89917871448023,35.139984130859375,118.27999877929688,78.07013397750714,100.0,98.39671384366063,49.54792646933167,43.401924545221505,0.5774144457006729,25.47222200447601,13.463567991020463,418.09100036621095,504.89484945665396,331.28715127576794,0.9709986126315349
MSFT,2026-08-07 04:00:00,499.2099914550781,505.1799926757813,498.7300109863281,499.989990234375,499.0505065917969,28846200,499.989990234375,0.0002600825963716691,0.0002600487807563097,0.0002600487807563097,407.0119970703125,,438.40658413457606,416.3145046564369,12.339996337890625,118.2899780273437,78.09119552624063,100.0,98.39671384366063,47.128390552113345,46.31122828875926,0.5778729260237451,27.578582092924876,16.286570811401347,423.8354995727539,516.4579561502725,331.2130429952354,0.9111016565290787
MSFT,2026-08-10 04:00:00,503.44000244140625,513.72998046875,502.2699890136719,506.05999755859375,505.109130859375,31206100,506.05999755859375,0.012140257690705702,0.012067155817968927,0.012067155817968927,408.59339721679686,,444.8497663654349,419.8339357506391,13.25,116.95999145507812,79.10046066568795,100.0,100.0,43.117665784905306,49.080949623370074,0.5778267461309058,29.39879548617239,18.909015746355557,429.58899993896483,527.750899185705,331.4271006922247,0.8895146599976185
MSFT,2026-08-11 04:00:00,504.3299865722656,505.3299865722656,499.5499877929687,503.80999755859375,502.86334228515625,23049800,503.80999755859375,-0.0044461131305670865,-0.004456026486399258,-0.004456026486399258,409.66479736328125,,450.4650264790691,423.12711464506873,16.350006103515625,110.45999145507812,77.67212666018281,98.19248087932196,99.39749362644066,35.53481248360504,50.56395610489491,0.571846378427894,30.31037241266347,21.18928707961714,435.53300018310546,536.6609123928953,334.40508797331563,0.837577410051973
MSFT,2026-08-12 04:00:00,499.989990234375,501.5,491.5199890136719,492.4299926757813,491.5047302246094,29001500,492.4299926757813,-0.022587890152951817,-0.022846904365001,-0.022846904365001,410.3029974365234,,454.461689926375,425.84487456784177,-7.429992675781193,101.88998413085943,70.7167935055265,89.03987898978858,95.74411995637018,17.65034596912818,51.17260076988031,0.5832906746641584,29.771346852594093,22.90569903421253,440.3729995727539,542.7182011125145,338.02779803299325,0.7543206340885631
MSFT,2026-08-13 04:00:00,493.2699890136719,501.3399963378906,493.010009765625,496.8800048828125,495.9463806152344,23039000,496.8800048828125,0.00903684233945734,0.008996254420875625,0.008996254420875625,411.4143975830078,,458.5015294460357,428.6305659527426,-3.1099853515625,45.779998779296875,71.78093363035063,92.15116847943077,93.1278427828471,11.820641597359357,51.781956594472895,0.5832326884604675,29.364745500364506,24.19750832744293,445.16199951171876,548.7259127006646,341.598086322773,0.7496912475523085
MSFT,2026-08-14 04:00:00,496.3599853515625,500.010009765625,493.9200134277344,495.3999938964844,494.4691467285156,16217600,495.3999938964844,-0.0029786084603609098,-0.002983053343112236,-0.002983053343112236,412.77559753417967,,462.015668917507,431.24897489171286,-10.660003662109375,30.67999267578125,70.8586563247712,90.77215661711347,90.65440136211093,6.317319484400672,51.46177977812221,0.5756019399922291,28.59347865853607,25.07670239366156,450.24099884033205,553.1645583965765,347.31743928408764,0.7193812342424593
MSFT,2026-08-17 04:00:00,490.1400146484375,492.6600036621094,478.4100036621094,480.3500061035156,479.4474487304687,29635800,480.3500061035156,-0.030379467053674447,-0.030850487172740502,-0.030850487172740502,413.8215979003906,,463.76179626855543,433.1745055274698,-23.459991455078125,-7.29998779296875,62.11832232221196,77.74411885372035,86.88914798342152,7.6918309345263545,50.5863344703772,0.5932948878042876,26.46278932993181,25.35391978091561,454.14399871826174,555.3166676590162,352.9713297775073,0.6295112981580027
MSFT,2026-08-18 04:00:00,481.5400085449219,484.2699890136719,477.1499938964844,481.6300048828125,480.72503662109375,24087600,481.6300048828125,0.002664721063875719,0.002661176989285627,0.002661176989285627,415.1207977294922,,465.4635304222942,435.0747211884637,-10.799987792968807,-11.17999267578125,62.541520079125455,55.54949695407204,74.68859080830195,8.852065046678234,49.12067425728407,0.5890319361650265,24.593983754816236,25.201932575695736,458.33799896240237,556.5793474769705,360.09665044783424,0.6185448198370169
MSFT,2026-08-19 04:00:00,480.0700073242187,489.2999877929687,479.3599853515625,484.30999755859375,483.3999938964844,19961900,484.30999755859375,0.005564422167662286,0.005548997962039852,0.005548997962039852,416.57219787597654,,467.2584320543227,437.0055163402335,-12.57000732421875,-3.149993896484375,63.461903539565505,47.38751348155104,60.22704309644781,9.176066469543333,46.709218319299985,0.579743177966161,23.063335113066387,24.77421308316987,463.0364990234375,556.4549356620374,369.6180623848375,0.6138613495398948
MSFT,2026-08-20 04:00:00,483.2999877929687,484.1600036621094,479.5,481.1499938964844,481.1499938964844,20020800,481.1499938964844,-0.006524754141023159,-0.006546133396321431,-0.006546133396321431,418.1269976806641,,468.5814379440524,438.73667232283157,-14.25,-18.709991455078125,61.54178771829911,3.111583270521624,35.34953123538157,9.754046125337599,42.704921694590695,0.5701260083948502,21.34919887525291,24.08921024158648,468.01499938964844,553.4248427788298,382.60515600046705,0.5768939151836668
MSFT,2026-08-21 04:00:00,479.8800048828125,486.3599853515625,478.5299987792969,483.239990234375,483.239990234375,22510800,483.239990234375,0.004343752186226402,0.004334345325575278,0.004334345325575278,419.8445977783203,,469.9774905431308,440.48190047622546,2.889984130859375,-16.75,62.35309656952279,11.240704361605527,20.579933704559398,9.70594176532151,37.63851707107211,0.5692491834583938,19.929642284259273,23.257296650121038,473.0919982910156,548.3690324331599,397.8149641488714,0.5674043023812355
MSFT,2026-08-24 04:00:00,483.2099914550781,490.6099853515625,481.8599853515625,487.30999755859375,487.30999755859375,17230800,487.30999755859375,0.00842233136012771,0.00838706142570108,0.00838706142570108,421.78399780273435,,471.6282054969844,442.3182964402399,5.67999267578125,-18.75,63.94809299073601,27.071154291276194,13.807813974467782,8.039686379311755,32.10323644067014,0.5686767602988911,18.915008590292985,22.388839038155428,478.0024978637695,542.2089707451098,413.79602498242923,0.5724810075771128
MSFT,2026-08-25 04:00:00,485.44000244140625,492.44000244140625,484.2999877929687,491.7099914550781,491.7099914550781,19519000,491.7099914550781,0.009029147603226262,0.008988628568926814,0.008988628568926814,423.80339782714844,,473.54075654061234,444.2552256565081,7.399993896484375,-12.100006103515625,65.64278198979127,44.18509967773142,27.498986110204385,6.206181241756231,25.256426688920836,0.5687327396712002,18.255508672628196,21.56217296504998,482.92049713134764,533.4333505091893,432.40764375350597,0.5870025521819578
MSFT,2026-08-26 04:00:00,487.8500061035156,497.3999938964844,487.30999755859375,496.3699951171875,496.3699951171875,20758900,496.3699951171875,0.00947713844154241,0.009432512096829729,0.009432512096829729,425.7355975341797,,475.7149697383814,446.29894210594654,15.220001220703125,3.940002441406193,67.39108606512637,62.31036304178809,44.52220567026524,6.666122774245208,12.991069228864657,0.56467511243157,17.90250465693225,20.83023930342644,488.2119964599609,514.1941349176902,462.2298580022316,0.6569924406048975
MSFT,2026-08-27 04:00:00,494.8800048828125,506.4800109863281,490.0799865722656,505.05999755859375,505.05999755859375,28688800,505.05999755859375,0.017507106648045223,0.017355622730905317,0.017355622730905317,427.96019775390624,,478.5097342926873,448.6032972217366,21.82000732421875,8.17999267578125,70.41449119535112,96.1104615622014,67.53530809390696,8.22011067145722,10.17623907723794,0.2772855933666695,18.115136980052682,20.287218838751688,490.90999603271484,511.2624741871907,470.55751787823897,0.8476235527310237
MSFT,2026-08-28 04:00:00,505.3299865722656,517.780029296875,504.8699951171875,513.530029296875,513.530029296875,29207300,513.530029296875,0.01677034764032892,0.016631278037042205,0.016631278037042205,430.65259826660156,,481.84500048356233,451.1494435776244,26.22003173828125,18.130035400390625,73.03843721020654,100.0,86.1402748679965,11.297034673747698,9.386973414941862,0.2658412836418451,18.750960996034962,19.979967270208345,493.3504974365234,512.1244442664072,474.5765506066397,1.0374344575278773
MSFT,2026-08-31 04:00:00,510.3800048828125,512.1900024414062,506.3900146484375,507.2900085449219,507.2900085449219,27208900,507.2900085449219,-0.012151228547426784,-0.012225658281366231,-0.012225658281366231,433.2103985595703,,484.2683345846442,453.3510343606557,15.58001708984375,26.94000244140625,68.23689460318145,81.1934406567805,92.43463407299396,11.81686398471307,9.778380687504104,0.21787352914388985,18.53764811670817,19.69150343950831,494.33249816894534,513.8892595439536,474.77573679393714,0.8312795541018116
MSFT,2026-09-01 04:00:00,497.5199890136719,505.9700012207031,496.7799987792969,501.0199890136719,501.0199890136719,21046900,501.0199890136719,-0.012359832493516909,-0.012436850500924182,-0.012436850500924182,435.8839984130859,,485.8637302445516,455.22040513136227,4.649993896484375,19.389984130859375,63.7050917992082,62.29646914259278,81.16330326645776,11.293980391059103,9.88287241494217,0.2211419794581478,17.659094894039526,19.285021730414552,494.74299774169924,514.5087425715835,474.9772529118149,0.658784587325096
MSFT,2026-09-02 04:00:00,499.8500061035156,500.2699890136719,493.80999755859375,496.8200073242187,496.8200073242187,15336100,496.8200073242187,-0.008382862523552026,-0.008418196319730929,-0.008418196319730929,438.3415985107422,,486.9071852045199,456.85176208010176,-8.239990234375057,12.510009765624943,60.792593965724045,49.63830532824752,64.37607170920693,10.64004605353444,9.740429769000695,0.21955533838917105,16.43448519855599,18.714914424042842,495.21099853515625,514.6918580731576,475.7301389971549,0.5412971713574481
MSFT,2026-09-03 04:00:00,501.6600036621094,515.6500244140625,500.7999877929687,510.1199951171875,510.1199951171875,24125900,510.1199951171875,0.026770233881280525,0.026418180386706572,0.026418180386706572,441.2347985839844,,489.11792900572635,458.9407123952816,-3.4100341796875,28.970001220703125,66.0809814763244,89.72262870397878,67.21913439160636,9.964055974126369,10.254768288219138,0.22149082259945999,16.348713264513037,18.24167419213688,495.7239990234375,516.2335355998757,475.2144624469992,0.8509585904122384
MSFT,2026-09-04 04:00:00,510.0,511.0,499.3599853515625,499.7000122070313,499.7000122070313,18101800,499.7000122070313,-0.020426532992031565,-0.02063803980793024,-0.02063803980793024,444.17219909667966,,490.1257464534697,460.5391163094679,-7.589996337890568,16.460021972656307,59.329120119439686,57.28844357694294,65.54979253638975,8.235622658575808,10.24862243815629,0.23447811863857748,15.263979200683309,17.646135193846167,495.7095001220703,516.2067449983829,475.2122552457578,0.5973426455370249
MSFT,2026-09-08 04:00:00,493.010009765625,495.19000244140625,490.1499938964844,493.9500122070313,493.9500122070313,18882300,493.9500122070313,-0.01150690386138653,-0.011573620575305154,-0.011573620575305154,446.59179931640625,,490.48996223952315,461.8493475211371,-7.069976806640568,6.640014648437557,55.932870073750635,39.530587759618435,62.18055334684672,7.224398776108133,9.958549326284171,0.23331613611383478,13.78147839055248,16.87320383318743,495.1040008544922,515.0210995070605,475.1869022019239,0.4710302020492306
MSFT,2026-09-09 04:00:00,493.0700073242187,494.3900146484375,489.7999877929687,491.6499938964844,491.6499938964844,12889600,491.6499938964844,-0.004656378689556373,-0.004667253391759441,-0.004667253391759441,449.05339904785154,,490.60044144494805,463.0180003201703,-5.170013427734318,-0.05999755859375,54.586800457994414,32.42738888380996,43.08214007345711,7.233504392914383,9.768434367895269,0.2333563013997785,12.279443777892993,15.954451822128542,494.4960006713867,514.0328694071773,474.95913193559613,0.4271631802058285
MSFT,2026-09-10 04:00:00,488.3200073242187,494.5199890136719,486.0,492.44000244140625,492.44000244140625,16038800,492.44000244140625,0.001606851530009834,0.0016055619253740484,0.0016055619253740484,451.4417993164063,,490.775637730325,464.17180432492466,-17.67999267578125,-3.92999267578125,54.98749989340169,30.373061546893638,34.11034606344068,7.6415187885157145,9.768323200048954,0.21900249954248685,11.025719976368407,14.968705452976515,494.49650115966796,514.0331475597659,474.95985475957,0.4473681747587089
MSFT,2026-09-11 04:00:00,495.6499938964844,498.9700012207031,492.5799865722656,495.6300048828125,495.6300048828125,14510500,495.6300048828125,0.006477951477521948,0.006457059725150248,0.006457059725150248,453.6687994384766,,491.2379584115143,465.4054592487634,-4.070007324218807,-9.42999267578125,56.650766847492115,31.73149219370142,31.51064754146834,7.688201951522314,9.756261795876254,0.21780141149050788,10.172281637435788,14.00942068986837,494.43400115966796,513.9465247514205,474.9214775679155,0.5306470794902726
MSFT,2026-09-14 04:00:00,497.05999755859375,509.9500122070313,495.3399963378906,505.4100036621094,505.4100036621094,23091900,505.4100036621094,0.019732459058061425,0.019540297849702796,0.019540297849702796,455.9671997070312,,492.58767700680903,466.9742649120319,11.459991455078068,-8.120025634765625,61.36433396532443,62.8884255158899,41.66432641882832,6.455666836005871,10.060442897424501,0.22830339148809498,10.167880771521482,13.241112706198994,494.9345016479492,515.0553874427982,474.8136158531002,0.7603141362902112
MSFT,2026-09-15 04:00:00,500.05999755859375,505.8999938964844,495.5400085449219,497.1199951171875,497.1199951171875,17794600,497.1199951171875,-0.01640254147099185,-0.016538552489505042,-0.016538552489505042,458.1747998046875,,493.0193263506546,468.1564504102733,5.470001220703125,-10.170013427734375,55.82337159789463,24.99996513079439,39.87329428012857,5.847554650000865,9.461959737471199,0.20642533456548992,9.387248291549042,12.470339823269004,495.7730010986328,514.6969205735752,476.8490816236904,0.5355897207324913
MSFT,2026-09-16 04:00:00,493.0299987792969,495.9700012207031,487.2300109863281,490.2999877929687,490.2999877929687,16670300,490.2999877929687,-0.013719036432262466,-0.013814012062414834,-0.013814012062414834,460.20399963378907,,492.76034172611304,469.02482442528094,-2.140014648437557,-10.720001220703182,51.68836226763273,0.0,29.29613021556143,6.2778176069668605,8.965477830625023,0.21358444434495608,8.124618290874594,11.601195516790122,496.2065002441406,514.1374559053907,478.2755445828906,0.3352984480370927
MSFT,2026-09-17 04:00:00,497.7999877929687,501.4700012207031,493.1700134277344,497.75,497.75,17841600,497.75,0.015194803982285787,0.015080519184184037,0.015080519184184037,462.49219970703126,,493.235547276007,470.1513018987994,2.1199951171875,0.9299926757813068,55.56079217670642,32.07059361378468,19.023519581526358,6.276574800452464,8.5194514092134,0.2189531123871769,7.637092987307312,10.808375010893561,496.8785003662109,513.9174031846377,479.83959754778414,0.5255738190151128
MSFT,2026-09-18 04:00:00,497.9700012207031,498.6499938964844,491.1000061035156,493.7799987792969,493.7799987792969,39622300,493.7799987792969,-0.007975893964245362,-0.008007871553246362,-0.008007871553246362,464.68059997558595,,493.2873998001299,471.07791746274046,-11.6300048828125,-16.339996337890625,53.11743348210968,17.558071141960813,16.542888251915162,4.464600143097731,7.723099115857794,0.21971408484336538,6.851401065341747,10.0169802217832,497.51000061035154,512.9561988420671,482.06380237863596,0.37925825581482325
MSFT,2026-09-21 04:00:00,494.9500122070313,501.8699951171875,491.3299865722656,501.6099853515625,501.6099853515625,27959900,501.6099853515625,0.015857237214189634,0.015732824730232506,0.015732824730232506,467.0107995605469,,494.0800269955044,472.2752534583806,4.489990234375,1.9099731445311932,57.12244586206273,57.06353874437624,35.56406783337391,4.686600984863545,6.994670083003882,0.22545542180160918,6.782366140047031,9.370057405435967,498.4285003662109,512.4178405322186,484.43916020020316,0.6137110452529488
MSFT,2026-09-22 04:00:00,507.3200073242187,508.5,493.6499938964844,498.0,498.0,21652800,498.0,-0.007196797226898033,-0.0072228190966389695,-0.0072228190966389695,469.1509997558594,,494.4533577578373,473.284067048248,7.700012207031307,4.049987792968693,54.79817013629497,38.84969405446372,37.82376798026692,4.668178100874218,6.490606500337777,0.2262740774580825,6.363010986599761,8.768648121668726,498.96300048828124,511.9442134889568,485.9817874876057,0.46290791591544167
MSFT,2026-09-23 04:00:00,500.760009765625,509.44000244140625,495.8800048828125,500.5899963378906,500.5899963378906,19445600,500.5899963378906,0.005200795859218177,0.0051873184291455834,0.0051873184291455834,471.4641998291016,,495.0377995273662,474.3548878047046,2.839996337890625,8.94000244140625,56.17592515649926,51.91727922495864,49.2768373412662,4.517650057125047,6.268256423504477,0.22491123852241018,6.1685528279574555,8.248629062926472,499.40700073242186,511.9435135794308,486.8704878854129,0.5471820042744585
MSFT,2026-09-24 04:00:00,495.0700073242187,498.8999938964844,491.2200012207031,497.9299926757813,497.9299926757813,16657600,497.9299926757813,-0.005313737153296749,-0.005327905267274431,-0.005327905267274431,473.51019958496096,,495.31324649388193,475.2794017212174,4.149993896484432,5.489990234375057,54.343887254415456,50.496339308256054,47.087770862559466,4.187973004750782,6.238109545361071,0.22357866580562133,5.733708647109779,7.745644979763134,499.48500061035156,511.96121970107373,487.0087815196294,0.4376811226517085
MSFT,2026-09-25 04:00:00,499.0400085449219,519.4000244140625,497.25,516.1699829101562,516.1699829101562,38193100,516.1699829101562,0.03663163597829633,0.035976645291274645,0.035976645291274645,475.81159912109376,,497.29960234305094,476.88295392470525,14.55999755859375,20.53997802734375,63.205194297495375,99.99999999999999,67.47120617773822,7.054687728525893,7.183690071942824,0.2507022887458457,6.782719308764911,7.55305984556349,500.0404998779297,514.4078800218153,485.673119734044,1.0613230411770933
MSFT,2026-09-28 04:00:00,505.4700012207031,513.3300170898438,502.2200012207031,509.2200012207031,509.2200012207031,19626900,509.2200012207031,-0.013464521222774861,-0.013555989870956294,-0.013555989870956294,478.1195989990234,,498.4348784266369,478.1510734265091,11.220001220703125,3.80999755859375,58.542729533191064,73.13497100416659,74.54377010414088,7.4775766152555,6.812796325960454,0.24877142418026865,6.9728833184954055,7.437024540149873,499.8249984741211,513.450591126042,486.1994058222002,0.844755747019104
MSFT,2026-09-29 04:00:00,508.30999755859375,513.6400146484375,502.3999938964844,508.9599914550781,508.9599914550781,21341800,508.9599914550781,-0.0005106039923838956,-0.0005107343949936996,-0.0005107343949936996,480.25299865722656,,499.4372701436313,479.35926629037453,8.3699951171875,11.839996337890625,58.369254244310795,72.12990793999826,81.75495964805495,7.855267300103868,6.918518099086461,0.24484326885813054,7.021667637482324,7.353953159616363,499.9084976196289,513.7455338178019,486.071461421456,0.8270748773731031
MSFT,2026-09-30 04:00:00,511.6099853515625,519.8300170898438,510.30999755859375,512.9000244140625,512.9000244140625,27223300,512.9000244140625,0.0077413412156819295,0.00771153078341669,0.00771153078341669,482.5559991455078,,500.7194372170057,480.6745901383623,14.970031738281193,22.600036621093807,60.289534043859334,87.36003435145123,77.54163776520535,7.541811076695212,7.504172714093928,0.24151280022789126,7.294174589114903,7.341997445516072,500.50249938964845,515.5108448178363,485.4941539614606,0.9130210449824036
MSFT,2026-10-01 04:00:00,519.8800048828125,522.8499755859375,512.1699829101562,512.7999877929688,512.7999877929688,19731900,512.7999877929688,-0.00019504117046598157,-0.00019506019346862263,-0.00019506019346862263,485.00519897460936,,501.8699658432879,481.9344096542292,-3.3699951171875,15.04998779296875,60.213590878835525,86.97334459507285,82.15442896217412,7.723976192779094,7.930086077600306,0.2389321967295049,7.4165725604877935,7.356912468510417,501.30149841308594,517.1616705682866,485.44132625788535,0.8624957304171627
MSFT,2026-10-02 04:00:00,519.3900146484375,522.5,513.6599731445312,517.530029296875,517.530029296875,17803300,517.530029296875,0.009223950110185841,0.009181669281001252,0.009181669281001252,487.72419982910156,,503.36140045791524,483.330316306882,8.310028076171875,23.750030517578125,62.611721607153775,99.99999999999999,91.44445964884136,7.4709456448384,8.515289465560711,0.22243382722811747,7.8052743097612165,7.446584836760577,501.6720001220703,518.7025790531917,484.6414211909489,0.9655751645008966
NVDA,2026-05-12 04:00:00,218.5500030517578,223.75,214.9199981689453,220.77999877929688,220.27650451660156,159176600,220.77999877929688,,,,,,220.77999877929688,220.77999877929688,,,,,,,,,0.0,0.0,,,,
NVDA,2026-05-13 04:00:00,224.92999267578125,227.83999633789065,221.57000732421875,225.8300018310547,225.3149871826172,150405400,225.8300018310547,0.02287346263103318,0.02261578687616553,0.02261578687616553,,,221.26095145089286,220.97803811465994,,,,,,,,,0.4028492462940676,0.08056984925881353,,,,
NVDA,2026-05-14 04:00:00,229.8500061035156,236.5399932861328,229.3000030517578,235.7400054931641,235.202392578125,180782900,235.7400054931641,0.043882582392764435,0.04294701416288998,0.04294701416288998,,,222.63990897872822,221.5569387961699,,,,,,,,,1.5044226032306938,0.36534040005318963,,,,
NVDA,2026-05-15 04:00:00,229.7599945068359,231.5,224.2400054931641,225.32000732421875,224.80616760253903,180977600,225.32000732421875,-0.044201229855521884,-0.04520787956784813,-0.04520787956784813,,,222.8951564402035,221.70451011099536,,,,,,,,,1.51910930982379,0.5960941820073098,,,,
NVDA,2026-05-18 04:00:00,229.8699951171875,230.0,218.3699951171875,222.32000732421875,221.81300354003903,146280900,222.32000732421875,-0.013314396868819633,-0.01340382815362892,-0.01340382815362892,,,222.84038033391923,221.72864725661196,1.540008544921875,,,,,,,,1.2739879624557204,0.731672938096992,,,,
NVDA,2026-05-19 04:00:00,219.6199951171875,224.47999572753903,217.91000366210935,220.61000061035156,220.1068878173828,140948200,220.61000061035156,-0.00769164563481417,-0.007721378904410723,-0.007721378904410723,,,222.62796321738898,221.6847787606802,-5.220001220703125,,,,,,,,0.9310121494519592,0.7715407803679855,,,,
NVDA,2026-05-20 04:00:00,223.17999267578125,226.1300048828125,220.5,223.47000122070312,222.9603729248047,184201600,223.47000122070312,0.01296405694410474,0.012880742844461066,0.012880742844461066,,,222.70815731294272,221.75478748460267,-12.270004272460966,,,,,,,,0.8798372774177778,0.7932000797779439,,,,
NVDA,2026-05-21 04:00:00,222.2899932861328,227.3999938964844,217.92999267578125,219.5099945068359,219.0093994140625,203381800,219.5099945068359,-0.017720529342800884,-0.017879417779403245,-0.017879417779403245,,,222.40357037902777,221.66675638743536,-5.810012817382841,,,,,,,,0.5138183973398327,0.7373237432903217,,,,
NVDA,2026-05-22 04:00:00,220.8999938964844,221.0099945068359,214.8000030517578,215.3300018310547,214.83892822265625,169275700,215.3300018310547,-0.01904237975665868,-0.019226020917385397,-0.019226020917385397,,,221.7298971839827,221.41825620875377,-6.9900054931640625,,,,,,,,-0.11225072098685018,0.5674088504348873,,,,
NVDA,2026-05-26 04:00:00,216.5399932861328,218.17999267578125,212.0,214.86000061035156,214.37001037597656,187202600,214.86000061035156,-0.00218270197699566,-0.0021850875429076126,-0.0021850875429076126,,,221.07562131982735,221.16106971469878,-5.75,,,,,5.96666864670722,,,-0.6389744783531626,0.32613218467727734,,,,
NVDA,2026-05-27 04:00:00,214.1199951171875,214.1499938964844,208.77999877929688,212.6000061035156,212.1151580810547,167601200,212.6000061035156,-0.01051845155178266,-0.010574161462327206,-0.010574161462327206,,,220.2684198706548,220.8253417299465,-10.869995117187528,-8.179992675781278,,,,6.722749217271077,,,-1.2246524884777727,0.01597525004626733,,,,
NVDA,2026-05-28 04:00:00,211.27999877929688,215.52000427246097,211.22000122070312,214.25,213.76138305664065,143996000,214.25,0.007761024690098095,0.007731062861125708,0.007731062861125708,,,219.69523702583055,220.56748519151722,-5.259994506835909,-11.580001831054688,,,,6.90031123018335,,,-1.5379374278760167,-0.2948072855381895,,,,
NVDA,2026-05-29 04:00:00,214.5800018310547,217.86000061035156,211.1300048828125,211.13999938964844,210.6584930419922,289410600,211.13999938964844,-0.014515755474219683,-0.014622139807083814,-0.014622139807083814,,,218.8804524890513,220.19777986595375,-4.19000244140625,-24.600006103515653,,,,4.927178497736496,,,-2.013953455547977,-0.6386365195401471,,,,
NVDA,2026-06-01 04:00:00,215.72999572753903,224.8699951171875,215.6999969482422,224.36000061035156,223.8483428955078,212850700,224.36000061035156,0.06261249056985307,0.06073048968974255,0.06073048968974255,,,219.4023142148894,220.36100420887132,9.5,-0.9600067138671875,,53.73982902717174,,4.774416236865479,,,-1.3093624572799172,-0.7727817070881011,,,,
NVDA,2026-06-02 04:00:00,227.17999267578125,232.27999877929688,221.3500061035156,222.82000732421875,222.3118438720703,193362900,222.82000732421875,-0.006863938678656645,-0.006887603858815382,-0.006887603858815382,,,219.7278087967303,220.45743570359085,10.220001220703153,0.5,71.7717464840386,47.479695270893004,,4.828796258203005,,,-0.865259430667038,-0.7912772518038885,,,,
NVDA,2026-06-03 04:00:00,221.72000122070312,222.82000732421875,214.5099945068359,214.75,214.26025390625,160907000,214.75,-0.03621760640406191,-0.03688974263736772,-0.03688974263736772,,,219.25373176847026,220.2336146956069,0.5,-5.8600006103515625,63.23905316242451,14.6747955881021,38.631439962055616,4.818267438800184,,,-1.1512162256440206,-0.8632650465719149,,,,
NVDA,2026-06-04 04:00:00,213.91000366210935,221.6000061035156,210.97000122070312,218.66000366210935,218.4156036376953,169022200,218.66000366210935,0.018207234747889878,0.01804346788993575,0.01804346788993575,,,219.19718623453113,220.17190445899914,7.520004272460909,-4.809997558593778,65.3862375921621,53.03244051173927,38.39564379024479,4.35245765011471,,,-1.0502280523592162,-0.9006576477293753,,,,
NVDA,2026-06-05 04:00:00,214.52999877929688,214.8699951171875,204.3300018310547,205.1000061035156,204.87075805664065,219655500,205.1000061035156,-0.062014073591381336,-0.06402033391723569,-0.06402033391723569,,,217.8545976506249,219.5808496215292,-19.259994506835966,-14.409988403320312,53.67679177324093,0.0,22.569078699947124,5.578560134270049,,,-2.0408470602733644,-1.1286955302381732,,,,
NVDA,2026-06-08 04:00:00,210.17999267578125,210.47000122070312,206.0,208.63999938964844,208.40679931640625,138372800,208.63999938964844,0.017259839984335112,0.017112580975841913,0.017112580975841913,,,216.97701686386523,219.15179667125938,-14.180007934570312,-6.69000244140625,55.89725275900063,18.38003268836026,23.80415773336651,5.973331361816557,,,-2.5113229204544893,-1.4052210082814365,,,,
NVDA,2026-06-09 04:00:00,210.6199951171875,211.3999938964844,199.33999633789065,208.19000244140625,207.95730590820312,180962500,208.19000244140625,-0.0021568105327770537,-0.0021591397984066225,-0.0021591397984066225,,,216.14015834744058,218.72192238773573,-6.55999755859375,-6.6699981689453125,55.532846134997584,16.043599268909023,11.474543985756426,6.318156546869736,7.349520092736043,,-2.8872074914481516,-1.7016183049147795,218.2140022277832,232.91304241325528,203.5149620423111,0.1590253628844335
NVDA,2026-06-10 04:00:00,204.42999267578125,207.22000122070312,199.9199981689453,200.4199981689453,200.19598388671875,161746600,200.4199981689453,-0.03732169739825886,-0.03803598052040507,-0.03803598052040507,,,214.64300023520292,218.0041998693518,-18.240005493164034,-12.180007934570284,49.52872655245767,0.0,11.474543985756426,7.660399965031199,8.321213307210892,0.47036721595111064,-3.768630701380829,-2.1150207842079896,217.1960021972656,233.8384288116874,200.55357558284382,-0.004013159168229512
NVDA,2026-06-11 04:00:00,201.4900054931641,205.66000366210935,199.5399932861328,204.8699951171875,204.64100646972656,158643200,204.8699951171875,0.022203357892913722,0.02196045231330065,0.02196045231330065,,,213.71223784301097,217.48913301632575,-0.23001098632809658,-9.3800048828125,52.68395613981802,18.588122366042633,11.543907211650554,8.032840159705174,8.494665923754026,0.46986539608796746,-4.061271571395594,-2.5042709416455105,216.14800186157225,233.1373337090803,199.1586700140642,0.1680856302763025
NVDA,2026-06-12 04:00:00,204.86000061035156,207.07000732421875,203.44000244140625,205.19000244140625,204.96066284179688,112001800,205.19000244140625,0.0015620019126554308,0.0015607832565316107,0.0015607832565316107,,,212.90059637619146,217.0068141702505,-3.4499969482421875,-5.9499969482421875,52.91192865699189,19.924827844673956,12.837650070238864,8.310538315091385,7.471326397552392,0.4357292370982708,-4.218738659402305,-2.8471644851968696,214.62050170898436,229.56315450408914,199.6778489138796,0.18444360593496653
NVDA,2026-06-15 04:00:00,208.9199981689453,212.7100067138672,208.33999633789065,212.4499969482422,212.21253967285156,149936700,212.4499969482422,0.03538181402824003,0.034770261132300154,0.034770261132300154,,,212.8576821449582,216.82811545566193,4.2599945068359375,-11.910003662109375,57.87116264530325,50.25061634283704,29.58785551785121,6.977420077501594,7.043262763612759,0.43505045499015826,-3.714888654766497,-3.020709319110795,213.97700119018555,228.06352671741107,199.89047566296003,0.4457991170714146
NVDA,2026-06-16 04:00:00,211.17999267578125,211.4900054931641,207.2899932861328,207.41000366210935,207.1781768798828,125694100,207.41000366210935,-0.023723197733726997,-0.024009123899062405,-0.024009123899062405,,,212.33885562278212,216.4587777382677,6.990005493164034,-15.410003662109403,53.64711851844366,29.198014955396292,33.124486380969095,5.3761573113894725,6.90136428735814,0.44003354024321534,-3.679850210657662,-3.1525374974201688,213.23150100708008,227.03422958179635,199.42877243236381,0.28911787935776295
NVDA,2026-06-17 04:00:00,208.52999877929688,209.2100067138672,203.0800018310547,204.6499938964844,204.42124938964844,128363500,204.6499938964844,-0.013307023368657078,-0.01339635518291949,-0.01339635518291949,,,211.60658307742042,215.99568817584483,-0.22000122070309658,-10.100006103515597,51.43313404108619,17.66915328389005,32.37259486070779,5.022839595921154,6.925968177381856,0.44122005596038055,-3.830634542466612,-3.2881569064294576,212.43350067138672,226.28543702615045,198.581564316623,0.21904625549966703
NVDA,2026-06-18 04:00:00,207.3300018310547,211.38999938964844,206.5,210.69000244140625,210.4545135498047,241272000,210.69000244140625,0.029513846689763312,0.029086697312463505,0.029086697312463505,,,211.5192896835143,215.78762206861197,5.5,-7.970001220703097,55.73810108501233,42.89892742324078,29.92203188750904,3.452263724469092,6.425609501915217,0.4529190384989,-3.423292416597036,-3.3151840084629733,211.79450073242188,224.64571973625232,198.94328172859144,0.45702748934998216
NVDA,2026-06-22 04:00:00,211.44000244140625,213.9900054931641,207.72000122070312,208.6499938964844,208.41677856445312,122041400,208.6499938964844,-0.009682512322762848,-0.009729692641559026,-0.009729692641559026,,,211.24602341808287,215.5077150814697,-3.800003051757784,3.549987792968807,53.9971766485328,36.74103733837794,32.436372681836254,3.445000868569357,6.193981757983239,0.45027086506250447,-3.2278735703784776,-3.297721920846074,211.2515007019043,223.63946421787077,198.86353718593782,0.3949986088485455
NVDA,2026-06-23 04:00:00,202.1699981689453,203.77000427246097,200.0,200.0399932861328,199.81640625,153496200,200.0399932861328,-0.04126528091164572,-0.04214086479707103,-0.04214086479707103,,,210.17878245313526,214.9011377561624,-7.370010375976534,-8.600006103515625,47.284409247847115,0.0,26.546654920539577,4.0436994240791755,6.594723965152523,0.46851292447504117,-3.7248204082652023,-3.3831416183299,210.48700027465821,223.67644820496326,197.29755234435316,0.1039634470021453
NVDA,2026-06-24 04:00:00,200.1199951171875,201.6699981689453,196.5800018310547,199.0,198.7775726318359,151810700,199.0,-0.00519892681982459,-0.005212488263586544,-0.005212488263586544,,,209.1141365052176,214.277563726509,-5.649993896484403,-9.19000244140625,46.531931496825095,0.0,12.24701244612598,4.56590101643631,6.983319832439035,0.4685078149591523,-4.154680552987429,-3.537449405261406,209.69400024414062,223.6606399090187,195.72736057926255,0.11715915564740884
NVDA,2026-06-25 04:00:00,200.0800018310547,200.8000030517578,192.1300048828125,195.7400054931641,195.5212249755859,149550000,195.7400054931641,-0.016381881943899,-0.01651754866324471,-0.01651754866324471,,,207.8404097421649,213.55060065853468,-14.949996948242159,-4.679992675781222,44.15961831050688,0.0,0.0,5.30578524283368,7.604100279617494,0.4701140997483114,-4.704175321585922,-3.770794588526309,208.85100021362305,224.05920077285805,193.64279965438806,0.06894983501195778
NVDA,2026-06-26 04:00:00,193.1199951171875,195.5500030517578,191.22000122070312,192.52999877929688,192.31480407714844,179304100,192.52999877929688,-0.016399339040476968,-0.016535296660330382,-0.016535296660330382,,,206.3822753647489,212.72626332993713,-16.11999511718753,-12.339996337890625,41.894693861384454,0.0,0.0,6.5860591903293395,8.310622393126925,0.4698841467310623,-5.337151242003358,-4.084065919221719,207.7650001525879,224.38624493884174,191.14375536633406,0.04170095052415294
NVDA,2026-06-29 04:00:00,193.8500061035156,196.17999267578125,189.8000030517578,194.97000122070312,194.7520751953125,148835700,194.97000122070312,0.012673362368860186,0.012593727434429082,0.012593727434429082,,,205.29539211293502,212.02993932565346,-5.0699920654296875,-10.220001220703125,44.2359644413154,12.249009365925252,4.083003121975084,7.091504236060947,8.740439536217785,0.4726797678805824,-5.577606241397689,-4.3827739836569135,206.9565002441406,224.4373793165762,189.47562117170503,0.15715399741142916
NVDA,2026-06-30 04:00:00,197.2400054931641,200.6300048828125,195.11000061035156,200.08999633789065,199.86634826660156,166476700,200.08999633789065,0.026260425117358377,0.025921540190744215,0.025921540190744215,,,204.79964013435935,211.56170626730983,1.0899963378906534,-12.360000610351534,48.88976395768045,37.95179846140544,16.733602609110232,6.208658312136192,7.8348942086965945,0.4230118013304072,-5.294001787228439,-4.565019544371219,205.74300003051758,221.41278844791077,190.07321161312439,0.3196209309899747
NVDA,2026-07-01 04:00:00,196.1999969482422,199.8500061035156,193.4499969482422,197.5800018310547,197.35916137695312,146147600,197.5800018310547,-0.012544327816355949,-0.012623672142353588,-0.012623672142353588,,,204.11205553404463,211.01340413255474,1.8399963378905966,-9.830001831054659,46.826598791950545,25.351423272872672,25.18407703340112,5.918746949225461,6.918637094256609,0.4237104790315239,-5.21170154263001,-4.694355944022977,204.4809997558594,218.3182739443726,190.64372556734617,0.2506373787644735
NVDA,2026-07-02 04:00:00,197.13999938964844,200.05999755859375,192.3500061035156,194.8300018310547,194.61224365234375,142068700,194.8300018310547,-0.013918412665829716,-0.014016182027723867,-0.014016182027723867,,,203.22805041947416,210.37876090504494,2.3000030517578125,-9.819992065429716,44.60559159411656,11.546201120356773,24.949807618211626,5.948720039993442,6.795247271657223,0.4091297988668106,-5.307201903213809,-4.816925135861143,203.4849998474121,217.07549439072653,189.89450530409766,0.18157898931591643
NVDA,2026-07-06 04:00:00,194.4199981689453,197.5500030517578,193.9900054931641,195.5500030517578,195.33143615722656,108999000,195.5500030517578,0.0036955356666652506,0.0036887239515329033,0.0036887239515329033,,,202.496807813025,209.79724098922978,0.5800018310546875,-15.139999389648438,45.3366279780539,15.160665411952872,17.352763268394106,4.512761404565602,5.996982360175129,0.40157139117229795,-5.264107194860543,-4.906361547661024,202.32949981689453,214.32346453724477,190.33553509654428,0.21737882663462021
NVDA,2026-07-07 04:00:00,192.3699951171875,198.41000366210935,191.13999938964844,196.92999267578125,196.7098846435547,124154600,196.92999267578125,0.007056965494693257,0.00703218164456726,0.00703218164456726,,,201.9666349428113,209.29264301615336,-3.1600036621094034,-11.720001220703153,46.786150645969585,24.229036394221154,16.9786343088436,2.4693893083234144,6.07606896572655,0.3387236224299647,-5.060269066515104,-4.93714305143184,201.9209991455078,214.0731370769609,189.7688612140547,0.29464492182859237
NVDA,2026-07-08 04:00:00,195.17999267578125,205.16000366210935,195.05999755859375,204.1199951171875,203.891845703125,147419100,204.1199951171875,0.03651044893523969,0.03585973382237286,0.03585973382237286,,,202.17171686418047,209.089794078939,6.5399932861328125,4.0800018310546875,53.6782489211083,63.821552867156136,34.40375155777672,3.2813433442434943,5.89434503535554,0.3587237551081506,-4.269338496941231,-4.8035821405337185,201.69499893188475,213.48368900259584,189.90630886117367,0.6028526566886185
NVDA,2026-07-09 04:00:00,204.4600067138672,204.58999633789065,198.9600067138672,202.77999877929688,202.5533447265625,132037400,202.77999877929688,-0.006564748040099211,-0.006586390769892467,-0.006586390769892467,,,202.22964847514393,208.84235112601186,7.9499969482421875,3.779998779296875,52.3182479013514,56.44271989540673,48.164436385594676,3.709918196051202,5.701576474604823,0.359241781254373,-3.7079044138653217,-4.584446595200039,201.42449874877929,212.82765169798893,190.02134579956964,0.5594353174317258
NVDA,2026-07-10 04:00:00,202.0,211.0,201.9199981689453,210.9600067138672,210.7242126464844,148421000,210.9600067138672,0.04033932332484791,0.03954693236574592,0.03954693236574592,,,203.06111116454613,208.92539644318268,15.410003662109375,15.220001220703097,59.12625664150549,100.0,73.42142425418763,5.5619294052808135,6.07849450435754,0.35962075786632336,-2.5732428393089037,-4.182205844021812,201.95149917602538,214.10848818474045,189.7945101673103,0.8705073489572053
NVDA,2026-07-13 04:00:00,208.5399932861328,210.57000732421875,203.0,203.52999877929688,203.3025054931641,121411000,203.52999877929688,-0.03521998340020871,-0.03585516570320906,-0.03585516570320906,,,203.10576712785573,208.7138122210695,6.600006103515625,11.0,51.88037491248551,59.685270017527316,72.04266330431135,5.209260019801456,6.05195956208123,0.37642436432166637,-2.247645454145726,-3.795293766046595,201.88449935913087,213.98841848329334,189.7805802349684,0.5679738274556533
NVDA,2026-07-14 04:00:00,208.1999969482422,212.5500030517578,203.8000030517578,211.8000030517578,211.5632781982422,124379600,211.8000030517578,0.040632851776453593,0.039829039408852435,0.039829039408852435,,,203.9337895967988,208.83483931246906,7.6800079345703125,16.830001831054688,58.04362703496909,100.0,86.5617566725091,6.012314857944009,6.411766870898936,0.40257289566005383,-1.3072181539594965,-3.2976786436291756,202.21499938964843,215.0385331314463,189.39146564785057,0.8737270808149942
NVDA,2026-07-15 04:00:00,211.9600067138672,213.80999755859375,206.0399932861328,212.5,212.26248168945312,124797200,212.5,0.0033049902651376417,0.0032995407884884027,0.0032995407884884027,,,204.74961915900843,208.97857110413693,9.720001220703125,12.410003662109347,58.5278213055649,100.0,86.5617566725091,6.84003331997952,6.415976240455246,0.3831986123940242,-0.49967885276907964,-2.7380786854571566,202.21749954223634,215.04945202314684,189.38554706132584,0.9006600115243747
NVDA,2026-07-16 04:00:00,210.1699981689453,211.0800018310547,205.8500061035156,207.3999938964844,207.16818237304688,122986100,207.3999938964844,-0.024000028722426348,-0.02429272199776052,-0.02429272199776052,,,205.00203580067281,208.91666611560154,-3.560012817382784,9.819992065429716,53.66824572578461,74.46166353646306,91.48722117882102,6.668963949281198,6.4155502489152845,0.3834356459619453,-0.26813511390867006,-2.2440899711474596,202.21699905395508,215.04809955178564,189.38589855612452,0.7019700041865329
NVDA,2026-07-17 04:00:00,202.63999938964844,206.6499938964844,197.97000122070312,202.80999755859375,202.58331298828125,144281900,202.80999755859375,-0.022131130535045118,-0.02237969823856905,-0.02237969823856905,,,204.79327025380815,208.6771889172875,-0.720001220703125,7.9799957275390625,49.67096280456398,45.161270823240685,73.20764478656791,5.874583084074524,6.391974074972703,0.3888848539789256,-0.44982408490207604,-1.885236793898383,202.12499923706054,214.90894738700595,189.34105108711512,0.5267913446416841
NVDA,2026-07-20 04:00:00,205.8699951171875,207.7400054931641,202.27999877929688,203.27999877929688,203.05279541015625,88701500,203.27999877929688,0.0023174460152899368,0.0023147648787335633,0.0023147648787335633,,,204.64914916099755,208.4655344020722,-8.520004272460938,7.7299957275390625,50.08096389293642,47.82115350239763,55.814695954033795,4.952908806896323,6.076350425022846,0.37320956980427555,-0.5495538185314217,-1.6181001988249908,201.75449905395507,213.90719990400078,189.60179820390937,0.5627638145695023
NVDA,2026-07-21 04:00:00,207.5399932861328,208.6499938964844,204.0099945068359,207.2899932861328,207.0583038330078,108685600,207.2899932861328,0.019726458731385677,0.01953441361577837,0.01953441361577837,,,204.90065812529616,208.41943475046673,-5.2100067138671875,10.360000610351562,53.5572371703469,70.51495611910319,54.499126814913836,3.9087927977763597,6.002280366897181,0.3793582361827251,-0.30154132645887444,-1.3547884243517676,201.6864990234375,213.69105975723187,189.68193828964314,0.7333902250550809
NVDA,2026-07-22 04:00:00,205.80999755859375,214.38999938964844,204.9499969482422,212.05999755859375,211.8229827880859,137645600,212.05999755859375,0.02301126164771805,0.02275049536218918,0.02275049536218918,,,205.5824999760864,208.5622019194129,4.660003662109347,7.94000244140625,57.36100782661213,97.50988971702586,71.94866644617555,4.138147700637884,6.416239626851287,0.35354548934727276,0.2767199848080395,-1.0284867425198063,202.28749923706056,215.11997849076315,189.45501998335797,0.8807720288623693
NVDA,2026-07-23 04:00:00,209.4600067138672,210.8699951171875,205.9600067138672,208.7599945068359,208.5266571044922,110505300,208.7599945068359,-0.015561648070122391,-0.015684001522929113,-0.015684001522929113,209.46320007324218,,205.88511850282447,208.5699584914687,5.949996948242159,5.979995727539034,54.06210527389738,77.93506686411557,81.9866375667482,3.8087208503030454,6.523307028523401,0.3586562905189629,0.4633721079133011,-0.7301149724331849,202.77549896240234,215.82211301944915,189.72888490535553,0.729350524138529
NVDA,2026-07-24 04:00:00,207.4499969482422,211.91000366210935,204.80999755859375,206.83999633789065,206.6088104248047,114836800,206.83999633789065,-0.009197155678610569,-0.009239710638928122,-0.009239710638928122,209.18440002441406,,205.97605924902126,208.50211683838722,3.5599975585937784,-4.120010375976534,52.18173914518635,63.648034684573624,79.69766375523835,3.678240197779868,6.363459163153315,0.3544725088462291,0.4511666853829297,-0.493858640869962,203.33049850463868,216.0574168309453,190.60358017833207,0.6378769684566066
NVDA,2026-07-27 04:00:00,208.1999969482422,208.75,195.44000244140625,196.5099945068359,196.2903594970703,154353700,196.5099945068359,-0.04994199387907461,-0.05123223717692165,-0.05123223717692165,208.59799987792968,,205.07452927357502,208.03183753126757,-10.779998779296903,-7.020004272460966,43.42951028711732,0.0,47.1943671828964,4.984858939929635,6.06306809630696,0.3982169520979749,-0.3875831983974649,-0.4726035523754626,203.5294982910156,215.65563448362954,191.4033620984017,0.2105630485803339
NVDA,2026-07-28 04:00:00,195.0,198.6999969482422,192.7400054931641,197.0099945068359,196.789794921875,134111500,197.0099945068359,0.002544399847217882,0.0025411683422597504,0.0025411683422597504,207.82339965820313,,204.3064783434094,207.59960839305458,-15.050003051757841,-14.790008544921903,43.91981250975221,3.1269532722409363,22.258329318938184,5.540823459527578,5.927127470295604,0.3959351191165354,-1.0004204783006685,-0.5781669375605039,203.63149795532226,215.48575289591346,191.77724301473106,0.22071195188264955
NVDA,2026-07-29 04:00:00,195.8500061035156,197.07000732421875,190.0099945068359,190.0099945068359,189.7976226806641,147680800,190.0099945068359,-0.03553119230079016,-0.03617778754375249,-0.03617778754375249,207.11719940185546,,202.9449084542119,206.90981961320287,-18.75,-22.49000549316409,38.84394814615051,0.0,1.0423177574136455,6.784276434524754,6.630903572542082,0.40436610940378187,-2.027567401549021,-0.8680470303582073,203.12749786376952,216.38930500885368,189.86569071868536,0.005440577840254666
NVDA,2026-07-30 04:00:00,193.4499969482422,197.25,191.52000427246097,195.0399932861328,194.82199096679688,129010200,195.0399932861328,0.026472285272951535,0.02612795786536209,0.02612795786536209,206.57159912109375,,202.19205939058534,206.4443362278276,-11.800003051757841,-12.360000610351591,43.86439592904729,22.36548488538959,8.497479385876842,7.054015324985912,6.765699860591583,0.4148657769310142,-2.4079524968960015,-1.1760281236657661,203.00049743652343,216.5318971577066,189.46909771534027,0.20585067641122917
NVDA,2026-07-31 04:00:00,198.44000244140625,202.0,194.9499969482422,200.75,200.5256195068359,139961200,200.75,0.029276081370092744,0.028855721516937157,0.028855721516937157,206.17439910888672,,202.0547204010058,206.22102892477554,4.240005493164091,-2.05999755859375,48.984283532667796,47.7545703420506,23.373351742480065,7.056545711364647,6.5142540826994715,0.42434475433125013,-2.223034842322079,-1.3854294673970289,203.2964973449707,216.32500551036964,190.26798917957177,0.4022721054228725
NVDA,2026-08-03 04:00:00,197.69000244140625,208.7400054931641,196.8500061035156,206.63999938964844,206.40904235839844,128406900,206.63999938964844,0.029339972053043173,0.02891779300701876,0.02891779300701876,205.83779907226562,,202.4914136380194,206.23745913908428,9.630004882812528,3.3600006103515625,53.677566185459995,73.94397875032654,48.02134465925557,7.215432553831359,6.288234837145138,0.43537967051889204,-1.5829651064609038,-1.4249365952098039,203.85099716186522,216.4274668361555,191.27452748757494,0.6108817617349602
NVDA,2026-08-04 04:00:00,211.3000030517578,213.05999755859375,209.0500030517578,211.94000244140625,211.70310974121097,134922000,211.94000244140625,0.025648485614655492,0.025325081432127396,0.025325081432127396,205.68639923095702,,203.39127923834195,206.46108828819496,21.93000793457034,4.6500091552734375,57.46916342690362,99.45580453251713,73.71811787496476,7.719911492033658,6.314405975447051,0.44254464894322165,-0.6406542140481406,-1.2680801189774713,204.60149765014648,217.23030960104057,191.9726856992524,0.7905461265792392
NVDA,2026-08-05 04:00:00,216.86000061035156,222.22000122070312,216.3999938964844,219.22000122070312,218.9749755859375,158187400,219.22000122070312,0.0343493379986608,0.03377257008995301,0.03377257008995301,205.76419921875,,204.8987765699954,206.96143781496,24.180007934570312,7.160003662109375,62.06260508575523,100.0,91.13326109428122,8.93563247805901,7.106820394853051,0.4405889582367376,0.6856650967496307,-0.8773310758320509,205.35649795532225,219.57013874502834,191.14285716561616,0.9876830458323247
NVDA,2026-08-06 04:00:00,221.52999877929688,223.6300048828125,217.0,218.9900054931641,218.7452392578125,113940600,218.9900054931641,-0.0010491548501885273,-0.0010497055983854902,-0.0010497055983854902,205.84679931640625,,206.24079837220194,207.43314635136016,18.24000549316409,10.230010986328182,61.8353861600304,99.2126132328828,99.5561392551333,10.138387503203374,7.697323493357363,0.4393329841762761,1.6986430731350879,-0.3621362460386232,206.16699829101563,221.56164527773035,190.7723513043009,0.916476169061053
NVDA,2026-08-07 04:00:00,221.5399932861328,224.7599945068359,220.66000366210935,223.9600067138672,223.70968627929688,105669400,223.9600067138672,0.022695105237842572,0.02244140270108172,0.02244140270108172,206.07399932861327,,207.9283420237891,208.08125852243887,17.32000732421875,17.120010375976534,64.83169991369412,100.0,99.73753774429427,11.90708556724176,8.617287426601346,0.42485372522693404,2.8693963648534577,0.28417027613979295,206.81699829101564,224.05157314421834,189.58242343781293,0.9973435251193872
NVDA,2026-08-10 04:00:00,223.3999938964844,224.13999938964844,216.77000427246097,217.5500030517578,217.3068389892578,115846600,217.5500030517578,-0.028621197847608748,-0.02903877126413205,-0.02903877126413205,206.13999938964844,,208.84469069311945,208.45258183731414,5.6100006103515625,21.040008544921903,58.45713685804719,81.11928908001447,93.44396743763242,11.901390319799242,8.901390218667066,0.4172078511868203,3.2426142201927064,0.8758590649503757,207.51799850463868,225.3207789419728,189.71521806730456,0.7817538693585487
NVDA,2026-08-11 04:00:00,222.1699981689453,222.1999969482422,216.1999969482422,217.5,217.25689697265625,101273100,217.5,-0.00022984624709898593,-0.0002298726657958751,-0.0002298726657958751,206.26719940185546,,209.6690058652033,208.80738254957635,-1.720001220703125,20.49000549316409,58.4088904611511,80.97200473898717,87.36376460633387,11.536053566134056,9.133917420154974,0.39433259095307893,3.4940796557719125,1.3995031831146831,207.8029983520508,226.07083319236074,189.53516351174085,0.7654119038385362
NVDA,2026-08-12 04:00:00,221.0399932861328,225.1000061035156,220.1999969482422,224.08999633789065,223.8395233154297,108783600,224.08999633789065,0.030298833737428366,0.029848890004184028,0.029848890004184028,206.26179931640624,,211.04243352926878,209.4067007373534,5.0999908447265625,34.080001831054744,62.76997062237553,100.0,87.36376460633387,9.829672592284012,9.791587633969263,0.40714631927807954,4.176975876917595,1.9549977218752657,208.38249816894532,227.96567343688383,188.7993229010068,0.9010457434515632
NVDA,2026-08-13 04:00:00,225.05999755859375,227.22999572753903,223.7100067138672,225.3000030517578,225.04818725585935,98867200,225.3000030517578,0.005399646274448999,0.0053851204505836634,0.0053851204505836634,206.31139923095702,,212.40029729331536,210.02996749478103,1.339996337890625,30.260009765625,63.526214195273624,100.0,93.65733491299572,7.97487836994836,10.490207764504476,0.3945265869953637,4.760932416221493,2.516184660744511,209.277498626709,230.25791415571794,188.29708309770004,0.881844306250632
NVDA,2026-08-14 04:00:00,226.77000427246097,227.4900054931641,224.5,225.16000366210935,224.90834045410156,75680900,225.16000366210935,-0.0006213909798141737,-0.0006215841232049227,-0.0006215841232049227,206.51959930419923,,213.6155074236767,210.62330224644097,7.610000610351534,24.410003662109347,63.36583555416727,99.60328887574437,99.86776295858147,6.102343207396415,10.945544581193547,0.38250563238361707,5.153024540818478,3.0435526367593044,210.39499893188477,232.28608809427186,188.50390976949768,0.8372377824762042
NVDA,2026-08-17 04:00:00,225.97999572753903,227.9199981689453,224.86000061035156,225.0099945068359,224.7584991455078,93678700,225.0099945068359,-0.0006662335798259811,-0.0006664556120397798,-0.0006664556120397798,206.64659912109374,,214.70069666969187,211.18748625665253,7.509994506835909,18.36999511718747,63.18177459488362,99.17821344658293,99.59383410744243,4.514988646081224,11.275635610903391,0.38295280668298043,5.389528756639663,3.5127478607353764,211.48149871826172,234.0327699400685,188.93022749645493,0.7999497379884357
NVDA,2026-08-18 04:00:00,220.4499969482422,221.63999938964844,218.69000244140625,219.7400054931641,219.4944000244141,103128200,219.7400054931641,-0.023421133026656382,-0.023699766977055732,-0.023699766977055732,206.93939910888673,,215.18063084335589,211.52287916788828,-4.3499908447265625,7.800003051757841,56.92583492321707,81.62592278833363,93.46914170355365,3.3146627610630266,11.375280878737758,0.3919508704432577,5.093006967299061,3.8287996820481136,212.10399932861327,234.85456108608878,189.35343757113776,0.6678201673864546
NVDA,2026-08-19 04:00:00,221.6699981689453,222.8699951171875,216.7599945068359,217.55999755859375,217.31683349609375,96797300,217.55999755859375,-0.009920851370135098,-0.009970390938206692,-0.009970390938206692,207.11779907226563,,215.40723719718807,211.75962890870025,-7.7400054931640625,-1.660003662109375,54.52093464656462,68.47248663535352,83.09220762342336,3.4870747715710024,11.44045630039371,0.38716971747267664,4.628745593778177,3.9887888643941265,212.37899932861328,235.2599119294007,189.49808672782586,0.613216599363309
NVDA,2026-08-20 04:00:00,218.36000061035156,219.86000061035156,215.66000366210935,216.8500061035156,216.60763549804688,92457000,216.8500061035156,-0.003263428309641103,-0.003268764905368552,-0.003268764905368552,207.2909991455078,,215.54464375969545,211.95925154379105,-8.30999755859375,-2.1399993896484943,53.72488006019743,54.7159952310159,68.27146821823435,3.7154588776870097,11.448780808826664,0.38243388714324034,4.155621317893434,4.022155355093989,212.78349990844725,235.6810615261006,189.88593829079392,0.5887978000228021
NVDA,2026-08-21 04:00:00,218.4199981689453,218.7400054931641,214.5,214.72000122070312,214.48001098632812,98869300,214.72000122070312,-0.009822480160760039,-0.009871038959221035,-0.009871038959221035,207.57699920654298,,215.4661063750295,212.0675162370033,-10.289993286132784,-9.240005493164062,51.30469366199975,20.808373145903026,47.998951670757485,4.101588855538668,11.36878722633085,0.38268429814969956,3.5676674778403594,3.931257779643263,213.1775001525879,235.9150746052496,190.4399256999262,0.5339196485387354
NVDA,2026-08-24 04:00:00,215.52999877929688,215.58999633789065,207.25,208.47999572753903,208.2469787597656,135187300,208.47999572753903,-0.029061128249297186,-0.02949176658526032,-0.02949176658526032,207.64919921875,,214.80076250383993,211.9268291582008,-11.260009765625057,-9.070007324218778,44.92048781751132,0.0,25.174789458972977,5.539770707155942,10.74301215690578,0.34896872710124366,2.568584487143653,3.658723121143341,213.77600021362304,235.2620245274346,192.28997589981148,0.3767569930869052
NVDA,2026-08-25 04:00:00,211.02999877929688,214.72999572753903,210.11000061035156,213.0500030517578,212.81187438964844,122309000,213.0500030517578,0.02192060350092917,0.021683801386910503,0.021683801386910503,207.80639923095703,,214.63402350840354,211.97087519324225,-4.5099945068359375,-4.4499969482421875,49.84311501367202,27.170067385395964,15.992813510432995,5.881219189160498,9.998415465720553,0.3552258831082611,2.121114528989665,3.351201402712606,214.57800064086913,234.57483157231025,194.58116970942802,0.46179400640156326
NVDA,2026-08-26 04:00:00,212.63999938964844,213.6000061035156,209.22999572753903,209.66000366210935,209.4256591796875,179900000,209.66000366210935,-0.015911754710582704,-0.01603970577873782,-0.01603970577873782,207.75059936523436,,214.160307332566,211.88025278025665,-7.19000244140625,-14.429992675781307,46.52165216873961,7.0155019068942,11.39518976409672,6.251117516120281,8.273901741618245,0.3314798138993747,1.4759331058601504,2.976147743342115,215.5605010986328,232.1083045818693,199.01269761539632,0.321713575384767
NVDA,2026-08-27 04:00:00,222.86000061035156,230.47000122070312,220.8999938964844,227.97999572753903,227.7251739501953,298909800,227.97999572753903,0.0873795275466771,0.08377069857680251,0.08377069857680251,208.16199920654296,,215.47646813208723,212.51161524877753,13.259994506835909,2.6799926757812216,61.466041969818995,100.0,44.72852309743005,6.663967552130779,7.1803531964208585,0.42915255961008525,2.4150532028629357,2.8639288352462793,217.20750122070314,231.56820761354484,202.84679482786143,0.8750684058343258
NVDA,2026-08-28 04:00:00,227.36000061035156,229.2599945068359,216.80999755859375,217.5500030517578,217.3068389892578,195116400,217.5500030517578,-0.0457495958910632,-0.04682916387358994,-0.04682916387358994,208.41999938964844,,215.67394764824633,212.70919908418853,9.070007324218778,-7.610000610351534,52.47524685099965,46.51285807291681,51.17611999327033,6.147243607284674,6.046956278420913,0.46268809753264006,2.2912868750636335,2.7494004432097503,218.04750137329103,230.14141393013284,205.9535888164492,0.47943187040608426
NVDA,2026-08-31 04:00:00,218.8699951171875,221.3000030517578,216.2100067138672,220.77999877929688,220.53323364257812,124702700,220.77999877929688,0.014847141724795065,0.014738001866623338,0.014738001866623338,208.62179931640625,,216.1602382321559,213.0257010330163,7.7299957275390625,-4.229995727539034,54.68579435400734,63.076938726963284,69.86326559996003,5.666118921988438,5.439071059713287,0.45524512276960344,2.4258708999240923,2.684694534552619,218.75450134277344,229.6326434622,207.87635922334687,0.5930994196567001
NVDA,2026-09-01 04:00:00,216.75,220.41000366210935,215.1000061035156,217.44000244140625,217.1969757080078,109756200,217.44000244140625,-0.015128165397036097,-0.015243763430370854,-0.015243763430370854,208.7975994873047,,216.2821205377988,213.19881089216886,7.779998779296903,-2.300003051757841,51.99270288852541,45.94875237880623,51.8461830595621,5.572066302772972,5.210638903873102,0.45198852477632745,2.237230517519521,2.5952017311459996,219.02950134277344,229.45077915051965,208.60822353502724,0.42373781168247393
NVDA,2026-09-02 04:00:00,218.7899932861328,227.9499969482422,218.47999572753903,224.41000366210935,224.1591796875,157104700,224.41000366210935,0.032054824974449225,0.031551790623530966,0.031551790623530966,209.28499969482422,,217.05620464487598,213.6384655105979,-3.5699920654296875,6.850006103515597,56.77645342807327,81.69234838241186,63.57267982939379,6.123340607799041,5.348049849600165,0.44993523771012406,2.619951335036177,2.600151651924035,219.28900146484375,229.98510116404407,208.59290176564343,0.7393864278232403
NVDA,2026-09-03 04:00:00,226.02000427246097,230.3999938964844,224.75,228.4499969482422,228.1946563720703,134681600,228.4499969482422,0.0180027325885872,0.01784260239642501,0.01784260239642501,209.87399963378905,,218.14132772138706,214.21930988070162,10.899993896484375,11.599990844726591,59.30754376992802,100.0,75.88036692040602,7.094185612256601,5.725248670405483,0.4536810959995733,3.212225498821539,2.722566421303536,219.76200103759766,231.2124983784086,208.3115036967867,0.8793719893580284
NVDA,2026-09-04 04:00:00,231.08999633789065,234.7599945068359,229.6300048828125,230.36000061035156,230.10252380371097,135352400,230.36000061035156,0.00836070775935327,0.008325950637283775,0.008325950637283775,210.56639953613282,,219.3050108536694,214.85227814460947,9.580001831054688,15.639999389648438,60.485639140950006,100.0,93.89744946080395,7.906501666761913,6.136334074544761,0.4480245960681496,3.7920163694333553,2.9364564109295,220.08200073242188,232.3546688815114,207.80933258333235,0.9187353456099187
NVDA,2026-09-08 04:00:00,233.11000061035156,233.7100067138672,224.8500061035156,225.72999572753903,225.47769165039065,122965600,225.72999572753903,-0.020098996659771995,-0.020303729419847545,-0.020303729419847545,211.23039947509767,,219.9169141749903,215.27885530472437,8.289993286132784,17.25,56.235446411456124,78.83910489229575,92.9463682974319,6.98672556769384,6.23057209004265,0.4411717041142393,3.8337094954212887,3.115907027827858,220.49100036621093,232.95214454629624,208.0298561861256,0.7102132551239063
NVDA,2026-09-09 04:00:00,225.27999877929688,226.17999267578125,223.4600067138672,223.6699981689453,223.4199981689453,82955500,223.6699981689453,-0.009125936284871017,-0.009167832732412291,-0.009167832732412291,211.8043994140625,,220.27435074584315,215.60791973077227,-0.7400054931640341,10.6199951171875,54.40374334263031,69.4241272923048,82.75441072820018,6.328824483139655,6.22743101034712,0.44286692465529476,3.65835576329701,3.224396774921688,220.79950027465821,233.25436229535245,208.34463825396398,0.6152360375216384
NVDA,2026-09-10 04:00:00,220.52999877929688,220.9900054931641,217.1999969482422,218.36000061035156,218.36000061035156,105768000,218.36000061035156,-0.023740321017854726,-0.0240266634270483,-0.0240266634270483,212.16979949951173,,220.09203168532014,215.71584447114793,-10.089996337890625,8.699996948242216,49.89253584745411,45.155405292316004,64.47287915897219,4.753934874249827,6.199826799372577,0.4382291046164589,3.055690147832621,3.190655449503875,220.51300048828125,232.9126540870264,208.1133468895361,0.41318306351124306
NVDA,2026-09-11 04:00:00,221.2400054931641,222.0,218.1499938964844,218.2899932861328,218.2899932861328,89060100,218.2899932861328,-0.00032060507429509943,-0.00032065647908931683,-0.00032065647908931683,212.5839993286133,,219.92040898063564,215.81679148350028,-12.07000732421875,-9.690002441406222,49.833864990464,44.83544501537044,53.13832586666374,4.720640213101255,6.112491739891159,0.43754299712965544,2.5431089229831514,3.0611461441997303,220.1625,232.3874834797823,207.93751652021768,0.42341475483529545
NVDA,2026-09-14 04:00:00,211.2400054931641,212.77000427246097,208.92999267578125,210.9600067138672,210.9600067138672,132267200,210.9600067138672,-0.03357912317427003,-0.03415584935928981,-0.03415584935928981,212.90659942626954,,219.0670373361815,215.62632933567153,-14.769989013671847,-6.589996337890625,43.99967335747531,6.2802089053845656,32.090353071023664,5.8208330579700345,6.322546931404915,0.45250440971306594,1.5278043744105787,2.7544777902419,219.4525001525879,232.09759401539773,206.80740628977807,0.1641980861961897
NVDA,2026-09-15 04:00:00,213.3800048828125,213.94000244140625,211.16000366210935,212.1699981689453,212.1699981689453,88059700,212.1699981689453,0.005735643802473378,0.005719257624555324,0.005719257624555324,213.2389993286133,,218.41017646311138,215.49078693697638,-11.5,-8.610000610351562,45.141406466818985,12.125579115358795,21.080411012037928,6.582781360180599,6.3801633811902745,0.4535558058096185,0.8114505065675246,2.365872333507025,218.81050033569335,231.5708270980739,206.0501735733128,0.23979889816280867
NVDA,2026-09-16 04:00:00,214.13999938964844,216.7599945068359,212.5,213.8999938964844,213.8999938964844,96563600,213.8999938964844,0.008153818836165172,0.008120756059029677,0.008120756059029677,213.57839935302735,,217.98063526628977,215.42840289617277,-4.460006713867159,-3.5400085449218466,46.811121208193704,15.154577874119816,11.186788631621054,6.882886580015411,6.4684132013404225,0.4482702304601613,0.37896265667575335,1.9684903981407709,218.51849975585938,231.45532615854023,205.58167335317853,0.32149772611859806
NVDA,2026-09-17 04:00:00,218.3800048828125,219.91000366210935,217.1499938964844,219.33999633789065,219.33999633789065,94191300,219.33999633789065,0.025432457207263504,0.025114433082098275,0.025114433082098275,213.88279937744142,,218.11009822548985,215.5817987174166,1.050003051757841,-5.070007324218693,51.78109090301011,43.195836394268504,23.491997794582364,6.759128157274843,6.466776338012288,0.4565417830060926,0.4697605456000531,1.6687444276326273,218.6074996948242,231.54105237084877,205.67394701879965,0.5283176889372515
NVDA,2026-09-18 04:00:00,219.3500061035156,222.72999572753903,218.02999877929688,222.27000427246097,222.27000427246097,190287400,222.27000427246097,0.013358292985729214,0.013269857682593715,0.013269857682593715,214.2725994873047,,218.50627975377282,215.84408128820266,11.309997558593778,-6.179992675781222,54.26012371902281,58.29897482928255,38.883129699223616,6.1700334511992,6.502716294635276,0.4585455857818322,0.7692779229213045,1.4888511266903628,218.87849960327148,231.88393219254203,205.87306701400092,0.6303879992422347
NVDA,2026-09-21 04:00:00,222.94000244140625,228.5,221.55999755859375,227.3800048828125,227.3800048828125,109806100,227.3800048828125,0.02299005944179333,0.022729769856582774,0.022729769856582774,214.6009994506836,,219.351396432729,216.2964704487756,15.210006713867188,-2.9799957275390625,58.28788688155867,84.63919244799818,62.044667890516415,5.636393981427474,6.690093869004718,0.46265730787964554,1.4028112111306825,1.4716431435784267,219.51149978637696,232.89168752438638,206.13131204836753,0.794035676124457
NVDA,2026-09-22 04:00:00,226.8500061035156,229.97999572753903,226.5,228.8699951171875,228.8699951171875,95746700,228.8699951171875,0.006552863938686704,0.006531487260611347,0.006531487260611347,215.1077993774414,,220.25792964077266,216.78954984753688,14.970001220703097,3.139999389648466,59.410247693212405,92.31955689721079,78.41924139149718,6.107904539423153,6.470538547695068,0.4466364323007087,2.002042367756218,1.577722988413985,220.53099975585937,233.4720768512495,207.58992266046923,0.8221909312439936
NVDA,2026-09-23 04:00:00,228.02999877929688,228.9499969482422,224.02000427246097,225.5099945068359,225.5099945068359,89547300,225.5099945068359,-0.014680826154739868,-0.014789655937173173,-0.014789655937173173,215.38199920654296,,220.75812629468345,217.13152806947016,6.169998168945256,1.8399963378905966,55.766216381156646,74.99996067321155,83.98623667280684,6.27228289694282,6.310192342290746,0.4469684348008864,2.180675933315058,1.6983135773941997,221.15399932861328,233.77438401319478,208.5336146440318,0.6725777496919095
NVDA,2026-09-24 04:00:00,222.0800018310547,224.94000244140625,221.08999633789065,224.5800018310547,224.5800018310547,77469900,224.5800018310547,-0.004123953254555279,-0.004132480201004839,-0.004132480201004839,215.62359924316405,,221.12211444100453,217.4236250797284,2.3099975585937216,6.220001220703125,54.76495304866079,70.20618248573618,79.17523335205284,6.4304966787191296,5.735610186574689,0.44227072638574755,2.2215925483394017,1.8029693715832402,221.89999923706054,233.37121961020992,210.42877886391116,0.6168141883259087
NVDA,2026-09-25 04:00:00,225.1300048828125,226.94000244140625,223.1300048828125,225.07000732421875,225.07000732421875,89947700,225.07000732421875,0.0021818750074313886,0.0021794981748305747,0.0021794981748305747,215.97699951171876,,221.49810423940588,217.72348320696332,-2.30999755859375,6.7800140380859375,55.22115394473905,78.78285732298814,74.6630001606453,6.54820981305612,5.6087640648011625,0.3249866673024341,2.2674211886440503,1.8958597349954023,221.75449981689454,232.97202794649687,210.5369716872922,0.6477824467662713
NVDA,2026-09-28 04:00:00,229.75,233.2100067138672,228.0399932861328,228.86000061035156,228.86000061035156,142344300,228.86000061035156,0.0168391752023771,0.016698968084026492,0.016698968084026492,216.4979995727539,,222.199237227115,218.1602093796452,-0.0099945068359375,17.899993896484375,58.69127816275987,99.94419590559822,82.97774523810752,5.912976513076075,5.731358792672285,0.28041959856981696,2.5798229075640506,2.032652369509132,222.31999969482422,233.78271728016878,210.85728210947966,0.7852727054834246
NVDA,2026-09-29 04:00:00,230.97000122070312,232.82000732421875,227.02999877929688,227.2100067138672,227.2100067138672,101494900,227.2100067138672,-0.007209621131189281,-0.007235736044407124,-0.007235736044407124,216.9765997314453,,222.67645336871044,218.51510339275197,1.7000122070312784,15.040008544921875,56.63361177483698,90.7314937009531,89.81951564317983,4.698120960647057,5.820084618307942,0.2785777346081942,2.663558953065973,2.1588336862205004,222.64150009155273,234.28166932816862,211.00133085493684,0.6962388402371136
NVDA,2026-09-30 04:00:00,229.27000427246097,232.3699951171875,228.1699981689453,228.3800048828125,228.3800048828125,121732200,228.3800048828125,0.00514941302923666,0.005136200141629782,0.005136200141629782,217.3983999633789,,223.21964875100588,218.90196227471515,3.8000030517578125,14.480010986328097,57.764365295447384,97.26415102377084,95.97994687677404,3.0947850443356453,5.819590287102256,0.2717020976274141,2.792143356003976,2.2854956201771954,223.18850021362306,234.82768078782757,211.54931963941854,0.7230184778082738
NVDA,2026-10-01 04:00:00,229.97999572753903,232.2899932861328,228.16000366210935,230.86000061035156,230.86000061035156,98591400,230.86000061035156,0.010859075551783226,0.010800539176870738,0.010800539176870738,217.77440002441406,,223.9473013090388,219.37090495454402,5.7899932861328125,11.520004272460909,60.13702181239454,100.0,95.99854824157465,2.53905585555054,6.064411785229112,0.25145772721390264,3.05890124134595,2.4401767444109463,223.51100006103516,235.63982363149339,211.38217649057694,0.8029560330655695
NVDA,2026-10-02 04:00:00,236.05999755859375,237.8800048828125,233.6000061035156,233.9499969482422,233.9499969482422,134914600,233.9499969482422,0.013384719439145876,0.013295935437154755,0.013295935437154755,218.27820007324217,,224.89993898896293,219.9426340523361,5.089996337890625,11.679992675781222,62.93121190997184,100.0,99.08805034125696,2.8415161619935074,6.4147493755651945,0.24801291646177917,3.4795357455186036,2.648048544632478,223.78600006103517,236.61549881216555,210.95650130990478,0.896118238302626
TSLA,2026-05-12 04:00:00,441.4100036621094,447.7999877929687,422.260009765625,433.4500122070313,433.4500122070313,60569300,433.4500122070313,,,,,,433.4500122070313,433.4500122070313,,,,,,,,,0.0,0.0,,,,
TSLA,2026-05-13 04:00:00,436.6700134277344,453.3999938964844,430.2099914550781,445.2699890136719,445.2699890136719,68283200,445.2699890136719,0.027269526989873283,0.026904337595479343,0.026904337595479343,,,434.57572428385424,433.9135407092525,,,,,,,,,0.94290413272347,0.188580826544694,,,,
TSLA,2026-05-14 04:00:00,446.489990234375,451.9800109863281,441.1600036621094,443.2999877929687,443.2999877929687,46070400,443.2999877929687,-0.004424284747029494,-0.0044341008583384835,-0.0044341008583384835,,,435.4066065228175,434.28163667331984,,,,,,,,,1.51375024608069,0.4536147104518932,,,,
TSLA,2026-05-15 04:00:00,433.9800109863281,434.6600036621094,422.0,422.239990234375,422.239990234375,52688700,422.239990234375,-0.04750732717914985,-0.048672864587404316,-0.048672864587404316,,,434.1526430667754,433.8094152443416,,,,,,,,,0.2637438316883163,0.41564053469917783,,,,
TSLA,2026-05-18 04:00:00,419.2699890136719,421.1300048828125,405.3299865722656,409.989990234375,409.989990234375,52474200,409.989990234375,-0.029011937010514632,-0.029441104289050234,-0.029441104289050234,,,431.85143803511824,432.87532014591153,-23.460021972656307,,,,,,,,-1.6958195280970472,-0.006651477860067171,,,,
TSLA,2026-05-19 04:00:00,403.1600036621094,405.6300048828125,393.6300048828125,404.1099853515625,404.1099853515625,46500600,404.1099853515625,-0.014341825466156255,-0.014445663458309575,-0.014445663458309575,,,429.20939492239864,431.7472678010351,-41.160003662109375,,,,,,,,-3.680824606579449,-0.7414861036039436,,,,
TSLA,2026-05-20 04:00:00,407.6000061035156,417.4599914550781,406.3900146484375,417.260009765625,417.260009765625,45294700,417.260009765625,0.0325407064678751,0.03202247022638431,0.03202247022638431,,,428.07135824080115,431.1791400349406,-26.039978027343693,,,,,,,,-4.145076499920208,-1.4222041828671965,,,,
TSLA,2026-05-21 04:00:00,422.1799926757813,426.9500122070313,412.8999938964844,417.8500061035156,417.8500061035156,42636900,417.8500061035156,0.0014139776735901943,0.0014129789484986274,0.0014129789484986274,,,427.09789613248824,430.6564289003749,-4.389984130859375,,,,,,,,-4.414504041823591,-2.0206641546584754,,,,
TSLA,2026-05-22 04:00:00,422.6700134277344,431.510009765625,420.510009765625,426.010009765625,426.010009765625,46104700,426.010009765625,0.019528547428303344,0.019340312041325056,0.019340312041325056,,,426.9942879070727,430.4742163852867,16.02001953125,,,,,,,,-3.9243457948636546,-2.4014004826995112,,,,
TSLA,2026-05-26 04:00:00,430.260009765625,435.2000122070313,426.1199951171875,433.5899963378906,433.5899963378906,45658900,433.5899963378906,0.017792977626126305,0.017636535587117294,0.017636535587117294,,,427.62245061476966,430.5964038344084,29.480010986328125,,,,,13.627468240525914,,,-2.8909254953853747,-2.499305485236684,,,,
TSLA,2026-05-27 04:00:00,442.8900146484375,445.6000061035156,435.5199890136719,440.3599853515625,440.3599853515625,44656500,440.3599853515625,0.015613803526030035,0.015493162254673815,0.015493162254673815,,,428.83554916113087,430.97928938410075,23.0999755859375,6.909973144531193,,,,14.247338914012682,,,-1.508264593046647,-2.3010973067986766,,,,
TSLA,2026-05-28 04:00:00,437.6199951171875,443.9599914550781,436.2999877929687,442.1000061035156,442.1000061035156,32435000,442.1000061035156,0.003951359818862743,0.003943573700417892,0.003943573700417892,,,430.09883077469135,431.41539592211706,24.25,-3.16998291015625,,,,13.799114803716664,,,-0.2689899845851187,-1.894675842355965,,,,
TSLA,2026-05-29 04:00:00,439.8500061035156,441.0700073242187,428.1400146484375,435.7900085449219,435.7900085449219,45176800,435.7900085449219,-0.014272783242432974,-0.014375619088440037,-0.014375619088440037,,,430.6408477051895,431.5869493583055,9.779998779296875,-7.509979248046818,,,,12.90935672238907,,,0.2016554445449401,-1.4754095849757842,,,,
TSLA,2026-06-01 04:00:00,427.489990234375,429.6000061035156,415.4299926757813,415.8800048828125,415.8800048828125,44937900,415.8800048828125,-0.045687150397476395,-0.046763726698806594,-0.046763726698806594,,,429.2350531506774,430.9709907514234,-17.709991455078125,-6.3599853515625,,28.595768911665854,,13.209780556089953,,,-1.0201657272684201,-1.3843608134343115,,,,
TSLA,2026-06-02 04:00:00,418.2200012207031,424.4200134277344,413.6499938964844,423.739990234375,423.739990234375,37596000,423.739990234375,0.018899647156100485,0.018723267699191404,0.018723267699191404,,,428.71171382531526,430.68742210369606,-16.6199951171875,13.75,68.99907914901738,47.6919415361551,,12.235107481668908,,,-1.3387998283961906,-1.3752486164266875,,,,
TSLA,2026-06-03 04:00:00,418.7000122070313,433.6000061035156,416.0,423.7000122070313,423.7000122070313,44500700,423.7000122070313,-9.434565598021027e-05,-9.435010681155804e-05,-9.435010681155804e-05,,,428.2344089092882,430.41340602931706,-18.399993896484318,19.590026855468807,68.97762642347989,49.987307055564166,42.09167250112838,9.706753498489762,,,-1.5763740827043193,-1.4154737096822139,,,,
TSLA,2026-06-04 04:00:00,419.8399963378906,426.3500061035156,417.1600036621094,418.4500122070313,418.4500122070313,35323300,418.4500122070313,-0.012390842220308285,-0.012468248792164637,-0.012468248792164637,,,427.3025616043114,429.9442533304039,-17.339996337890568,1.1900024414063068,66.07238779524985,37.746825538997804,45.14202471023902,9.571881228067333,,,-2.1633467995246747,-1.5650483276507061,,,,
TSLA,2026-06-05 04:00:00,420.5,424.6799926757813,388.5899963378906,391.0,391.0,63420200,391.0,-0.06559926253138737,-0.06784987766553573,-0.06784987766553573,,,423.84517478485316,428.41702770960376,-24.8800048828125,-26.850006103515625,53.406500779017044,0.0,29.24471086485399,14.925323747353131,,,-4.788316747457316,-2.2097020116120283,,,,
TSLA,2026-06-08 04:00:00,396.3299865722656,412.94000244140625,394.7200012207031,408.9500122070313,408.9500122070313,50328800,408.9500122070313,0.045907959608775695,0.044885369045308286,0.044885369045308286,,,422.42658787267965,427.65361533695386,-14.789978027343693,-17.059997558593693,58.94833211489485,35.127221258387216,24.291348932461673,15.756764912572446,,,-5.3584396161033965,-2.839449532510302,,,,
TSLA,2026-06-09 04:00:00,411.0299987792969,418.5,384.239990234375,396.6799926757813,396.6799926757813,59940200,396.6799926757813,-0.03000371479396924,-0.030463037176546175,-0.030463037176546175,,,419.97453118726077,426.4389634678883,-27.02001953125,-36.91000366210932,54.202498867074816,11.115444221816892,15.414221826734703,17.336925334650143,15.45051930272048,,-6.722857215215299,-3.6161310690513018,422.48600006103516,453.3870386664761,391.5849614555942,0.0824410998808624
TSLA,2026-06-10 04:00:00,391.5400085449219,397.0899963378906,380.1499938964844,381.5899963378906,381.5899963378906,49695600,381.5899963378906,-0.038040729596927725,-0.03878316767107322,-0.03878316767107322,,,416.31886120160647,424.6801804431825,-36.86001586914068,-58.769989013671875,48.97989195309138,0.0,15.414221826734703,19.38256212795834,17.70140179349401,0.4789314990213044,-8.91899199685588,-4.676703254612217,419.89299926757815,455.29580285456615,384.49019568059015,-0.04096002362600269
TSLA,2026-06-11 04:00:00,388.2799987792969,399.5400085449219,380.6600036621094,399.1499938964844,399.1499938964844,45324300,399.1499938964844,0.046017971453959916,0.044990546617469984,0.044990546617469984,,,414.68373098207104,423.6789966570375,8.149993896484375,-42.95001220703125,54.476826439072205,29.019987976550237,13.37847739945571,17.027379631736796,17.21899326082584,0.49946111470988186,-9.137171955041367,-5.568796994698047,417.5869995117188,452.02498603337045,383.1490129900671,0.23231585993503462
TSLA,2026-06-12 04:00:00,399.489990234375,406.6799926757813,386.760009765625,406.4299926757813,406.4299926757813,63514500,406.4299926757813,0.018238754580026217,0.018074423616042935,0.018074423616042935,,,413.8976606671863,423.0025651283608,-2.52001953125,-29.360015869140568,56.56611948119061,41.051053262268645,23.35701374627296,14.302421522144616,16.268684897517126,0.5064205825880376,-8.623242709629778,-6.179686137684394,415.7434997558594,448.2808695508936,383.20612996082514,0.35687984095291764
TSLA,2026-06-15 04:00:00,412.3699951171875,416.0,407.1000061035156,411.1499938964844,411.1499938964844,45620500,411.1499938964844,0.011613319158924273,0.011546402155351725,0.011546402155351725,,,413.63597811759564,422.5377584133853,14.470001220703068,-4.730010986328125,57.914747723444165,48.85141759700463,39.64081961194117,14.035562894929894,16.224540483645008,0.4809777870874048,-7.74579670533808,-6.492908251215131,415.18899993896486,447.63808090625486,382.73991897167485,0.437763937805327
TSLA,2026-06-16 04:00:00,404.1099853515625,412.4200134277344,400.5400085449219,404.6600036621094,404.6600036621094,40255500,404.6600036621094,-0.015784969793794956,-0.015910879171028017,-0.015910879171028017,,,412.78112340754933,421.83666999176666,23.07000732421875,-19.079986572265625,55.3689913165042,38.12593554946762,42.676135469580295,12.59127742031228,16.357660666376134,0.47281844895761993,-7.487787840839246,-6.691884169139954,414.92250061035156,447.63782194310386,382.20717927759927,0.3431545751322318
TSLA,2026-06-17 04:00:00,401.5299987792969,405.94000244140625,393.760009765625,396.3800048828125,396.3800048828125,43534300,396.3800048828125,-0.02046161890071707,-0.020673857986175808,-0.020673857986175808,,,411.2191121194792,420.8383693992587,-2.769989013671875,-27.320007324218807,52.21545623693222,27.287832497947665,38.08839521480664,10.707290684514135,16.714025340747384,0.47573578213967815,-7.8608259511519805,-6.92567252554236,414.53600158691404,447.9640522684088,381.1079509054193,0.22843171626886985
TSLA,2026-06-18 04:00:00,398.1000061035156,402.5199890136719,384.7000122070313,400.489990234375,400.489990234375,58384700,400.489990234375,0.010368800900483421,0.010315413608767319,0.010315413608767319,,,410.1972909875645,420.04039374573387,-5.940002441406307,-17.960021972656307,53.62730467706387,44.839849663799775,36.75120590373835,8.889845127479074,16.988576278341952,0.46180813729367726,-7.73564813544732,-7.087667647523353,413.69750061035154,447.67465316703544,379.72034805366764,0.3056413003717348
TSLA,2026-06-22 04:00:00,394.8500061035156,414.75,394.3999938964844,405.0499877929687,405.0499877929687,47819500,405.0499877929687,0.011386046267785943,0.01132171311591987,0.01132171311591987,,,409.70707163569824,419.4525346887627,-6.100006103515682,14.049987792968693,55.20856941936213,55.658350776261464,42.59534431266963,8.471635843703922,17.06484059782499,0.46412751670040703,-7.18565832490259,-7.1072657829992005,413.05749969482423,447.1871808904742,378.92781849917424,0.38268991063889374
TSLA,2026-06-23 04:00:00,392.6099853515625,392.8699951171875,379.05999755859375,381.6099853515625,381.6099853515625,50420200,381.6099853515625,-0.05786940661108464,-0.05961137984377949,-0.05961137984377949,,,407.03115865625676,417.9685131461274,-23.050018310546875,-27.340026855468807,46.44197941769767,0.04746854936837835,33.51522299647654,9.926606566000324,18.14499704977617,0.500192511024458,-8.542724527637574,-7.394357531926876,410.8374984741211,447.12749257367346,374.54750437456875,0.09730617422559557
TSLA,2026-06-24 04:00:00,380.0799865722656,384.5799865722656,373.0499877929687,375.5299987792969,375.5299987792969,37081400,375.5299987792969,-0.0159324619523894,-0.016060748057995154,-0.016060748057995154,,,404.0310481917844,416.3042576807615,-20.850006103515625,-21.149993896484432,44.469484260032445,0.0,18.568606441876614,12.287108966718767,18.940311577809116,0.4937774319236363,-9.993613221839837,-7.914208669909469,407.9344985961914,445.81512175180967,370.05387544057317,0.07228132594634364
TSLA,2026-06-25 04:00:00,375.2699890136719,379.1199951171875,371.2200012207031,375.1199951171875,375.1199951171875,30138800,375.1199951171875,-0.00109180002514353,-0.0010923964729650014,-0.0010923964729650014,,,401.2776145656323,414.68918856062135,-25.3699951171875,-6.470001220703125,44.3327429846615,0.0,0.01582284978945945,13.27293578929417,18.678075074926273,0.4871380549492605,-11.049168892943328,-8.541200714516242,404.67249908447263,442.0286492343252,367.31634893462007,0.10444928279899625
TSLA,2026-06-26 04:00:00,370.1499938964844,387.7999877929687,368.6000061035156,379.7099914550781,379.7099914550781,53434100,379.7099914550781,0.01223607484974698,0.012161819203993191,0.012161819203993191,,,399.22355522176997,413.31745534079613,-25.339996337890568,-19.44000244140625,46.32267255021255,12.739374114350715,4.246458038116905,14.086888768413326,17.253866219187117,0.4906750015225358,-11.384101190723243,-9.109780809757643,401.5529983520508,436.06073079042505,367.04526591367653,0.18350561811065003
TSLA,2026-06-29 04:00:00,381.7900085449219,413.2699890136719,379.2999877929687,411.8399963378906,411.8399963378906,57645800,411.8399963378906,0.08461722263269356,0.08122713454703766,0.08122713454703766,,,400.4251210423529,413.2595157720547,30.230010986328125,5.410003662109318,57.716961052792236,100.0,37.579791371450234,14.723319589487836,15.493957051329783,0.5820291275733237,-8.953701875645834,-9.078565022935281,400.3554977416992,431.34341184435874,369.36758363903965,0.6853060931778846
TSLA,2026-06-30 04:00:00,406.0,424.5400085449219,406.0,420.6000061035156,420.6000061035156,43385600,420.6000061035156,0.02127042017171621,0.02104736226435513,0.02104736226435513,,,402.3465386672255,413.5473781379944,45.07000732421875,9.45001220703125,60.197710285557136,100.0,70.91312470478357,16.167809286222585,15.776243421379188,0.563616276332359,-6.248702181667568,-8.512592454681739,400.59149780273435,432.1439846454927,369.039010959976,0.8170670571941534
TSLA,2026-07-01 04:00:00,421.4599914550781,432.8599853515625,418.0899963378906,425.2999877929687,425.2999877929687,40127900,425.2999877929687,0.011174468904540102,0.011112495777372573,0.011112495777372573,,,404.53258144110583,414.0082647911306,50.17999267578119,20.639984130859318,61.50274683428346,100.0,100.0,18.65079282938541,15.900086675437766,0.5610054419250817,-3.6832628315952434,-7.546726530064441,400.66949768066405,432.4696710315396,368.8693243297885,0.8872697459937984
TSLA,2026-07-02 04:00:00,428.010009765625,432.3500061035156,389.2999877929687,393.4500122070313,393.4500122070313,73717700,393.4500122070313,-0.07488825887632422,-0.07784074755080642,-0.07784074755080642,,,403.47709865690825,413.20205880744044,13.740020751953182,-2.929992675781193,49.62767669180409,36.52853679807447,78.84284559935816,18.68743884974277,15.00772715987022,0.6256687149485549,-4.172067514814614,-6.871794727014476,399.15699768066406,429.1724520004045,369.1415433609236,0.40493254886567875
TSLA,2026-07-06 04:00:00,397.5,420.0,390.5,419.7699890136719,419.7699890136719,54727900,419.7699890136719,0.06689535135353131,0.06475289005284891,0.06475289005284891,,,405.02880250040954,413.4596246978809,7.92999267578125,19.279998779296875,57.01402138986855,88.97967400069827,75.16940359959091,20.047490442511954,15.099657543761422,0.6698081671987196,-2.4078899286041633,-5.979013767332414,399.2229965209961,429.42231160851895,369.02368143347326,0.8401897101495022
TSLA,2026-07-07 04:00:00,416.9599914550781,419.55999755859375,401.8800048828125,402.8999938964844,402.8999938964844,38149900,402.8999938964844,-0.04018866417017264,-0.041018539011121395,-0.041018539011121395,,,404.82605882384524,413.04552152919865,-17.70001220703125,-2.149993896484318,51.77366705626092,55.36070712243164,60.28963930706812,19.984420573843714,14.992657230890991,0.639773915904787,-2.344013767233662,-5.252013767312664,399.8179962158203,429.80331067760227,369.83268175403833,0.5513917852119287
TSLA,2026-07-08 04:00:00,399.3800048828125,399.6300048828125,390.510009765625,394.05999755859375,394.05999755859375,33844900,394.05999755859375,-0.021940919513048773,-0.022185201276039682,-0.022185201276039682,,,403.800719655726,412.30099117741025,-31.239990234374943,12.45001220703125,49.22068119011293,37.74413153820054,60.694837553776814,19.18120534072559,14.88462797950699,0.6235392021104247,-2.9724408271057996,-4.796099179271291,399.07349548339846,428.84275144241246,369.30423952438446,0.4157940337557102
TSLA,2026-07-09 04:00:00,393.989990234375,407.8599853515625,390.8599853515625,406.5499877929687,406.5499877929687,37835000,406.5499877929687,0.0316956562750772,0.031203716855639385,0.031203716855639385,,,404.06255471641583,412.0754616329224,13.099975585937386,31.019989013671818,52.764736745700304,62.63451028949736,51.913116316709846,17.22348598906172,14.964500260814543,0.6244346578169391,-2.4345717433278082,-4.323793692082595,399.56699523925784,429.4959957608869,369.63799471762877,0.6166593008788315
TSLA,2026-07-10 04:00:00,410.489990234375,413.1600036621094,402.80999755859375,407.760009765625,407.760009765625,33410000,407.760009765625,0.002976317818197849,0.002971897353287345,0.002971897353287345,,,404.414693292531,411.9062282263617,-12.009979248046875,32.6400146484375,53.1062007365254,65.04587367983183,55.141505169176575,14.194020934393405,14.4449929595938,0.6062746292568421,-1.888893964847341,-3.8368137466355443,400.87549591064453,429.76548182983214,371.9855099914569,0.6191505228531116
TSLA,2026-07-13 04:00:00,404.6099853515625,405.5700073242187,391.3699951171875,394.760009765625,394.760009765625,32809200,394.760009765625,-0.03188149815738972,-0.03240077993929111,-0.03240077993929111,,,403.49519962330186,411.23382750241126,-8.139984130859375,15.050018310546875,49.007241420746524,39.139134147216666,55.606506038848615,11.642428517380699,14.505818843352717,0.5978987082781235,-2.4768798197147817,-3.564826961251392,400.65599670410154,429.667634390807,371.6443590173961,0.39838583050452253
TSLA,2026-07-14 04:00:00,399.0499877929687,402.2200012207031,394.760009765625,396.1799926757813,396.1799926757813,23385000,396.1799926757813,0.0035970789214423426,0.003590624905498134,0.003590624905498134,,,402.7985132473475,410.64348103862187,2.119995117187557,-15.660003662109318,49.46605475292426,41.96891317753853,48.71797366819567,12.068928669430354,14.472113444733944,0.594112298216214,-2.7960509573937316,-3.41107176047986,400.14349670410155,429.0877235935694,371.1992698146337,0.43153204534610545
TSLA,2026-07-15 04:00:00,399.3999938964844,406.5899963378906,390.6600036621094,394.4599914550781,394.4599914550781,31549800,394.4599914550781,-0.004341464113536864,-0.004350915634407149,-0.004350915634407149,,,402.0043683147504,410.00883438828686,-12.089996337890568,-26.1400146484375,48.89220595564166,38.54124982211258,39.88309904895592,11.399639902492794,14.284018905908663,0.5922382088826789,-3.1514580605613105,-3.3591490204961505,399.3089965820312,427.87703439384853,370.7409587702139,0.41513233847395553
TSLA,2026-07-16 04:00:00,392.3500061035156,395.30999755859375,385.3200073242187,391.05999755859375,391.05999755859375,29269100,391.05999755859375,-0.00861936310433542,-0.008656724657948154,-0.008656724657948154,,,400.9620472903545,409.26574274790676,-16.70001220703125,-34.23999023437494,47.713870580968994,24.89582587240187,35.13532962401766,9.025541143305396,14.339484366049911,0.5905473616614317,-3.6652214515311243,-3.4203635067031453,398.62899627685545,427.30796500895525,369.95002754475564,0.36803921038851956
TSLA,2026-07-17 04:00:00,381.7799987792969,385.69000244140625,377.2200012207031,380.8399963378906,380.8399963378906,31394600,380.8399963378906,-0.02613410035418373,-0.026481664853464253,-0.026481664853464253,,,399.045661485358,408.1510075945728,-13.920013427734375,-12.610015869140682,44.260795716062376,0.0,21.145691898171478,10.769512231930845,14.8786519427895,0.5933741357217636,-4.841244474010523,-3.704539700164621,397.85199584960935,427.60929973518836,368.09469196403035,0.21415421946268648
TSLA,2026-07-20 04:00:00,386.0499877929687,386.6099853515625,369.4299926757813,369.5700073242187,369.5700073242187,33901500,369.5700073242187,-0.02959245121847165,-0.03003914234140698,-0.03003914234140698,,,396.23845632715427,406.6380271918138,-26.609985351562614,-50.19998168945318,40.75787648797904,0.0,8.298608624133951,11.594553392984327,16.14281815622964,0.599524004171659,-6.606489618365515,-4.2849296838048,396.3059967041016,428.5916330165609,364.02036039164227,0.08594606714371564
TSLA,2026-07-21 04:00:00,371.1700134277344,384.0700073242187,369.9800109863281,378.9299926757813,378.9299926757813,32735300,378.9299926757813,0.025326690927468087,0.025011284665098266,0.025011284665098266,,,394.5900312174997,405.5514376029498,-15.529998779296818,-23.970001220703068,44.674169751238914,16.79524247601545,5.598414158671812,11.978801797140587,16.451805869618656,0.6061027051568907,-7.167563311756965,-4.861456409395234,394.9999969482422,427.9036086874795,362.0963852090049,0.2558018189641848
TSLA,2026-07-22 04:00:00,375.5299987792969,380.1700134277344,372.8999938964844,374.010009765625,374.010009765625,30646100,374.010009765625,-0.012983883580748756,-0.013068910989716612,-0.013068910989716612,,,392.630029174464,404.3145188642312,-17.04998779296875,-20.04998779296875,43.062711462180125,8.844629603399106,8.546624026471514,13.111669254698478,16.860067398539556,0.5702396562526225,-7.917946599278366,-5.472754447371861,394.6199981689453,428.3401329660244,360.8998633718662,0.19439641141194983
TSLA,2026-07-23 04:00:00,341.0,342.1099853515625,315.739990234375,319.69000244140625,319.69000244140625,115606400,319.69000244140625,-0.14523677416617442,-0.15693077724657808,-0.15693077724657808,404.9663983154297,,385.68335996179184,400.99591037706165,-61.149993896484375,-86.85998535156244,30.137228103895893,0.0,8.546624026471514,24.40451543696709,23.502683502398156,0.7946501968287883,-12.74884068118547,-6.927971694134583,391.82799835205077,438.8333653568471,344.82263134725446,-0.2673378648791715
TSLA,2026-07-24 04:00:00,320.7200012207031,322.9599914550781,306.510009765625,313.0299987792969,313.0299987792969,62760000,313.0299987792969,-0.020832692956452514,-0.021052755196125365,-0.021052755196125365,402.557998046875,,378.76399223012567,397.54626678499244,-56.54000854492182,-94.73001098632812,28.988364513215203,0.0,2.9482098677996973,30.3950963653982,29.229000997363464,0.7954907012376288,-16.919725616623566,-8.92632247863238,388.72349853515624,447.1815005298832,330.2654965404293,-0.14741778005590328
TSLA,2026-07-27 04:00:00,313.239990234375,317.0,304.2799987792969,309.2200012207031,309.2200012207031,44919400,309.2200012207031,-0.012171349626078465,-0.012246027070754707,-0.012246027070754707,399.8369982910156,,372.14075499113306,394.08249166482426,-69.70999145507818,-85.54000854492188,28.323180064833537,0.0,0.0,34.766780201024794,34.20024340168703,0.7915680245979225,-20.298627002434444,-11.200783383392794,385.1989990234375,453.5994858268116,316.79851222006346,-0.05539807794896059
TSLA,2026-07-28 04:00:00,305.92999267578125,311.1600036621094,300.69000244140625,307.44000244140625,307.44000244140625,39802400,307.44000244140625,-0.005756415407379811,-0.0057730474244629066,-0.0057730474244629066,397.1197985839844,,365.97877855782576,390.6847469893961,-66.57000732421875,-88.73999023437506,27.99991794061758,0.0,0.0,36.55082037465443,37.70748020249844,0.7147016082808663,-22.856585232943132,-13.531943753302862,379.97899932861327,455.39395973361013,304.5640389236164,0.019067592837980762
TSLA,2026-07-29 04:00:00,307.1400146484375,309.05999755859375,297.3800048828125,298.32000732421875,298.32000732421875,39478000,298.32000732421875,-0.029664308628561287,-0.03011319377555425,-0.03011319377555425,394.64139892578123,,359.535086059387,387.06260033585977,-21.3699951171875,-96.13998413085938,26.341072773204218,0.0,0.0,37.310966896936094,40.57853469372578,0.7038298807794076,-25.327730633909994,-15.891101129424289,373.86499938964846,455.0220687771,292.7079300021969,0.034575406457995936
TSLA,2026-07-30 04:00:00,302.70001220703125,310.8699951171875,301.3299865722656,308.8500061035156,308.8500061035156,38005400,308.8500061035156,0.03529766197629747,0.034688981481862634,0.034688981481862634,392.61859924316406,,354.7079355873993,383.9954397777286,-4.17999267578125,-82.20999145507812,31.394937963851618,10.760270136427872,3.5867567121426194,34.81490352257589,41.16020912437329,0.721159918792705,-26.135178203454018,-17.939916544230236,368.0425003051758,450.3629185539224,285.7220820564292,0.1404750154281351
TSLA,2026-07-31 04:00:00,309.69000244140625,315.5,301.9700012207031,311.2099914550781,311.2099914550781,36630600,311.2099914550781,0.007641202217659959,0.007612156102981297,0.007612156102981297,390.7605993652344,,350.56527424146395,381.14110847095805,1.989990234375,-69.6300048828125,32.51253957533922,13.171863948836732,7.97737802842153,31.669106571873634,42.57211518709975,0.6869460418192631,-26.28169609224898,-19.608272453833987,363.9304992675781,449.0747296417776,278.78626889337863,0.19040469576858476
TSLA,2026-08-03 04:00:00,310.9599914550781,324.6499938964844,310.42999267578125,322.0799865722656,322.0799865722656,38281400,322.0799865722656,0.03492816881091865,0.034332022193839726,0.034332022193839726,388.8569989013672,,347.8523897015403,378.82498604355834,14.639984130859375,-47.49002075195307,37.558124517618815,24.71394130428227,16.215358463182287,28.294849022050087,41.41672990692248,0.6494934390225072,-25.22986068418163,-20.732590099903515,359.04599914550784,441.8794589593528,276.21253933166287,0.2768654559623765
TSLA,2026-08-04 04:00:00,324.0,329.57000732421875,320.7900085449219,327.3500061035156,327.3500061035156,33318300,327.3500061035156,0.01636245575931672,0.016230033331529004,0.016230033331529004,387.0469989013672,,345.89978173982365,376.80635937924296,29.029998779296875,-51.57998657226568,39.9039823515453,31.302568294358757,23.062791182492578,20.981297848373814,40.644568416818785,0.6488148925288024,-23.69785291543451,-21.325642663009713,355.26849975585935,436.55763658949695,273.97936292222175,0.3282766016480138
TSLA,2026-08-05 04:00:00,323.4200134277344,327.1400146484375,320.2799987792969,321.54998779296875,321.54998779296875,27820800,321.54998779296875,-0.01771809440172356,-0.017876938914546434,-0.017876938914546434,384.9577984619141,,343.5807537448851,374.6394428464479,12.699981689453125,-52.46002197265625,38.202905376809035,28.150731412362727,28.055747003667914,8.69048100421895,40.23412440454082,0.6479551241346668,-22.690180449987565,-21.598550220405286,351.64299926757815,432.11124807665976,271.17475045849653,0.3130131330059894
TSLA,2026-08-06 04:00:00,317.04998779296875,323.0,315.5199890136719,319.5299987792969,319.5299987792969,26033800,319.5299987792969,-0.006282037289245479,-0.006301852314906756,-0.006301852314906756,382.67659851074217,,341.2902056529243,372.4782881771479,8.32000732421875,-0.160003662109375,37.60170452809099,26.31186615724523,28.588388621322235,8.678722500239576,38.6582557754739,0.6296111996871145,-21.80325464538629,-21.63949110540149,347.29199981689453,424.6085113678423,269.97548826594675,0.3204652506903143
TSLA,2026-08-07 04:00:00,322.3399963378906,333.7300109863281,321.25,328.5799865722656,328.5799865722656,39492300,328.5799865722656,0.02832281108985857,0.02792913630936269,0.02792913630936269,380.44099853515627,,340.0797085976235,370.756786153427,6.5,15.54998779296875,42.005184569104934,37.53874798025914,30.667115183289027,9.830525873025652,36.11024017272049,0.6435824900103297,-20.137963269175373,-21.33918553815627,343.33299865722654,415.55347900266753,271.11251831178555,0.3978612990775253
TSLA,2026-08-10 04:00:00,326.6000061035156,332.04998779296875,326.1499938964844,330.8800048828125,330.8800048828125,25003800,330.8800048828125,0.006999873408422008,0.006975488024820526,0.006975488024820526,378.2165985107422,,339.20354633907004,369.19299080948133,3.529998779296875,21.660003662109375,43.10411983273662,43.017567060853715,35.62272706611935,10.665170164877724,34.090704314496676,0.6412231494733357,-18.420278100428845,-20.755404050610785,340.1389984130859,408.3204070420793,271.95758978409253,0.4321003062531614
TSLA,2026-08-11 04:00:00,332.79998779296875,336.20001220703125,329.5299987792969,332.80999755859375,332.80999755859375,23345200,332.80999755859375,0.005832908145854354,0.005815962599747515,0.005815962599747515,376.1569982910156,,338.59463693140566,367.76620676042694,11.260009765625,25.3699951171875,44.06197342155778,100.0,60.18543834703761,10.997641935198498,31.45061265743019,0.6418430371137008,-16.71063613823833,-19.946450468136295,336.9704986572266,399.87172397208695,274.0692733423662,0.46692829847266965
TSLA,2026-08-12 04:00:00,335.0,335.5,323.6400146484375,327.510009765625,327.510009765625,28698900,327.510009765625,-0.015924965691680115,-0.016053130458727083,-0.016053130458727083,374.38959838867186,,337.53895815371226,366.1875323684739,7.980010986328125,29.19000244140625,41.97226997042512,84.63325806428779,75.88360837504716,8.048007133820926,28.42721431409421,0.6421318519410708,-15.603529511593877,-19.077866276827812,333.6229995727539,390.4774282009423,276.76857094456545,0.44623998556817734
TSLA,2026-08-13 04:00:00,327.20001220703125,341.6400146484375,325.239990234375,339.9599914550781,339.9599914550781,34708300,339.9599914550781,0.0380140493976433,0.037309319717265685,0.037309319717265685,372.71399841308596,,337.7695327538423,365.1590013522623,11.3800048828125,31.1099853515625,48.18847867367352,100.0,94.87775268809592,7.9679363450732215,25.094151087068393,0.6631288453555204,-13.565159347268263,-17.975324890915903,331.0679992675781,381.25630144171487,280.87969709344134,0.5885863020096571
TSLA,2026-08-14 04:00:00,342.3299865722656,351.260009765625,335.3299865722656,342.2699890136719,342.2699890136719,45437100,342.2699890136719,0.006794910038403712,0.0067719286826166255,0.0067719286826166255,371.08539794921876,,338.19814763573083,364.26139302525877,11.389984130859375,31.05999755859375,49.27426861570901,100.0,94.87775268809592,7.541136479879584,22.40589979340094,0.6606736991181977,-11.629283665731975,-16.706116645879117,329.1394989013672,373.9512984881691,284.3276993145653,0.6465070610126973
TSLA,2026-08-17 04:00:00,340.69000244140625,345.45001220703125,337.4800109863281,339.29998779296875,339.29998779296875,26037100,339.29998779296875,-0.008677363823985429,-0.008715231364881356,-0.008715231364881356,369.5023974609375,,338.303084793563,363.28251438869836,6.489990234375,17.220001220703125,47.884805608095306,93.24231522622944,97.74743840874312,7.686136404729332,20.46982166964145,0.6544062577492966,-10.216967674547561,-15.408286851612807,327.62599792480466,368.56564126408756,286.68635458552177,0.6425756176161227
TSLA,2026-08-18 04:00:00,333.2200012207031,340.5299987792969,331.1199951171875,336.8699951171875,336.8699951171875,27994500,336.8699951171875,-0.00716178238492593,-0.007187551055172664,-0.007187551055172664,368.41979736328125,,338.16660006247963,362.24672931922737,9.3599853515625,9.519989013671875,46.723894786442926,83.84202077241838,92.36144533288261,7.776436771613925,16.74288194632764,0.6452122047516831,-9.187865186365173,-14.16420251856328,325.522998046875,359.00876193953025,292.03723415421973,0.6694301660055806
TSLA,2026-08-19 04:00:00,338.8900146484375,351.6199951171875,335.70001220703125,351.1199951171875,351.1199951171875,36735400,351.1199951171875,0.04230118504630487,0.04143094671567836,0.04143094671567836,367.26319702148436,,339.40025673435656,361.81038680150033,11.160003662109375,29.57000732421875,53.797787760594844,100.0,92.36144533288261,8.929142729145061,13.772925646808345,0.6658339185541889,-7.140131155038603,-12.759388245858347,324.3784973144531,351.9243486080698,296.8326460208364,0.9853997343863411
TSLA,2026-08-20 04:00:00,346.20001220703125,347.5,338.9599914550781,345.1300048828125,345.1300048828125,30766400,345.1300048828125,-0.01705966711572726,-0.01720685967593452,-0.01720685967593452,366.232197265625,,339.9459470342095,361.15625417723805,2.860015869140625,25.600006103515625,50.74752789006711,81.03833197603032,88.29345091614955,7.61078887159923,14.474041250953686,0.34551895354078904,-5.932246093293713,-11.39395981534542,325.65049743652344,354.5985799384308,296.70241493461606,0.8364559197488394
TSLA,2026-08-21 04:00:00,349.8800048828125,366.5,346.8999938964844,362.8599853515625,362.8599853515625,59224000,362.8599853515625,0.05137188948486271,0.050095872774972884,0.050095872774972884,365.85759704589844,,342.1282363977669,361.2230671644665,23.55999755859375,34.279998779296875,58.286555053444964,100.0,93.67944399201009,10.388431227873815,16.353942320471166,0.3690630604006233,-3.503936037800713,-9.81595505983648,328.1419967651367,360.849881406079,295.43411212419437,1.0307281251531522
TSLA,2026-08-24 04:00:00,361.4100036621094,363.239990234375,348.260009765625,348.95001220703125,348.95001220703125,39190500,348.95001220703125,-0.03833427136104406,-0.03908836412728585,-0.03908836412728585,364.85359741210937,,342.77792933198253,360.7417708916259,12.08001708984375,18.07000732421875,51.61175012363065,67.89758260983479,82.97863819528835,10.022605615409146,16.347517213072837,0.3990795287871345,-2.6711105068466168,-8.386986149238508,330.1284973144531,362.8235317405988,297.4334628883074,0.7878344559491711
TSLA,2026-08-25 04:00:00,349.5799865722656,357.0,349.20001220703125,350.25,350.25,29816700,350.25,0.003725426988085312,0.0037185047717777416,0.0037185047717777416,363.72999755859377,,343.48955510988895,360.3303288958759,-0.8699951171875,17.44000244140625,52.163104521997866,70.89778615432617,79.5984562547203,9.62413669376348,16.01981887303877,0.39676744487298204,-1.8844691357842862,-7.086482746547664,332.2689971923828,364.30863493846033,300.2293594463053,0.7806055884607892
TSLA,2026-08-26 04:00:00,345.2699890136719,351.92999267578125,342.5299987792969,345.82000732421875,345.82000732421875,28573000,345.82000732421875,-0.012648087582530332,-0.01272875556119292,-0.01272875556119292,362.42339782714845,,343.7115029398251,359.7612966773795,0.69000244140625,18.30999755859375,50.0694169262496,51.79635135555118,63.53057337323737,7.572094829179298,14.131601019847317,0.37992091106365616,-1.6000689686520104,-5.989199990968533,334.6439971923828,362.90719923207746,306.38079515268817,0.6977130920293397
TSLA,2026-08-27 04:00:00,346.1600036621094,355.739990234375,345.45001220703125,354.80999755859375,354.80999755859375,30136200,354.80999755859375,0.025996154195747634,0.025663998394328192,0.025663998394328192,361.4263977050781,,344.7685024273269,359.56712808448594,-8.04998779296875,14.850006103515625,54.0960273759204,77.2277415767973,66.64062636222486,7.656498022561335,13.43613030531911,0.3725992891218548,-0.6418637025595331,-4.919732733286733,336.9419967651367,363.8142573757749,310.0697361544985,0.8324618098259932
TSLA,2026-08-28 04:00:00,357.1000061035156,358.79998779296875,345.20001220703125,348.75,348.75,32972200,348.75,-0.01707955694679375,-0.01722709491467637,-0.01722709491467637,360.4737976074219,,345.1476926723434,359.1429269831336,-0.20001220703125,6.480010986328125,51.10425887304195,60.08487950080632,63.03632414438491,7.4126291374412565,12.219252679984393,0.3823074537332498,-0.3672370035707786,-4.009233587343543,338.8189971923828,363.25750255235164,314.380491832414,0.7031835143217173
TSLA,2026-08-31 04:00:00,347.2099914550781,368.9200134277344,347.1499938964844,367.9500122070313,367.9500122070313,61732300,367.9500122070313,0.05505379844310054,0.05359175941282039,0.05359175941282039,359.822998046875,,347.3193421518375,359.4883028742668,17.700012207031307,28.650024414062557,58.866272759179374,100.0,79.10420702586786,8.898416128832073,13.1791525599003,0.4067720331480594,1.383736307064737,-2.930639608461887,341.1124984741211,367.4708035939217,314.7541933543205,1.0090902774463604
TSLA,2026-09-01 04:00:00,360.8999938964844,362.7000122070313,352.9599914550781,356.0899963378906,356.0899963378906,36193900,356.0899963378906,-0.03223268236356924,-0.03276359494263295,-0.03276359494263295,358.84379821777344,,348.1546425505092,359.3550359512717,10.269989013671875,19.220001220703125,53.24364175021503,61.840381764087745,73.97508708829801,7.395929723720648,13.166406766784341,0.42809739053830836,1.7937142867244233,-1.985768829424625,342.5494979858398,368.8823115194085,316.2166844522711,0.7571031449941642
TSLA,2026-09-02 04:00:00,360.4100036621094,360.6199951171875,349.9200134277344,357.010009765625,357.010009765625,33951900,357.010009765625,0.002583654236838928,0.0025803223399768612,0.0025803223399768612,358.3517987060547,,348.9980108567107,359.2630741400699,2.20001220703125,5.8900146484375,53.61377293195482,64.80052630028561,75.54696935479112,7.4486133161278625,12.563496392531365,0.4201858226440183,2.167872301642035,-1.155040603211293,344.32249908447267,369.4494918695354,319.19550629940994,0.7524677503130158
TSLA,2026-09-03 04:00:00,365.8200073242187,384.0400085449219,365.8200073242187,376.3699951171875,376.3699951171875,63601000,376.3699951171875,0.05422813036607077,0.052808869171430906,0.052808869171430906,358.3685986328125,,351.60486650056566,359.93393378623136,27.6199951171875,31.239990234375,60.66947565406097,100.0,75.5469693547911,9.65144092502982,13.07835105874149,0.4499986981612285,3.9806972439199058,-0.1278930337850532,347.1644989013672,373.32120101885016,321.00779678388426,1.0582794054969864
TSLA,2026-09-04 04:00:00,362.0700073242187,364.69000244140625,351.32000732421875,354.0799865722656,354.0799865722656,65018200,354.0799865722656,-0.05922365978717725,-0.061049850737314657,-0.061049850737314657,357.9477984619141,,351.84059222167997,359.70436722882096,-13.870025634765682,-8.779998779296875,51.0428136303879,43.56959862045095,69.45670830691218,9.444746968846193,12.39641169030237,0.5056254181754806,3.577517274953891,0.6131890279627357,348.4394989013672,373.2323222819719,323.64667552076247,0.613752427150168
TSLA,2026-09-08 04:00:00,357.1000061035156,370.0,355.75,368.1600036621094,368.1600036621094,51078800,368.1600036621094,0.039765074626634034,0.038994797854259064,0.038994797854259064,357.7167987060547,,353.3948218826732,360.0359608144401,12.07000732421875,19.209991455078125,55.81242785368756,73.7196094061379,72.42973600886295,9.796727153257919,12.419894896358903,0.5208891970451904,4.3440583517349864,1.359362892717186,350.30349884033205,375.14328863304985,325.46370904761426,0.8594334930123333
TSLA,2026-09-09 04:00:00,368.25,375.44000244140625,366.0,367.80999755859375,367.80999755859375,32564300,367.80999755859375,-0.0009506901891408459,-0.0009511423816780997,-0.0009511423816780997,356.83619873046877,,354.7676957565704,360.3408250004854,10.79998779296875,17.55999755859375,55.667242225063816,72.59923100368087,63.29614634342323,9.84103910816462,12.29040469928895,0.5213605044637396,4.8671990691407245,2.060930128001894,352.05349884033205,376.63430823890997,327.47268944175414,0.8205040660535219
TSLA,2026-09-10 04:00:00,360.6000061035156,369.2099914550781,357.67999267578125,363.55999755859375,363.55999755859375,29667200,363.55999755859375,-0.011554878954379011,-0.011622155317144714,-0.011622155317144714,355.6953985595703,,355.60505783295355,360.46706706158767,-12.80999755859375,17.739990234375,53.83592781698927,58.068731007669854,68.1291904724962,8.582419328220043,11.085940554483338,0.5192202402943277,4.882569157488319,2.6252579338991793,353.85599822998046,376.0278793389471,331.6841171210138,0.718835724423239
TSLA,2026-09-11 04:00:00,364.2000122070313,368.6600036621094,361.6000061035156,365.44000244140625,365.44000244140625,30153000,365.44000244140625,0.0051710993933249405,0.005157775173029117,0.005157775173029117,354.4981988525391,,356.5417192242348,360.66208413530603,11.360015869140625,10.6300048828125,54.54823720395368,64.22259560346912,64.96351920493994,8.321730242804694,10.866878898411954,0.5052206324341885,4.988941335221625,3.0979946141636687,355.1299987792969,376.8637565761208,333.396240982473,0.7371887033639443
TSLA,2026-09-14 04:00:00,359.7799987792969,367.7300109863281,357.0400085449219,358.9700012207031,358.9700012207031,32477200,358.9700012207031,-0.01770468798565783,-0.01786329077086875,-0.01786329077086875,353.8085986328125,,356.7729841762794,360.5957279425765,-9.19000244140625,10.220001220703125,51.59754657979722,43.044187073328125,55.111837894822365,6.958325265017195,10.460736942075009,0.5107160793123804,4.4993018746976645,3.378256066270468,355.9649993896484,376.88647327379846,335.0435255054984,0.5718162077799707
TSLA,2026-09-15 04:00:00,358.75,362.3900146484375,354.04998779296875,356.5799865722656,356.5799865722656,30317700,356.5799865722656,-0.006657978773463191,-0.006680241987832851,-0.006680241987832851,352.5447985839844,,356.7546034520876,360.4382478888388,-11.230010986328125,-11.370025634765682,50.51060449113396,35.22089540907556,47.495892695290934,7.086147763656666,9.69763674380533,0.5101804173756395,3.8737506801132326,3.4773549890390214,356.8289993286133,376.22427281622396,337.4337258410026,0.493580581462109
TSLA,2026-09-16 04:00:00,357.92999267578125,365.1000061035156,354.8900146484375,358.0799865722656,358.0799865722656,32177400,358.0799865722656,0.004206629806734918,0.004197806674681738,0.004197806674681738,351.6483984375,,356.8808304159141,360.34576705289476,-5.480010986328125,1.989990234375,51.205348727094446,33.779827015464306,37.34830316595599,6.914910814960342,8.48388237522718,0.5089170083814414,3.4591592805942355,3.4737158473500642,357.8894989013672,374.85726365182154,340.9217341509128,0.5056132222982803
TSLA,2026-09-17 04:00:00,367.4800109863281,374.1199951171875,363.2200012207031,366.2000122070313,366.2000122070313,38924100,366.2000122070313,0.022676569312054973,0.02242327795043738,0.02242327795043738,351.09119873046876,,357.76837153887766,360.57534529423344,0.7600097656250568,9.190002441406307,54.896594494853346,63.17891126697713,44.05987789717233,6.69577136326517,8.520616011598982,0.49416443037447605,3.7426676731393513,3.5275062125079217,358.64349975585935,375.6847317790573,341.6022677326614,0.7217126215078052
TSLA,2026-09-18 04:00:00,369.0,370.8999938964844,360.75,364.2699890136719,364.2699890136719,51922300,364.2699890136719,-0.005270407233815999,-0.005284344822769726,-0.005284344822769726,350.2455987548828,,358.38757320314375,360.72023328323104,5.29998779296875,-12.100006103515625,53.85378073650407,45.71556094682496,47.558099743088796,4.993553708854432,7.980710083112469,0.48977823231499834,3.7681761855133686,3.575640207109011,359.60049896240236,375.56191912862727,343.63907879617744,0.6462742664073956
TSLA,2026-09-21 04:00:00,371.6400146484375,378.3599853515625,371.0700073242187,375.2999877929687,375.2999877929687,36599600,375.2999877929687,0.03027973511944415,0.029830352862942812,0.029830352862942812,349.59639831542967,,359.9982793545556,361.29198836204426,18.720001220703068,21.220001220703068,58.68410347674777,95.19961007613622,68.03136076331276,5.5795856064444695,8.700438434705825,0.46859166968524835,4.625105250986621,3.7855332158845334,360.22249908447264,377.6233759538843,342.821622215061,0.9332393367773377
TSLA,2026-09-22 04:00:00,379.0700073242187,380.4200134277344,372.8800048828125,378.8999938964844,378.8999938964844,28229900,378.8999938964844,0.009592342714121349,0.00954662830112996,0.00954662830112996,349.27919799804687,,361.7984426442631,361.98249838300273,20.82000732421875,10.739990234375,60.1502523001554,100.0,80.30505700765372,7.179977971607903,9.220071731815782,0.4435979647467357,5.530960643863125,4.134618701480252,361.7199981689453,380.1601416325769,343.27985470531377,0.9658314009709896
TSLA,2026-09-23 04:00:00,380.1000061035156,386.7000122070313,377.5799865722656,380.1199951171875,380.1199951171875,33522500,380.1199951171875,0.0032198501988798256,0.0032146775816225223,0.0032146775816225223,348.957998046875,,363.54335240358927,362.69377276473546,13.919982910156193,12.30999755859375,60.6597470749543,100.0,98.39987002537873,8.543695588782388,9.672459359987068,0.44360757535851053,6.2749675516843695,4.562688471521076,363.2134979248047,382.55841664477884,343.86857920483055,0.9369751415633085
TSLA,2026-09-24 04:00:00,377.3500061035156,383.3299865722656,375.7000122070313,377.94000244140625,377.94000244140625,26165700,377.94000244140625,-0.005735011848322258,-0.0057515201759996614,-0.0057515201759996614,348.6275982666016,,364.9144619310004,363.2916641246049,13.670013427734375,14.3800048828125,59.20315329919004,91.62829508285098,97.20943169428365,9.138103443157785,9.291548641613286,0.4407809913758965,6.612466795337468,4.972644136284354,364.8194976806641,383.40259496389064,346.23640039743754,0.8530225494913858
TSLA,2026-09-25 04:00:00,384.6199951171875,386.8299865722656,367.6700134277344,372.1099853515625,372.1099853515625,45999500,372.1099853515625,-0.015425774070442877,-0.015545989199977985,-0.015545989199977985,348.24859802246095,,365.59974987581586,363.6374806433091,-3.190002441406193,6.66998291015625,55.37366620856607,65.97278310099448,85.86702606128182,9.15928671941079,9.114249358281642,0.438732187380224,6.336460944362045,5.245407497899893,365.6844970703125,383.9129957868758,347.4559983537492,0.6762484223511916
TSLA,2026-09-28 04:00:00,368.05999755859375,369.4299926757813,356.79998779296875,357.45001220703125,357.45001220703125,39452900,357.45001220703125,-0.03939688189415502,-0.040193943758508294,-0.040193943758508294,347.7807983398437,,364.82358438355067,363.3948348222786,-21.449981689453125,-1.519989013671875,47.11996471804188,3.6959444305440137,53.76567420479648,9.351993072772062,8.446632232194126,0.4594317097734522,4.878550115750727,5.17203602147006,366.11949768066404,383.0127621450523,349.2262332162758,0.2434040800134148
TSLA,2026-09-29 04:00:00,358.3999938964844,358.739990234375,351.6700134277344,352.8399963378906,352.8399963378906,32492400,352.8399963378906,-0.012896952613532298,-0.01298084035156419,-0.01298084035156419,347.4461981201172,,363.682290283964,362.9809195875967,-27.279998779296875,-3.739990234375,44.85575038784527,0.0,23.222909177179492,9.946226372355392,8.935868198493381,0.4176794726224165,3.3129657206879415,4.800221961313636,365.363996887207,383.23573328419377,347.49226049022025,0.1496143331817502
TSLA,2026-09-30 04:00:00,352.1099853515625,355.2200012207031,345.8800048828125,354.80999755859375,354.80999755859375,39235800,354.80999755859375,0.005583270720864064,0.005567742038637488,0.005567742038637488,346.96379821777344,,362.8373100244049,362.66049127273385,-23.1300048828125,-3.269989013671875,46.04881059307169,7.221412422489487,3.6391189510111617,10.365253355075563,9.010061523687254,0.40222800299091954,2.2057647595901244,4.281330520968934,365.2999969482422,383.3201199956167,347.2798739008677,0.20893652162999998
TSLA,2026-10-01 04:00:00,356.80999755859375,359.7900085449219,353.79998779296875,354.1099853515625,354.1099853515625,31080800,354.1099853515625,-0.0019729213152052116,-0.001974870088068745,-0.001974870088068745,346.5657977294922,,362.006136246039,362.3251773150409,-18.0,-12.090026855468807,45.67069589526741,4.6553851557929145,3.958932526094129,11.263889311354024,9.172369634476084,0.4021383724013182,1.257321269170916,3.676528670609331,365.1549957275391,383.49973499649127,346.8102564585869,0.19895973406747045
TSLA,2026-10-02 04:00:00,360.0799865722656,374.6000061035156,359.4100036621094,370.5899963378906,370.5899963378906,55242800,370.5899963378906,0.04653924393000852,0.04548876237281355,0.04548876237281355,347.5837976074219,,362.8236467309772,362.6492878649566,13.139984130859375,6.32000732421875,55.032159278207814,65.06598531621157,25.647594298164652,11.284381333958835,8.887032334421436,0.38994493777502887,1.814555065966431,3.304133949680751,364.8659957885742,382.64006045741706,347.0919311197313,0.6610211467090683
